Date,Product_ID,Store_ID,Units_Sold,Revenue,Promotion,Holiday
2022-01-01,P101,S1,129,3870,1,0
2022-01-01,P101,S2,119,4760,0,0
2022-01-01,P101,S3,126,5418,0,0
2022-01-01,P102,S1,137,5480,1,0
2022-01-01,P102,S2,114,5358,0,0
2022-01-01,P102,S3,130,4030,0,0
2022-01-01,P103,S1,85,3995,1,0
2022-01-01,P103,S2,131,4454,0,0
2022-01-01,P103,S3,112,4704,1,0
2022-01-01,P104,S1,130,5720,0,0
2022-01-01,P104,S2,104,2704,0,0
2022-01-01,P104,S3,127,5588,1,0
2022-01-01,P105,S1,112,4480,0,0
2022-01-01,P105,S2,136,6392,0,0
2022-01-01,P105,S3,121,4114,0,0
2022-01-02,P101,S1,106,3816,0,1
2022-01-02,P101,S2,103,2575,0,1
2022-01-02,P101,S3,138,3174,0,1
2022-01-02,P102,S1,133,3591,0,1
2022-01-02,P102,S2,124,5828,0,1
2022-01-02,P102,S3,106,3922,0,1
2022-01-02,P103,S1,98,4214,0,1
2022-01-02,P103,S2,127,3556,0,1
2022-01-02,P103,S3,95,3040,0,1
2022-01-02,P104,S1,130,2860,1,1
2022-01-02,P104,S2,135,6210,0,1
2022-01-02,P104,S3,109,2834,1,1
2022-01-02,P105,S1,117,3627,0,1
2022-01-02,P105,S2,119,5117,0,1
2022-01-02,P105,S3,115,3565,0,1
2022-01-03,P101,S1,100,2400,1,0
2022-01-03,P101,S2,117,2574,1,0
2022-01-03,P101,S3,124,3224,0,0
2022-01-03,P102,S1,107,3638,0,0
2022-01-03,P102,S2,103,4017,0,0
2022-01-03,P102,S3,97,2231,1,0
2022-01-03,P103,S1,93,2790,0,0
2022-01-03,P103,S2,79,2528,0,0
2022-01-03,P103,S3,89,1869,0,0
2022-01-03,P104,S1,94,4606,0,0
2022-01-03,P104,S2,105,3255,0,0
2022-01-03,P104,S3,106,5194,0,0
2022-01-03,P105,S1,91,4004,0,0
2022-01-03,P105,S2,97,4268,1,0
2022-01-03,P105,S3,62,1488,0,0
2022-01-04,P101,S1,107,3103,0,0
2022-01-04,P101,S2,99,4257,1,0
2022-01-04,P101,S3,108,3888,0,0
2022-01-04,P102,S1,89,2314,0,0
2022-01-04,P102,S2,89,3204,0,0
2022-01-04,P102,S3,101,4242,0,0
2022-01-04,P103,S1,107,2140,0,0
2022-01-04,P103,S2,107,4815,1,0
2022-01-04,P103,S3,131,5502,0,0
2022-01-04,P104,S1,90,2250,0,0
2022-01-04,P104,S2,113,4407,1,0
2022-01-04,P104,S3,120,4200,1,0
2022-01-04,P105,S1,96,4512,0,0
2022-01-04,P105,S2,113,5311,0,0
2022-01-04,P105,S3,108,4104,1,0
2022-01-05,P101,S1,93,2418,0,0
2022-01-05,P101,S2,118,2360,0,0
2022-01-05,P101,S3,120,3600,0,0
2022-01-05,P102,S1,102,4488,0,0
2022-01-05,P102,S2,130,3380,0,0
2022-01-05,P102,S3,107,4815,1,0
2022-01-05,P103,S1,76,1520,0,0
2022-01-05,P103,S2,103,3193,0,0
2022-01-05,P103,S3,99,2772,0,0
2022-01-05,P104,S1,104,3640,1,0
2022-01-05,P104,S2,97,1940,0,0
2022-01-05,P104,S3,117,3510,1,0
2022-01-05,P105,S1,111,5439,0,0
2022-01-05,P105,S2,118,5782,1,0
2022-01-05,P105,S3,99,2178,0,0
2022-01-06,P101,S1,72,2016,0,0
2022-01-06,P101,S2,101,3535,1,0
2022-01-06,P101,S3,96,2592,1,0
2022-01-06,P102,S1,114,3534,0,0
2022-01-06,P102,S2,130,5330,0,0
2022-01-06,P102,S3,115,5290,0,0
2022-01-06,P103,S1,98,3920,0,0
2022-01-06,P103,S2,98,2352,0,0
2022-01-06,P103,S3,142,4970,0,0
2022-01-06,P104,S1,102,3672,1,0
2022-01-06,P104,S2,99,4851,1,0
2022-01-06,P104,S3,98,2744,1,0
2022-01-06,P105,S1,112,5376,0,0
2022-01-06,P105,S2,95,3800,0,0
2022-01-06,P105,S3,113,2260,0,0
2022-01-07,P101,S1,105,4305,0,0
2022-01-07,P101,S2,83,2241,0,0
2022-01-07,P101,S3,111,4662,0,0
2022-01-07,P102,S1,85,3910,0,0
2022-01-07,P102,S2,115,3220,1,0
2022-01-07,P102,S3,95,3325,0,0
2022-01-07,P103,S1,91,3367,1,0
2022-01-07,P103,S2,76,2432,0,0
2022-01-07,P103,S3,93,3534,0,0
2022-01-07,P104,S1,100,4700,0,0
2022-01-07,P104,S2,130,4940,0,0
2022-01-07,P104,S3,91,4459,0,0
2022-01-07,P105,S1,95,3705,0,0
2022-01-07,P105,S2,103,3502,0,0
2022-01-07,P105,S3,102,4080,0,0
2022-01-08,P101,S1,105,3255,0,0
2022-01-08,P101,S2,157,6594,0,0
2022-01-08,P101,S3,149,5215,1,0
2022-01-08,P102,S1,91,3276,0,0
2022-01-08,P102,S2,124,4712,0,0
2022-01-08,P102,S3,110,4950,1,0
2022-01-08,P103,S1,146,4964,0,0
2022-01-08,P103,S2,148,3996,1,0
2022-01-08,P103,S3,128,2560,1,0
2022-01-08,P104,S1,127,5207,1,0
2022-01-08,P104,S2,146,3212,0,0
2022-01-08,P104,S3,141,6204,0,0
2022-01-08,P105,S1,111,5217,0,0
2022-01-08,P105,S2,118,5310,1,0
2022-01-08,P105,S3,150,6000,0,0
2022-01-09,P101,S1,118,4956,0,1
2022-01-09,P101,S2,103,4223,0,1
2022-01-09,P101,S3,120,5400,1,1
2022-01-09,P102,S1,115,2300,0,1
2022-01-09,P102,S2,136,4760,0,1
2022-01-09,P102,S3,145,5220,1,1
2022-01-09,P103,S1,139,4309,0,1
2022-01-09,P103,S2,129,6063,0,1
2022-01-09,P103,S3,129,3999,0,1
2022-01-09,P104,S1,129,2580,0,1
2022-01-09,P104,S2,111,3441,0,1
2022-01-09,P104,S3,108,2268,0,1
2022-01-09,P105,S1,98,4410,0,1
2022-01-09,P105,S2,138,6210,0,1
2022-01-09,P105,S3,103,2678,0,1
2022-01-10,P101,S1,89,3560,0,0
2022-01-10,P101,S2,108,2484,0,0
2022-01-10,P101,S3,100,2800,0,0
2022-01-10,P102,S1,126,2898,0,0
2022-01-10,P102,S2,109,2834,0,0
2022-01-10,P102,S3,104,3224,0,0
2022-01-10,P103,S1,118,3776,1,0
2022-01-10,P103,S2,92,3312,0,0
2022-01-10,P103,S3,81,2835,0,0
2022-01-10,P104,S1,93,2139,0,0
2022-01-10,P104,S2,97,2716,1,0
2022-01-10,P104,S3,107,4173,0,0
2022-01-10,P105,S1,100,3400,0,0
2022-01-10,P105,S2,105,4095,0,0
2022-01-10,P105,S3,89,2047,1,0
2022-01-11,P101,S1,96,3840,0,0
2022-01-11,P101,S2,105,2730,1,0
2022-01-11,P101,S3,129,4386,0,0
2022-01-11,P102,S1,108,3132,1,0
2022-01-11,P102,S2,102,3366,1,0
2022-01-11,P102,S3,102,2958,0,0
2022-01-11,P103,S1,78,2106,0,0
2022-01-11,P103,S2,103,2060,1,0
2022-01-11,P103,S3,106,3392,1,0
2022-01-11,P104,S1,99,2475,1,0
2022-01-11,P104,S2,66,1716,0,0
2022-01-11,P104,S3,96,4320,0,0
2022-01-11,P105,S1,78,2886,0,0
2022-01-11,P105,S2,95,4275,1,0
2022-01-11,P105,S3,111,2886,1,0
2022-01-12,P101,S1,110,3520,0,0
2022-01-12,P101,S2,93,4092,1,0
2022-01-12,P101,S3,65,1625,0,0
2022-01-12,P102,S1,73,2555,0,0
2022-01-12,P102,S2,110,3300,1,0
2022-01-12,P102,S3,114,5016,0,0
2022-01-12,P103,S1,86,2408,0,0
2022-01-12,P103,S2,88,3696,0,0
2022-01-12,P103,S3,124,3844,1,0
2022-01-12,P104,S1,99,4257,0,0
2022-01-12,P104,S2,92,2484,0,0
2022-01-12,P104,S3,83,3901,0,0
2022-01-12,P105,S1,125,5875,0,0
2022-01-12,P105,S2,97,3492,0,0
2022-01-12,P105,S3,77,3080,1,0
2022-01-13,P101,S1,88,2904,0,0
2022-01-13,P101,S2,109,2725,1,0
2022-01-13,P101,S3,113,2373,0,0
2022-01-13,P102,S1,124,6076,1,0
2022-01-13,P102,S2,119,4046,0,0
2022-01-13,P102,S3,94,3760,1,0
2022-01-13,P103,S1,119,4284,1,0
2022-01-13,P103,S2,96,2016,0,0
2022-01-13,P103,S3,105,2520,1,0
2022-01-13,P104,S1,94,2350,1,0
2022-01-13,P104,S2,125,3625,1,0
2022-01-13,P104,S3,111,3996,0,0
2022-01-13,P105,S1,92,2944,0,0
2022-01-13,P105,S2,90,4410,1,0
2022-01-13,P105,S3,49,1078,0,0
2022-01-14,P101,S1,97,3007,1,0
2022-01-14,P101,S2,108,3672,0,0
2022-01-14,P101,S3,122,2928,0,0
2022-01-14,P102,S1,87,2175,0,0
2022-01-14,P102,S2,112,2352,0,0
2022-01-14,P102,S3,76,3496,0,0
2022-01-14,P103,S1,123,2583,0,0
2022-01-14,P103,S2,124,5828,0,0
2022-01-14,P103,S3,103,2987,1,0
2022-01-14,P104,S1,101,4747,0,0
2022-01-14,P104,S2,113,2712,1,0
2022-01-14,P104,S3,70,2100,0,0
2022-01-14,P105,S1,100,3000,0,0
2022-01-14,P105,S2,85,3655,0,0
2022-01-14,P105,S3,109,2398,0,0
2022-01-15,P101,S1,123,4674,0,0
2022-01-15,P101,S2,127,3048,0,0
2022-01-15,P101,S3,118,2950,0,0
2022-01-15,P102,S1,120,3360,0,0
2022-01-15,P102,S2,103,4635,1,0
2022-01-15,P102,S3,104,4576,0,0
2022-01-15,P103,S1,103,3605,0,0
2022-01-15,P103,S2,122,5490,1,0
2022-01-15,P103,S3,124,4836,0,0
2022-01-15,P104,S1,110,4730,0,0
2022-01-15,P104,S2,99,4257,1,0
2022-01-15,P104,S3,142,6390,0,0
2022-01-15,P105,S1,134,4556,1,0
2022-01-15,P105,S2,107,3210,0,0
2022-01-15,P105,S3,120,2640,0,0
2022-01-16,P101,S1,107,4708,1,1
2022-01-16,P101,S2,125,4500,0,1
2022-01-16,P101,S3,102,4590,0,1
2022-01-16,P102,S1,111,4884,0,1
2022-01-16,P102,S2,104,2288,0,1
2022-01-16,P102,S3,160,6560,0,1
2022-01-16,P103,S1,112,3024,0,1
2022-01-16,P103,S2,91,2184,0,1
2022-01-16,P103,S3,138,6210,0,1
2022-01-16,P104,S1,121,3025,0,1
2022-01-16,P104,S2,97,1940,0,1
2022-01-16,P104,S3,112,3920,0,1
2022-01-16,P105,S1,103,3090,0,1
2022-01-16,P105,S2,133,4522,1,1
2022-01-16,P105,S3,124,4464,0,1
2022-01-17,P101,S1,114,2394,0,0
2022-01-17,P101,S2,110,2970,0,0
2022-01-17,P101,S3,95,4275,0,0
2022-01-17,P102,S1,109,4142,0,0
2022-01-17,P102,S2,105,2100,0,0
2022-01-17,P102,S3,127,3175,0,0
2022-01-17,P103,S1,101,3030,0,0
2022-01-17,P103,S2,83,2075,0,0
2022-01-17,P103,S3,92,2208,0,0
2022-01-17,P104,S1,113,3164,0,0
2022-01-17,P104,S2,64,3136,0,0
2022-01-17,P104,S3,90,2160,1,0
2022-01-17,P105,S1,104,3224,0,0
2022-01-17,P105,S2,103,2060,1,0
2022-01-17,P105,S3,119,3213,1,0
2022-01-18,P101,S1,105,2520,0,0
2022-01-18,P101,S2,97,2328,0,0
2022-01-18,P101,S3,97,3201,0,0
2022-01-18,P102,S1,115,5060,0,0
2022-01-18,P102,S2,97,2619,0,0
2022-01-18,P102,S3,91,2275,0,0
2022-01-18,P103,S1,68,2312,0,0
2022-01-18,P103,S2,83,1743,0,0
2022-01-18,P103,S3,77,2079,0,0
2022-01-18,P104,S1,67,1474,0,0
2022-01-18,P104,S2,123,3321,0,0
2022-01-18,P104,S3,127,5842,1,0
2022-01-18,P105,S1,101,2525,1,0
2022-01-18,P105,S2,116,2320,0,0
2022-01-18,P105,S3,112,4592,1,0
2022-01-19,P101,S1,126,5166,1,0
2022-01-19,P101,S2,101,3434,1,0
2022-01-19,P101,S3,97,4656,0,0
2022-01-19,P102,S1,87,4176,0,0
2022-01-19,P102,S2,116,4408,0,0
2022-01-19,P102,S3,116,2668,1,0
2022-01-19,P103,S1,119,5831,1,0
2022-01-19,P103,S2,107,2675,0,0
2022-01-19,P103,S3,76,2280,0,0
2022-01-19,P104,S1,92,2944,0,0
2022-01-19,P104,S2,97,2619,1,0
2022-01-19,P104,S3,95,2945,0,0
2022-01-19,P105,S1,92,2576,0,0
2022-01-19,P105,S2,121,5808,0,0
2022-01-19,P105,S3,97,4365,1,0
2022-01-20,P101,S1,94,3854,1,0
2022-01-20,P101,S2,83,3154,0,0
2022-01-20,P101,S3,85,3400,0,0
2022-01-20,P102,S1,90,3960,0,0
2022-01-20,P102,S2,111,3108,0,0
2022-01-20,P102,S3,117,2925,0,0
2022-01-20,P103,S1,98,3626,0,0
2022-01-20,P103,S2,104,4784,0,0
2022-01-20,P103,S3,113,4294,0,0
2022-01-20,P104,S1,84,3360,1,0
2022-01-20,P104,S2,106,3816,1,0
2022-01-20,P104,S3,88,3256,0,0
2022-01-20,P105,S1,91,2366,1,0
2022-01-20,P105,S2,136,5576,0,0
2022-01-20,P105,S3,77,3696,0,0
2022-01-21,P101,S1,86,4214,1,0
2022-01-21,P101,S2,85,3910,1,0
2022-01-21,P101,S3,95,3420,0,0
2022-01-21,P102,S1,70,3430,1,0
2022-01-21,P102,S2,77,2926,0,0
2022-01-21,P102,S3,112,2352,0,0
2022-01-21,P103,S1,93,3534,0,0
2022-01-21,P103,S2,48,960,0,0
2022-01-21,P103,S3,103,2987,0,0
2022-01-21,P104,S1,99,3267,0,0
2022-01-21,P104,S2,120,2640,0,0
2022-01-21,P104,S3,69,3174,0,0
2022-01-21,P105,S1,76,1824,0,0
2022-01-21,P105,S2,117,2340,0,0
2022-01-21,P105,S3,114,4902,1,0
2022-01-22,P101,S1,131,5633,1,0
2022-01-22,P101,S2,117,4914,1,0
2022-01-22,P101,S3,106,2756,0,0
2022-01-22,P102,S1,132,4620,0,0
2022-01-22,P102,S2,129,2967,0,0
2022-01-22,P102,S3,129,3096,0,0
2022-01-22,P103,S1,125,3625,1,0
2022-01-22,P103,S2,117,4563,0,0
2022-01-22,P103,S3,120,3000,1,0
2022-01-22,P104,S1,136,2992,1,0
2022-01-22,P104,S2,116,4756,1,0
2022-01-22,P104,S3,124,5704,1,0
2022-01-22,P105,S1,107,3852,0,0
2022-01-22,P105,S2,147,3087,0,0
2022-01-22,P105,S3,123,3198,0,0
2022-01-23,P101,S1,106,4770,0,1
2022-01-23,P101,S2,149,4768,0,1
2022-01-23,P101,S3,136,5440,1,1
2022-01-23,P102,S1,130,3640,0,1
2022-01-23,P102,S2,152,6840,1,1
2022-01-23,P102,S3,132,5280,0,1
2022-01-23,P103,S1,125,3875,0,1
2022-01-23,P103,S2,136,5440,0,1
2022-01-23,P103,S3,119,5593,1,1
2022-01-23,P104,S1,134,4422,0,1
2022-01-23,P104,S2,129,4902,0,1
2022-01-23,P104,S3,111,4218,0,1
2022-01-23,P105,S1,99,2277,1,1
2022-01-23,P105,S2,110,2860,0,1
2022-01-23,P105,S3,120,5160,1,1
2022-01-24,P101,S1,110,2640,0,0
2022-01-24,P101,S2,106,4028,0,0
2022-01-24,P101,S3,76,2280,1,0
2022-01-24,P102,S1,94,2632,0,0
2022-01-24,P102,S2,136,4896,0,0
2022-01-24,P102,S3,113,4972,0,0
2022-01-24,P103,S1,126,2772,0,0
2022-01-24,P103,S2,116,4176,0,0
2022-01-24,P103,S3,93,2697,0,0
2022-01-24,P104,S1,88,3080,1,0
2022-01-24,P104,S2,102,2754,0,0
2022-01-24,P104,S3,114,3990,1,0
2022-01-24,P105,S1,115,5060,1,0
2022-01-24,P105,S2,122,3416,1,0
2022-01-24,P105,S3,117,3978,0,0
2022-01-25,P101,S1,83,2158,0,0
2022-01-25,P101,S2,141,5640,1,0
2022-01-25,P101,S3,99,4554,1,0
2022-01-25,P102,S1,99,3663,1,0
2022-01-25,P102,S2,100,4600,1,0
2022-01-25,P102,S3,92,3312,0,0
2022-01-25,P103,S1,115,3680,0,0
2022-01-25,P103,S2,71,1704,0,0
2022-01-25,P103,S3,70,1820,0,0
2022-01-25,P104,S1,82,2952,0,0
2022-01-25,P104,S2,120,2400,1,0
2022-01-25,P104,S3,114,3306,1,0
2022-01-25,P105,S1,85,1785,0,0
2022-01-25,P105,S2,66,2772,0,0
2022-01-25,P105,S3,111,5106,1,0
2022-01-26,P101,S1,99,3861,0,0
2022-01-26,P101,S2,140,4340,1,0
2022-01-26,P101,S3,92,2668,0,0
2022-01-26,P102,S1,106,2120,0,0
2022-01-26,P102,S2,70,1540,0,0
2022-01-26,P102,S3,113,4181,0,0
2022-01-26,P103,S1,95,4180,0,0
2022-01-26,P103,S2,98,2254,0,0
2022-01-26,P103,S3,88,3960,1,0
2022-01-26,P104,S1,110,2860,1,0
2022-01-26,P104,S2,79,2607,0,0
2022-01-26,P104,S3,100,2700,1,0
2022-01-26,P105,S1,102,4182,0,0
2022-01-26,P105,S2,78,1638,0,0
2022-01-26,P105,S3,103,2884,0,0
2022-01-27,P101,S1,92,2208,0,0
2022-01-27,P101,S2,119,4998,1,0
2022-01-27,P101,S3,96,3552,0,0
2022-01-27,P102,S1,84,3024,0,0
2022-01-27,P102,S2,93,3999,1,0
2022-01-27,P102,S3,111,4884,0,0
2022-01-27,P103,S1,89,2492,0,0
2022-01-27,P103,S2,104,4784,0,0
2022-01-27,P103,S3,106,2862,1,0
2022-01-27,P104,S1,107,3210,0,0
2022-01-27,P104,S2,75,2025,0,0
2022-01-27,P104,S3,83,2905,0,0
2022-01-27,P105,S1,94,3384,0,0
2022-01-27,P105,S2,105,3360,0,0
2022-01-27,P105,S3,120,5160,0,0
2022-01-28,P101,S1,107,2889,0,0
2022-01-28,P101,S2,110,4180,1,0
2022-01-28,P101,S3,96,4512,1,0
2022-01-28,P102,S1,108,3240,0,0
2022-01-28,P102,S2,112,4480,0,0
2022-01-28,P102,S3,122,3172,1,0
2022-01-28,P103,S1,111,3552,1,0
2022-01-28,P103,S2,96,4704,1,0
2022-01-28,P103,S3,89,3293,1,0
2022-01-28,P104,S1,102,2652,0,0
2022-01-28,P104,S2,121,3872,0,0
2022-01-28,P104,S3,102,2142,0,0
2022-01-28,P105,S1,103,4429,1,0
2022-01-28,P105,S2,96,2496,0,0
2022-01-28,P105,S3,91,1911,0,0
2022-01-29,P101,S1,131,6288,1,0
2022-01-29,P101,S2,124,4836,0,0
2022-01-29,P101,S3,119,4284,1,0
2022-01-29,P102,S1,115,4140,0,0
2022-01-29,P102,S2,139,6394,1,0
2022-01-29,P102,S3,99,3267,1,0
2022-01-29,P103,S1,127,3302,0,0
2022-01-29,P103,S2,114,2280,0,0
2022-01-29,P103,S3,145,6525,0,0
2022-01-29,P104,S1,121,2541,0,0
2022-01-29,P104,S2,103,4326,1,0
2022-01-29,P104,S3,119,3570,0,0
2022-01-29,P105,S1,125,5125,0,0
2022-01-29,P105,S2,113,2486,1,0
2022-01-29,P105,S3,118,4720,1,0
2022-01-30,P101,S1,104,2496,0,1
2022-01-30,P101,S2,99,2178,0,1
2022-01-30,P101,S3,111,4995,1,1
2022-01-30,P102,S1,111,3996,0,1
2022-01-30,P102,S2,111,3441,0,1
2022-01-30,P102,S3,159,7473,0,1
2022-01-30,P103,S1,97,3492,0,1
2022-01-30,P103,S2,119,4403,1,1
2022-01-30,P103,S3,104,2288,1,1
2022-01-30,P104,S1,129,5805,0,1
2022-01-30,P104,S2,118,3894,0,1
2022-01-30,P104,S3,100,2800,0,1
2022-01-30,P105,S1,131,5764,0,1
2022-01-30,P105,S2,102,2142,1,1
2022-01-30,P105,S3,139,4170,1,1
2022-01-31,P101,S1,100,4900,0,0
2022-01-31,P101,S2,84,2772,1,0
2022-01-31,P101,S3,115,5060,1,0
2022-01-31,P102,S1,121,3025,1,0
2022-01-31,P102,S2,116,3248,0,0
2022-01-31,P102,S3,114,5016,0,0
2022-01-31,P103,S1,101,4747,1,0
2022-01-31,P103,S2,96,2784,1,0
2022-01-31,P103,S3,117,5733,0,0
2022-01-31,P104,S1,103,4017,0,0
2022-01-31,P104,S2,111,3774,0,0
2022-01-31,P104,S3,87,3654,0,0
2022-01-31,P105,S1,105,2940,0,0
2022-01-31,P105,S2,115,3220,1,0
2022-01-31,P105,S3,107,5243,1,0
2022-02-01,P101,S1,114,3876,1,0
2022-02-01,P101,S2,123,5535,0,0
2022-02-01,P101,S3,106,2968,0,0
2022-02-01,P102,S1,129,3999,0,0
2022-02-01,P102,S2,97,3104,0,0
2022-02-01,P102,S3,80,2640,0,0
2022-02-01,P103,S1,119,3213,1,0
2022-02-01,P103,S2,95,2945,0,0
2022-02-01,P103,S3,102,3774,0,0
2022-02-01,P104,S1,111,5106,0,0
2022-02-01,P104,S2,74,2146,0,0
2022-02-01,P104,S3,97,3298,0,0
2022-02-01,P105,S1,82,2542,0,0
2022-02-01,P105,S2,102,4386,0,0
2022-02-01,P105,S3,111,2553,1,0
2022-02-02,P101,S1,104,3848,1,0
2022-02-02,P101,S2,127,3556,0,0
2022-02-02,P101,S3,102,2142,0,0
2022-02-02,P102,S1,130,2990,0,0
2022-02-02,P102,S2,113,4633,0,0
2022-02-02,P102,S3,80,1760,0,0
2022-02-02,P103,S1,124,2728,1,0
2022-02-02,P103,S2,115,2645,1,0
2022-02-02,P103,S3,95,3135,0,0
2022-02-02,P104,S1,93,2232,1,0
2022-02-02,P104,S2,79,3713,0,0
2022-02-02,P104,S3,103,3399,0,0
2022-02-02,P105,S1,121,3025,0,0
2022-02-02,P105,S2,77,3388,1,0
2022-02-02,P105,S3,116,2320,1,0
2022-02-03,P101,S1,85,3655,0,0
2022-02-03,P101,S2,92,2668,0,0
2022-02-03,P101,S3,92,3036,0,0
2022-02-03,P102,S1,133,3724,0,0
2022-02-03,P102,S2,95,3705,0,0
2022-02-03,P102,S3,84,2520,1,0
2022-02-03,P103,S1,81,1944,0,0
2022-02-03,P103,S2,114,4902,0,0
2022-02-03,P103,S3,118,4012,0,0
2022-02-03,P104,S1,96,3168,0,0
2022-02-03,P104,S2,104,2496,1,0
2022-02-03,P104,S3,114,2736,0,0
2022-02-03,P105,S1,102,3876,0,0
2022-02-03,P105,S2,106,4664,0,0
2022-02-03,P105,S3,110,4730,0,0
2022-02-04,P101,S1,135,5265,0,0
2022-02-04,P101,S2,101,4949,0,0
2022-02-04,P101,S3,89,3738,0,0
2022-02-04,P102,S1,113,4520,0,0
2022-02-04,P102,S2,94,2256,1,0
2022-02-04,P102,S3,132,4488,0,0
2022-02-04,P103,S1,103,3708,1,0
2022-02-04,P103,S2,134,4556,0,0
2022-02-04,P103,S3,120,4560,1,0
2022-02-04,P104,S1,121,3993,0,0
2022-02-04,P104,S2,92,4324,0,0
2022-02-04,P104,S3,108,2700,0,0
2022-02-04,P105,S1,98,2744,0,0
2022-02-04,P105,S2,107,2247,0,0
2022-02-04,P105,S3,121,3025,1,0
2022-02-05,P101,S1,105,3360,1,0
2022-02-05,P101,S2,143,6149,0,0
2022-02-05,P101,S3,120,3120,0,0
2022-02-05,P102,S1,107,2782,0,0
2022-02-05,P102,S2,102,3876,0,0
2022-02-05,P102,S3,100,3600,0,0
2022-02-05,P103,S1,119,2975,0,0
2022-02-05,P103,S2,148,4292,1,0
2022-02-05,P103,S3,139,3892,0,0
2022-02-05,P104,S1,124,3100,1,0
2022-02-05,P104,S2,140,6720,0,0
2022-02-05,P104,S3,103,2472,0,0
2022-02-05,P105,S1,99,2277,0,0
2022-02-05,P105,S2,134,4958,1,0
2022-02-05,P105,S3,132,3960,0,0
2022-02-06,P101,S1,135,5940,0,1
2022-02-06,P101,S2,128,4864,0,1
2022-02-06,P101,S3,121,2541,0,1
2022-02-06,P102,S1,132,3036,0,1
2022-02-06,P102,S2,109,3706,0,1
2022-02-06,P102,S3,107,2889,0,1
2022-02-06,P103,S1,146,5256,1,1
2022-02-06,P103,S2,135,6075,0,1
2022-02-06,P103,S3,132,3828,1,1
2022-02-06,P104,S1,109,2834,0,1
2022-02-06,P104,S2,115,4945,1,1
2022-02-06,P104,S3,131,3013,0,1
2022-02-06,P105,S1,117,3744,0,1
2022-02-06,P105,S2,141,6486,0,1
2022-02-06,P105,S3,127,5969,0,1
2022-02-07,P101,S1,137,3836,0,0
2022-02-07,P101,S2,97,2813,1,0
2022-02-07,P101,S3,87,3045,0,0
2022-02-07,P102,S1,91,3913,1,0
2022-02-07,P102,S2,88,4136,0,0
2022-02-07,P102,S3,112,3248,0,0
2022-02-07,P103,S1,114,4218,0,0
2022-02-07,P103,S2,111,2220,0,0
2022-02-07,P103,S3,98,3528,0,0
2022-02-07,P104,S1,88,2288,0,0
2022-02-07,P104,S2,92,2668,0,0
2022-02-07,P104,S3,95,4180,1,0
2022-02-07,P105,S1,106,2332,0,0
2022-02-07,P105,S2,94,4512,1,0
2022-02-07,P105,S3,132,4752,0,0
2022-02-08,P101,S1,119,2737,1,0
2022-02-08,P101,S2,96,2784,1,0
2022-02-08,P101,S3,92,2208,1,0
2022-02-08,P102,S1,117,2574,0,0
2022-02-08,P102,S2,82,2132,0,0
2022-02-08,P102,S3,85,3060,1,0
2022-02-08,P103,S1,96,3840,0,0
2022-02-08,P103,S2,107,2889,0,0
2022-02-08,P103,S3,74,1628,0,0
2022-02-08,P104,S1,109,2289,1,0
2022-02-08,P104,S2,114,2394,0,0
2022-02-08,P104,S3,133,5187,0,0
2022-02-08,P105,S1,112,3584,0,0
2022-02-08,P105,S2,105,3570,0,0
2022-02-08,P105,S3,90,3960,1,0
2022-02-09,P101,S1,105,3255,0,0
2022-02-09,P101,S2,120,4200,0,0
2022-02-09,P101,S3,113,4746,0,0
2022-02-09,P102,S1,105,4620,0,0
2022-02-09,P102,S2,115,4485,0,0
2022-02-09,P102,S3,106,2120,0,0
2022-02-09,P103,S1,99,3069,1,0
2022-02-09,P103,S2,87,1827,0,0
2022-02-09,P103,S3,90,1890,1,0
2022-02-09,P104,S1,76,2964,0,0
2022-02-09,P104,S2,111,4995,0,0
2022-02-09,P104,S3,116,3480,0,0
2022-02-09,P105,S1,104,4888,1,0
2022-02-09,P105,S2,105,2310,0,0
2022-02-09,P105,S3,102,2958,1,0
2022-02-10,P101,S1,112,4368,1,0
2022-02-10,P101,S2,112,3808,0,0
2022-02-10,P101,S3,112,4144,1,0
2022-02-10,P102,S1,90,3330,0,0
2022-02-10,P102,S2,100,4100,0,0
2022-02-10,P102,S3,106,3498,0,0
2022-02-10,P103,S1,108,2700,0,0
2022-02-10,P103,S2,102,4080,0,0
2022-02-10,P103,S3,118,4012,1,0
2022-02-10,P104,S1,53,2491,1,0
2022-02-10,P104,S2,107,3531,1,0
2022-02-10,P104,S3,89,4272,0,0
2022-02-10,P105,S1,85,4165,0,0
2022-02-10,P105,S2,112,4704,0,0
2022-02-10,P105,S3,93,2790,1,0
2022-02-11,P101,S1,103,4429,0,0
2022-02-11,P101,S2,85,3400,0,0
2022-02-11,P101,S3,100,4900,0,0
2022-02-11,P102,S1,112,2240,0,0
2022-02-11,P102,S2,90,2340,0,0
2022-02-11,P102,S3,93,4464,0,0
2022-02-11,P103,S1,93,4371,1,0
2022-02-11,P103,S2,117,5733,0,0
2022-02-11,P103,S3,114,2508,0,0
2022-02-11,P104,S1,122,2928,0,0
2022-02-11,P104,S2,99,2376,0,0
2022-02-11,P104,S3,95,3895,1,0
2022-02-11,P105,S1,65,2600,1,0
2022-02-11,P105,S2,105,2100,0,0
2022-02-11,P105,S3,87,3915,0,0
2022-02-12,P101,S1,123,2706,0,0
2022-02-12,P101,S2,132,3960,0,0
2022-02-12,P101,S3,106,4134,0,0
2022-02-12,P102,S1,123,4551,0,0
2022-02-12,P102,S2,103,2575,0,0
2022-02-12,P102,S3,99,2871,1,0
2022-02-12,P103,S1,141,6627,0,0
2022-02-12,P103,S2,107,2140,1,0
2022-02-12,P103,S3,156,3276,0,0
2022-02-12,P104,S1,114,4674,0,0
2022-02-12,P104,S2,114,4902,1,0
2022-02-12,P104,S3,126,3024,1,0
2022-02-12,P105,S1,154,4928,0,0
2022-02-12,P105,S2,126,5292,1,0
2022-02-12,P105,S3,111,3663,1,0
2022-02-13,P101,S1,143,5577,1,1
2022-02-13,P101,S2,108,3240,0,1
2022-02-13,P101,S3,132,3168,0,1
2022-02-13,P102,S1,112,2800,0,1
2022-02-13,P102,S2,137,4795,1,1
2022-02-13,P102,S3,138,6072,1,1
2022-02-13,P103,S1,112,3808,0,1
2022-02-13,P103,S2,128,4224,0,1
2022-02-13,P103,S3,110,4840,0,1
2022-02-13,P104,S1,114,3078,0,1
2022-02-13,P104,S2,137,4384,0,1
2022-02-13,P104,S3,135,6345,0,1
2022-02-13,P105,S1,132,3828,0,1
2022-02-13,P105,S2,108,5076,0,1
2022-02-13,P105,S3,94,3478,1,1
2022-02-14,P101,S1,96,3648,1,0
2022-02-14,P101,S2,99,4257,1,0
2022-02-14,P101,S3,85,2210,1,0
2022-02-14,P102,S1,121,3388,0,0
2022-02-14,P102,S2,85,4165,1,0
2022-02-14,P102,S3,113,3051,0,0
2022-02-14,P103,S1,120,5280,1,0
2022-02-14,P103,S2,92,4416,1,0
2022-02-14,P103,S3,108,4212,1,0
2022-02-14,P104,S1,93,3162,0,0
2022-02-14,P104,S2,111,3330,1,0
2022-02-14,P104,S3,114,2280,0,0
2022-02-14,P105,S1,112,5376,0,0
2022-02-14,P105,S2,77,2387,0,0
2022-02-14,P105,S3,94,2726,0,0
2022-02-15,P101,S1,111,2997,0,0
2022-02-15,P101,S2,100,2900,0,0
2022-02-15,P101,S3,91,4004,0,0
2022-02-15,P102,S1,114,5244,0,0
2022-02-15,P102,S2,125,4375,1,0
2022-02-15,P102,S3,101,4545,1,0
2022-02-15,P103,S1,104,3224,1,0
2022-02-15,P103,S2,82,3116,1,0
2022-02-15,P103,S3,87,2175,1,0
2022-02-15,P104,S1,129,5547,0,0
2022-02-15,P104,S2,98,4410,0,0
2022-02-15,P104,S3,129,5160,0,0
2022-02-15,P105,S1,92,3036,0,0
2022-02-15,P105,S2,95,3135,1,0
2022-02-15,P105,S3,142,3408,0,0
2022-02-16,P101,S1,131,6419,0,0
2022-02-16,P101,S2,132,6468,1,0
2022-02-16,P101,S3,115,4140,0,0
2022-02-16,P102,S1,95,3610,0,0
2022-02-16,P102,S2,120,3000,0,0
2022-02-16,P102,S3,94,2162,0,0
2022-02-16,P103,S1,86,3612,1,0
2022-02-16,P103,S2,101,2020,0,0
2022-02-16,P103,S3,111,5106,1,0
2022-02-16,P104,S1,83,3652,1,0
2022-02-16,P104,S2,88,2024,0,0
2022-02-16,P104,S3,131,4454,0,0
2022-02-16,P105,S1,121,3630,1,0
2022-02-16,P105,S2,99,4455,0,0
2022-02-16,P105,S3,96,3552,0,0
2022-02-17,P101,S1,87,2610,0,0
2022-02-17,P101,S2,96,3456,1,0
2022-02-17,P101,S3,115,4370,1,0
2022-02-17,P102,S1,97,3686,0,0
2022-02-17,P102,S2,80,1920,0,0
2022-02-17,P102,S3,114,2622,0,0
2022-02-17,P103,S1,102,2346,0,0
2022-02-17,P103,S2,99,3861,0,0
2022-02-17,P103,S3,89,2047,0,0
2022-02-17,P104,S1,117,3393,0,0
2022-02-17,P104,S2,93,3813,0,0
2022-02-17,P104,S3,96,2688,0,0
2022-02-17,P105,S1,114,4902,0,0
2022-02-17,P105,S2,119,4760,0,0
2022-02-17,P105,S3,134,2680,1,0
2022-02-18,P101,S1,101,4343,0,0
2022-02-18,P101,S2,100,4300,0,0
2022-02-18,P101,S3,80,3520,0,0
2022-02-18,P102,S1,96,3840,0,0
2022-02-18,P102,S2,87,3741,0,0
2022-02-18,P102,S3,112,4256,1,0
2022-02-18,P103,S1,79,2212,0,0
2022-02-18,P103,S2,121,4840,0,0
2022-02-18,P103,S3,113,4746,0,0
2022-02-18,P104,S1,97,4171,0,0
2022-02-18,P104,S2,110,3080,1,0
2022-02-18,P104,S3,114,4104,0,0
2022-02-18,P105,S1,102,2040,0,0
2022-02-18,P105,S2,91,2184,1,0
2022-02-18,P105,S3,110,2310,1,0
2022-02-19,P101,S1,137,5206,0,0
2022-02-19,P101,S2,113,3051,0,0
2022-02-19,P101,S3,125,5750,0,0
2022-02-19,P102,S1,114,4446,0,0
2022-02-19,P102,S2,112,2576,1,0
2022-02-19,P102,S3,102,4080,0,0
2022-02-19,P103,S1,125,4875,1,0
2022-02-19,P103,S2,119,5355,1,0
2022-02-19,P103,S3,100,3600,0,0
2022-02-19,P104,S1,123,3321,0,0
2022-02-19,P104,S2,112,3248,0,0
2022-02-19,P104,S3,128,5632,0,0
2022-02-19,P105,S1,112,3360,1,0
2022-02-19,P105,S2,96,4512,1,0
2022-02-19,P105,S3,127,3048,0,0
2022-02-20,P101,S1,117,4095,1,1
2022-02-20,P101,S2,143,5291,0,1
2022-02-20,P101,S3,138,3588,0,1
2022-02-20,P102,S1,133,4256,1,1
2022-02-20,P102,S2,118,3186,1,1
2022-02-20,P102,S3,117,5499,1,1
2022-02-20,P103,S1,139,4587,0,1
2022-02-20,P103,S2,114,3192,1,1
2022-02-20,P103,S3,131,4192,1,1
2022-02-20,P104,S1,124,4960,1,1
2022-02-20,P104,S2,129,2838,0,1
2022-02-20,P104,S3,112,4928,1,1
2022-02-20,P105,S1,116,2552,0,1
2022-02-20,P105,S2,105,5040,0,1
2022-02-20,P105,S3,128,3584,0,1
2022-02-21,P101,S1,114,2394,1,0
2022-02-21,P101,S2,105,3675,1,0
2022-02-21,P101,S3,119,5117,0,0
2022-02-21,P102,S1,95,1995,0,0
2022-02-21,P102,S2,128,4352,0,0
2022-02-21,P102,S3,86,3526,1,0
2022-02-21,P103,S1,134,4154,0,0
2022-02-21,P103,S2,104,4056,1,0
2022-02-21,P103,S3,106,2226,0,0
2022-02-21,P104,S1,97,2522,0,0
2022-02-21,P104,S2,107,4173,0,0
2022-02-21,P104,S3,96,2112,0,0
2022-02-21,P105,S1,115,5060,0,0
2022-02-21,P105,S2,95,4180,0,0
2022-02-21,P105,S3,101,3333,1,0
2022-02-22,P101,S1,101,2828,1,0
2022-02-22,P101,S2,108,3456,1,0
2022-02-22,P101,S3,116,5336,0,0
2022-02-22,P102,S1,109,5014,0,0
2022-02-22,P102,S2,84,3360,0,0
2022-02-22,P102,S3,95,2090,0,0
2022-02-22,P103,S1,102,3672,0,0
2022-02-22,P103,S2,125,5375,0,0
2022-02-22,P103,S3,112,5264,0,0
2022-02-22,P104,S1,117,3042,0,0
2022-02-22,P104,S2,134,5896,0,0
2022-02-22,P104,S3,118,4012,0,0
2022-02-22,P105,S1,98,2254,0,0
2022-02-22,P105,S2,99,4851,0,0
2022-02-22,P105,S3,78,2574,0,0
2022-02-23,P101,S1,111,2442,0,0
2022-02-23,P101,S2,113,5198,1,0
2022-02-23,P101,S3,126,3402,1,0
2022-02-23,P102,S1,86,3698,0,0
2022-02-23,P102,S2,84,3528,0,0
2022-02-23,P102,S3,96,2976,0,0
2022-02-23,P103,S1,115,3795,1,0
2022-02-23,P103,S2,92,3588,0,0
2022-02-23,P103,S3,104,3224,0,0
2022-02-23,P104,S1,118,5074,1,0
2022-02-23,P104,S2,111,2997,0,0
2022-02-23,P104,S3,76,2356,0,0
2022-02-23,P105,S1,93,3162,0,0
2022-02-23,P105,S2,101,2727,1,0
2022-02-23,P105,S3,118,2950,0,0
2022-02-24,P101,S1,88,2288,0,0
2022-02-24,P101,S2,115,2645,0,0
2022-02-24,P101,S3,136,2856,0,0
2022-02-24,P102,S1,101,4646,1,0
2022-02-24,P102,S2,138,3450,1,0
2022-02-24,P102,S3,105,3885,0,0
2022-02-24,P103,S1,94,2538,0,0
2022-02-24,P103,S2,103,2987,1,0
2022-02-24,P103,S3,100,2700,0,0
2022-02-24,P104,S1,72,2520,0,0
2022-02-24,P104,S2,105,2625,1,0
2022-02-24,P104,S3,82,2952,0,0
2022-02-24,P105,S1,120,4320,0,0
2022-02-24,P105,S2,95,2755,0,0
2022-02-24,P105,S3,101,2424,0,0
2022-02-25,P101,S1,114,4104,0,0
2022-02-25,P101,S2,105,2940,0,0
2022-02-25,P101,S3,71,2130,0,0
2022-02-25,P102,S1,115,3680,0,0
2022-02-25,P102,S2,102,3162,1,0
2022-02-25,P102,S3,109,3488,0,0
2022-02-25,P103,S1,115,4025,0,0
2022-02-25,P103,S2,114,3762,0,0
2022-02-25,P103,S3,110,3520,1,0
2022-02-25,P104,S1,116,2320,0,0
2022-02-25,P104,S2,85,3145,0,0
2022-02-25,P104,S3,120,4320,0,0
2022-02-25,P105,S1,136,6120,0,0
2022-02-25,P105,S2,96,4608,0,0
2022-02-25,P105,S3,126,2646,1,0
2022-02-26,P101,S1,124,4712,1,0
2022-02-26,P101,S2,162,7128,0,0
2022-02-26,P101,S3,130,5200,1,0
2022-02-26,P102,S1,107,2675,1,0
2022-02-26,P102,S2,128,3840,0,0
2022-02-26,P102,S3,152,4864,0,0
2022-02-26,P103,S1,121,5203,0,0
2022-02-26,P103,S2,101,4747,0,0
2022-02-26,P103,S3,119,3808,0,0
2022-02-26,P104,S1,140,5600,1,0
2022-02-26,P104,S2,102,2244,0,0
2022-02-26,P104,S3,130,4030,1,0
2022-02-26,P105,S1,96,3360,0,0
2022-02-26,P105,S2,113,5198,0,0
2022-02-26,P105,S3,139,3614,0,0
2022-02-27,P101,S1,140,6580,0,1
2022-02-27,P101,S2,109,5232,0,1
2022-02-27,P101,S3,117,4329,0,1
2022-02-27,P102,S1,115,5635,0,1
2022-02-27,P102,S2,120,4320,0,1
2022-02-27,P102,S3,99,3861,0,1
2022-02-27,P103,S1,143,3575,0,1
2022-02-27,P103,S2,111,2664,0,1
2022-02-27,P103,S3,130,5590,0,1
2022-02-27,P104,S1,122,5612,0,1
2022-02-27,P104,S2,130,3900,0,1
2022-02-27,P104,S3,120,5880,0,1
2022-02-27,P105,S1,147,6615,0,1
2022-02-27,P105,S2,122,5124,0,1
2022-02-27,P105,S3,127,4699,1,1
2022-02-28,P101,S1,102,3264,1,0
2022-02-28,P101,S2,110,4510,0,0
2022-02-28,P101,S3,106,2226,0,0
2022-02-28,P102,S1,86,3440,1,0
2022-02-28,P102,S2,76,2432,0,0
2022-02-28,P102,S3,95,3420,0,0
2022-02-28,P103,S1,87,2610,0,0
2022-02-28,P103,S2,115,4370,0,0
2022-02-28,P103,S3,108,2484,0,0
2022-02-28,P104,S1,98,3528,1,0
2022-02-28,P104,S2,88,3784,0,0
2022-02-28,P104,S3,85,2040,1,0
2022-02-28,P105,S1,105,2520,0,0
2022-02-28,P105,S2,102,3876,0,0
2022-02-28,P105,S3,128,5248,0,0
2022-03-01,P101,S1,129,3999,0,0
2022-03-01,P101,S2,110,2640,1,0
2022-03-01,P101,S3,130,5070,0,0
2022-03-01,P102,S1,106,3286,0,0
2022-03-01,P102,S2,115,2875,0,0
2022-03-01,P102,S3,84,1680,0,0
2022-03-01,P103,S1,93,3906,0,0
2022-03-01,P103,S2,73,2701,1,0
2022-03-01,P103,S3,153,6120,1,0
2022-03-01,P104,S1,123,4182,0,0
2022-03-01,P104,S2,100,3200,0,0
2022-03-01,P104,S3,90,2250,0,0
2022-03-01,P105,S1,94,2256,0,0
2022-03-01,P105,S2,115,4025,1,0
2022-03-01,P105,S3,108,4428,0,0
2022-03-02,P101,S1,120,3480,0,0
2022-03-02,P101,S2,122,4880,0,0
2022-03-02,P101,S3,96,4128,0,0
2022-03-02,P102,S1,118,5782,0,0
2022-03-02,P102,S2,97,2522,0,0
2022-03-02,P102,S3,118,2714,1,0
2022-03-02,P103,S1,96,2592,1,0
2022-03-02,P103,S2,112,5264,0,0
2022-03-02,P103,S3,114,2394,0,0
2022-03-02,P104,S1,112,4704,0,0
2022-03-02,P104,S2,103,5047,0,0
2022-03-02,P104,S3,94,2820,0,0
2022-03-02,P105,S1,107,3424,0,0
2022-03-02,P105,S2,103,3296,1,0
2022-03-02,P105,S3,77,2079,0,0
2022-03-03,P101,S1,109,2289,1,0
2022-03-03,P101,S2,103,2163,1,0
2022-03-03,P101,S3,107,4601,0,0
2022-03-03,P102,S1,94,2538,0,0
2022-03-03,P102,S2,91,3913,0,0
2022-03-03,P102,S3,101,4040,1,0
2022-03-03,P103,S1,115,4140,0,0
2022-03-03,P103,S2,106,4240,0,0
2022-03-03,P103,S3,110,4840,0,0
2022-03-03,P104,S1,106,5194,0,0
2022-03-03,P104,S2,121,2783,0,0
2022-03-03,P104,S3,109,3597,0,0
2022-03-03,P105,S1,98,3234,1,0
2022-03-03,P105,S2,109,2507,0,0
2022-03-03,P105,S3,126,5292,1,0
2022-03-04,P101,S1,89,1869,0,0
2022-03-04,P101,S2,101,2121,1,0
2022-03-04,P101,S3,96,4224,0,0
2022-03-04,P102,S1,82,3690,1,0
2022-03-04,P102,S2,116,4176,0,0
2022-03-04,P102,S3,129,4773,0,0
2022-03-04,P103,S1,113,5424,1,0
2022-03-04,P103,S2,103,4532,0,0
2022-03-04,P103,S3,116,3596,0,0
2022-03-04,P104,S1,98,3626,1,0
2022-03-04,P104,S2,118,4130,1,0
2022-03-04,P104,S3,103,3914,0,0
2022-03-04,P105,S1,105,2100,1,0
2022-03-04,P105,S2,135,5940,1,0
2022-03-04,P105,S3,120,2400,0,0
2022-03-05,P101,S1,144,4320,1,0
2022-03-05,P101,S2,110,4400,0,0
2022-03-05,P101,S3,141,5358,0,0
2022-03-05,P102,S1,123,4305,0,0
2022-03-05,P102,S2,119,3332,0,0
2022-03-05,P102,S3,130,2860,0,0
2022-03-05,P103,S1,113,5311,1,0
2022-03-05,P103,S2,129,2967,1,0
2022-03-05,P103,S3,106,3710,0,0
2022-03-05,P104,S1,131,5371,0,0
2022-03-05,P104,S2,135,4320,1,0
2022-03-05,P104,S3,124,3348,0,0
2022-03-05,P105,S1,119,4403,1,0
2022-03-05,P105,S2,120,2400,1,0
2022-03-05,P105,S3,155,7285,0,0
2022-03-06,P101,S1,141,5781,0,1
2022-03-06,P101,S2,133,4123,0,1
2022-03-06,P101,S3,109,2725,0,1
2022-03-06,P102,S1,137,5617,1,1
2022-03-06,P102,S2,113,3503,0,1
2022-03-06,P102,S3,143,6149,1,1
2022-03-06,P103,S1,147,6174,1,1
2022-03-06,P103,S2,117,3978,0,1
2022-03-06,P103,S3,114,3876,1,1
2022-03-06,P104,S1,128,2688,0,1
2022-03-06,P104,S2,97,4268,1,1
2022-03-06,P104,S3,115,5175,0,1
2022-03-06,P105,S1,140,4900,0,1
2022-03-06,P105,S2,154,3542,0,1
2022-03-06,P105,S3,131,3930,1,1
2022-03-07,P101,S1,117,4914,1,0
2022-03-07,P101,S2,71,1633,1,0
2022-03-07,P101,S3,91,4368,0,0
2022-03-07,P102,S1,104,3536,0,0
2022-03-07,P102,S2,81,2511,0,0
2022-03-07,P102,S3,114,5358,1,0
2022-03-07,P103,S1,106,3816,0,0
2022-03-07,P103,S2,100,4500,1,0
2022-03-07,P103,S3,101,4646,0,0
2022-03-07,P104,S1,110,2970,1,0
2022-03-07,P104,S2,100,4700,0,0
2022-03-07,P104,S3,124,5456,1,0
2022-03-07,P105,S1,92,2576,0,0
2022-03-07,P105,S2,112,4368,0,0
2022-03-07,P105,S3,108,3240,0,0
2022-03-08,P101,S1,80,1680,0,0
2022-03-08,P101,S2,95,4560,1,0
2022-03-08,P101,S3,107,5243,1,0
2022-03-08,P102,S1,112,4144,0,0
2022-03-08,P102,S2,103,2266,0,0
2022-03-08,P102,S3,86,4128,0,0
2022-03-08,P103,S1,110,3960,1,0
2022-03-08,P103,S2,116,3712,0,0
2022-03-08,P103,S3,130,3640,0,0
2022-03-08,P104,S1,89,1958,0,0
2022-03-08,P104,S2,114,5586,0,0
2022-03-08,P104,S3,104,3120,0,0
2022-03-08,P105,S1,93,3348,1,0
2022-03-08,P105,S2,125,5000,1,0
2022-03-08,P105,S3,104,3016,0,0
2022-03-09,P101,S1,112,2576,0,0
2022-03-09,P101,S2,126,5796,1,0
2022-03-09,P101,S3,123,4551,1,0
2022-03-09,P102,S1,101,2929,1,0
2022-03-09,P102,S2,105,4935,1,0
2022-03-09,P102,S3,115,4945,1,0
2022-03-09,P103,S1,86,2322,1,0
2022-03-09,P103,S2,98,2352,0,0
2022-03-09,P103,S3,109,5232,0,0
2022-03-09,P104,S1,94,2632,0,0
2022-03-09,P104,S2,111,4662,1,0
2022-03-09,P104,S3,96,3744,0,0
2022-03-09,P105,S1,125,6125,1,0
2022-03-09,P105,S2,107,3531,0,0
2022-03-09,P105,S3,114,3648,0,0
2022-03-10,P101,S1,76,1748,1,0
2022-03-10,P101,S2,119,2380,0,0
2022-03-10,P101,S3,83,2324,0,0
2022-03-10,P102,S1,106,2120,0,0
2022-03-10,P102,S2,99,4752,0,0
2022-03-10,P102,S3,116,3480,0,0
2022-03-10,P103,S1,78,2964,0,0
2022-03-10,P103,S2,94,4418,0,0
2022-03-10,P103,S3,127,5334,0,0
2022-03-10,P104,S1,97,3298,0,0
2022-03-10,P104,S2,96,3360,0,0
2022-03-10,P104,S3,94,2444,0,0
2022-03-10,P105,S1,85,3825,1,0
2022-03-10,P105,S2,126,3024,0,0
2022-03-10,P105,S3,96,2208,0,0
2022-03-11,P101,S1,124,5456,0,0
2022-03-11,P101,S2,103,4120,1,0
2022-03-11,P101,S3,115,5060,0,0
2022-03-11,P102,S1,103,4532,1,0
2022-03-11,P102,S2,97,2522,0,0
2022-03-11,P102,S3,105,3990,0,0
2022-03-11,P103,S1,102,2346,1,0
2022-03-11,P103,S2,116,3944,0,0
2022-03-11,P103,S3,88,2816,0,0
2022-03-11,P104,S1,90,3960,0,0
2022-03-11,P104,S2,88,3344,0,0
2022-03-11,P104,S3,117,4797,0,0
2022-03-11,P105,S1,102,3570,1,0
2022-03-11,P105,S2,127,4572,0,0
2022-03-11,P105,S3,80,3360,0,0
2022-03-12,P101,S1,113,5537,0,0
2022-03-12,P101,S2,133,3990,0,0
2022-03-12,P101,S3,92,3220,0,0
2022-03-12,P102,S1,121,5324,0,0
2022-03-12,P102,S2,147,6468,0,0
2022-03-12,P102,S3,130,4680,1,0
2022-03-12,P103,S1,134,3484,0,0
2022-03-12,P103,S2,139,2780,0,0
2022-03-12,P103,S3,122,3416,0,0
2022-03-12,P104,S1,124,3968,0,0
2022-03-12,P104,S2,111,3996,1,0
2022-03-12,P104,S3,132,4092,0,0
2022-03-12,P105,S1,150,5400,0,0
2022-03-12,P105,S2,93,3162,0,0
2022-03-12,P105,S3,137,4932,0,0
2022-03-13,P101,S1,122,4758,0,1
2022-03-13,P101,S2,133,2793,0,1
2022-03-13,P101,S3,144,3312,0,1
2022-03-13,P102,S1,154,3080,1,1
2022-03-13,P102,S2,126,4788,0,1
2022-03-13,P102,S3,123,3321,0,1
2022-03-13,P103,S1,96,4704,0,1
2022-03-13,P103,S2,111,3219,1,1
2022-03-13,P103,S3,121,2783,0,1
2022-03-13,P104,S1,140,6160,1,1
2022-03-13,P104,S2,117,3042,0,1
2022-03-13,P104,S3,126,4914,0,1
2022-03-13,P105,S1,127,5969,0,1
2022-03-13,P105,S2,125,3000,0,1
2022-03-13,P105,S3,122,4392,1,1
2022-03-14,P101,S1,121,2904,0,0
2022-03-14,P101,S2,103,4738,0,0
2022-03-14,P101,S3,102,4182,0,0
2022-03-14,P102,S1,96,2016,0,0
2022-03-14,P102,S2,108,4212,0,0
2022-03-14,P102,S3,105,3570,0,0
2022-03-14,P103,S1,116,5568,0,0
2022-03-14,P103,S2,115,5520,0,0
2022-03-14,P103,S3,105,3045,0,0
2022-03-14,P104,S1,101,2525,0,0
2022-03-14,P104,S2,106,3922,1,0
2022-03-14,P104,S3,111,3108,0,0
2022-03-14,P105,S1,94,2068,0,0
2022-03-14,P105,S2,106,4664,1,0
2022-03-14,P105,S3,118,2950,1,0
2022-03-15,P101,S1,137,4110,0,0
2022-03-15,P101,S2,104,4056,0,0
2022-03-15,P101,S3,95,3705,0,0
2022-03-15,P102,S1,136,5576,1,0
2022-03-15,P102,S2,117,3978,0,0
2022-03-15,P102,S3,135,3375,0,0
2022-03-15,P103,S1,97,2231,0,0
2022-03-15,P103,S2,103,4120,1,0
2022-03-15,P103,S3,90,3690,1,0
2022-03-15,P104,S1,84,2688,0,0
2022-03-15,P104,S2,127,4572,0,0
2022-03-15,P104,S3,107,4066,1,0
2022-03-15,P105,S1,116,2668,1,0
2022-03-15,P105,S2,127,3175,1,0
2022-03-15,P105,S3,116,4176,0,0
2022-03-16,P101,S1,93,3627,1,0
2022-03-16,P101,S2,123,5412,0,0
2022-03-16,P101,S3,99,2772,0,0
2022-03-16,P102,S1,81,3078,0,0
2022-03-16,P102,S2,129,3741,1,0
2022-03-16,P102,S3,125,4000,0,0
2022-03-16,P103,S1,110,4290,0,0
2022-03-16,P103,S2,102,2040,0,0
2022-03-16,P103,S3,92,2484,0,0
2022-03-16,P104,S1,93,3441,1,0
2022-03-16,P104,S2,130,4810,0,0
2022-03-16,P104,S3,120,5040,1,0
2022-03-16,P105,S1,113,5198,0,0
2022-03-16,P105,S2,113,4859,0,0
2022-03-16,P105,S3,127,5461,1,0
2022-03-17,P101,S1,116,3132,0,0
2022-03-17,P101,S2,116,2900,1,0
2022-03-17,P101,S3,102,2652,0,0
2022-03-17,P102,S1,118,3304,0,0
2022-03-17,P102,S2,101,4646,0,0
2022-03-17,P102,S3,85,3995,1,0
2022-03-17,P103,S1,116,3132,0,0
2022-03-17,P103,S2,114,5358,0,0
2022-03-17,P103,S3,108,4428,1,0
2022-03-17,P104,S1,86,3526,0,0
2022-03-17,P104,S2,112,5376,0,0
2022-03-17,P104,S3,120,3000,0,0
2022-03-17,P105,S1,90,1800,1,0
2022-03-17,P105,S2,106,3816,0,0
2022-03-17,P105,S3,90,3600,1,0
2022-03-18,P101,S1,118,4484,0,0
2022-03-18,P101,S2,114,2736,0,0
2022-03-18,P101,S3,104,3016,0,0
2022-03-18,P102,S1,117,4680,1,0
2022-03-18,P102,S2,98,4116,1,0
2022-03-18,P102,S3,114,2622,0,0
2022-03-18,P103,S1,84,2940,1,0
2022-03-18,P103,S2,94,3760,1,0
2022-03-18,P103,S3,110,2640,0,0
2022-03-18,P104,S1,73,2628,0,0
2022-03-18,P104,S2,70,2870,0,0
2022-03-18,P104,S3,90,3060,0,0
2022-03-18,P105,S1,114,3876,0,0
2022-03-18,P105,S2,92,2944,0,0
2022-03-18,P105,S3,107,4387,0,0
2022-03-19,P101,S1,152,7448,0,0
2022-03-19,P101,S2,115,5405,0,0
2022-03-19,P101,S3,107,2247,0,0
2022-03-19,P102,S1,104,4368,0,0
2022-03-19,P102,S2,134,5092,0,0
2022-03-19,P102,S3,132,3960,0,0
2022-03-19,P103,S1,149,5066,1,0
2022-03-19,P103,S2,131,3537,1,0
2022-03-19,P103,S3,137,2740,0,0
2022-03-19,P104,S1,133,2660,0,0
2022-03-19,P104,S2,96,3360,1,0
2022-03-19,P104,S3,125,6000,0,0
2022-03-19,P105,S1,154,6622,0,0
2022-03-19,P105,S2,118,4248,0,0
2022-03-19,P105,S3,106,4770,0,0
2022-03-20,P101,S1,121,4356,1,1
2022-03-20,P101,S2,125,5750,0,1
2022-03-20,P101,S3,156,7020,0,1
2022-03-20,P102,S1,140,6160,1,1
2022-03-20,P102,S2,141,6768,1,1
2022-03-20,P102,S3,138,4830,0,1
2022-03-20,P103,S1,120,3120,0,1
2022-03-20,P103,S2,115,4370,1,1
2022-03-20,P103,S3,119,3570,0,1
2022-03-20,P104,S1,88,4312,0,1
2022-03-20,P104,S2,105,2835,1,1
2022-03-20,P104,S3,124,5828,0,1
2022-03-20,P105,S1,125,4000,1,1
2022-03-20,P105,S2,131,4454,0,1
2022-03-20,P105,S3,114,3762,0,1
2022-03-21,P101,S1,104,4784,1,0
2022-03-21,P101,S2,84,2520,0,0
2022-03-21,P101,S3,85,2550,1,0
2022-03-21,P102,S1,122,4392,0,0
2022-03-21,P102,S2,99,4653,0,0
2022-03-21,P102,S3,81,3645,1,0
2022-03-21,P103,S1,133,4256,0,0
2022-03-21,P103,S2,122,2684,0,0
2022-03-21,P103,S3,117,3627,1,0
2022-03-21,P104,S1,99,4653,0,0
2022-03-21,P104,S2,98,4410,1,0
2022-03-21,P104,S3,114,5130,1,0
2022-03-21,P105,S1,127,3048,0,0
2022-03-21,P105,S2,94,4512,1,0
2022-03-21,P105,S3,121,4961,0,0
2022-03-22,P101,S1,87,2784,0,0
2022-03-22,P101,S2,111,5439,1,0
2022-03-22,P101,S3,120,4200,0,0
2022-03-22,P102,S1,118,2478,0,0
2022-03-22,P102,S2,78,3822,1,0
2022-03-22,P102,S3,74,3626,0,0
2022-03-22,P103,S1,107,5243,0,0
2022-03-22,P103,S2,105,5145,0,0
2022-03-22,P103,S3,114,3648,0,0
2022-03-22,P104,S1,91,2366,0,0
2022-03-22,P104,S2,121,2783,0,0
2022-03-22,P104,S3,114,4788,0,0
2022-03-22,P105,S1,109,3379,0,0
2022-03-22,P105,S2,97,2619,0,0
2022-03-22,P105,S3,101,2424,0,0
2022-03-23,P101,S1,113,3729,0,0
2022-03-23,P101,S2,116,5336,0,0
2022-03-23,P101,S3,101,4848,0,0
2022-03-23,P102,S1,95,2565,0,0
2022-03-23,P102,S2,110,4510,1,0
2022-03-23,P102,S3,115,2530,1,0
2022-03-23,P103,S1,121,2662,0,0
2022-03-23,P103,S2,89,1958,0,0
2022-03-23,P103,S3,88,4048,1,0
2022-03-23,P104,S1,103,4841,0,0
2022-03-23,P104,S2,105,2310,0,0
2022-03-23,P104,S3,90,3780,1,0
2022-03-23,P105,S1,122,3660,0,0
2022-03-23,P105,S2,104,4992,0,0
2022-03-23,P105,S3,115,5060,0,0
2022-03-24,P101,S1,126,2646,1,0
2022-03-24,P101,S2,117,3510,0,0
2022-03-24,P101,S3,121,3630,1,0
2022-03-24,P102,S1,108,4536,0,0
2022-03-24,P102,S2,98,3920,1,0
2022-03-24,P102,S3,139,3197,1,0
2022-03-24,P103,S1,116,3828,0,0
2022-03-24,P103,S2,105,3150,1,0
2022-03-24,P103,S3,120,5160,1,0
2022-03-24,P104,S1,100,4000,0,0
2022-03-24,P104,S2,108,4752,0,0
2022-03-24,P104,S3,98,2842,0,0
2022-03-24,P105,S1,117,2340,0,0
2022-03-24,P105,S2,114,3534,0,0
2022-03-24,P105,S3,86,2838,0,0
2022-03-25,P101,S1,139,5421,0,0
2022-03-25,P101,S2,76,2964,1,0
2022-03-25,P101,S3,75,1650,0,0
2022-03-25,P102,S1,123,2583,1,0
2022-03-25,P102,S2,110,4950,1,0
2022-03-25,P102,S3,108,4212,0,0
2022-03-25,P103,S1,93,2511,0,0
2022-03-25,P103,S2,109,4578,1,0
2022-03-25,P103,S3,117,5733,0,0
2022-03-25,P104,S1,112,4816,0,0
2022-03-25,P104,S2,106,4240,1,0
2022-03-25,P104,S3,96,3456,0,0
2022-03-25,P105,S1,96,4032,0,0
2022-03-25,P105,S2,100,4000,1,0
2022-03-25,P105,S3,93,3348,0,0
2022-03-26,P101,S1,121,3993,0,0
2022-03-26,P101,S2,135,4995,0,0
2022-03-26,P101,S3,124,4588,0,0
2022-03-26,P102,S1,106,3074,0,0
2022-03-26,P102,S2,144,3456,1,0
2022-03-26,P102,S3,87,2349,0,0
2022-03-26,P103,S1,134,6432,0,0
2022-03-26,P103,S2,107,5029,1,0
2022-03-26,P103,S3,104,3328,0,0
2022-03-26,P104,S1,106,2544,0,0
2022-03-26,P104,S2,128,3200,1,0
2022-03-26,P104,S3,130,5590,0,0
2022-03-26,P105,S1,97,4559,0,0
2022-03-26,P105,S2,123,6027,0,0
2022-03-26,P105,S3,128,4224,0,0
2022-03-27,P101,S1,166,5146,0,1
2022-03-27,P101,S2,113,4746,1,1
2022-03-27,P101,S3,125,3625,1,1
2022-03-27,P102,S1,124,3472,0,1
2022-03-27,P102,S2,116,5104,0,1
2022-03-27,P102,S3,142,4828,0,1
2022-03-27,P103,S1,136,4624,0,1
2022-03-27,P103,S2,121,5566,0,1
2022-03-27,P103,S3,138,4416,1,1
2022-03-27,P104,S1,76,2888,0,1
2022-03-27,P104,S2,103,4532,1,1
2022-03-27,P104,S3,100,2300,0,1
2022-03-27,P105,S1,112,5488,1,1
2022-03-27,P105,S2,151,7097,0,1
2022-03-27,P105,S3,127,5207,0,1
2022-03-28,P101,S1,74,3404,0,0
2022-03-28,P101,S2,118,2950,1,0
2022-03-28,P101,S3,109,2398,0,0
2022-03-28,P102,S1,102,2142,1,0
2022-03-28,P102,S2,126,5292,0,0
2022-03-28,P102,S3,134,5896,1,0
2022-03-28,P103,S1,101,4646,1,0
2022-03-28,P103,S2,117,2808,0,0
2022-03-28,P103,S3,89,4361,0,0
2022-03-28,P104,S1,116,4524,0,0
2022-03-28,P104,S2,110,4290,0,0
2022-03-28,P104,S3,111,3996,0,0
2022-03-28,P105,S1,74,2664,0,0
2022-03-28,P105,S2,97,2619,1,0
2022-03-28,P105,S3,96,4416,0,0
2022-03-29,P101,S1,95,2280,0,0
2022-03-29,P101,S2,96,2016,1,0
2022-03-29,P101,S3,112,4032,1,0
2022-03-29,P102,S1,103,3399,1,0
2022-03-29,P102,S2,115,3680,0,0
2022-03-29,P102,S3,87,2958,1,0
2022-03-29,P103,S1,115,3335,1,0
2022-03-29,P103,S2,110,5390,0,0
2022-03-29,P103,S3,92,3588,1,0
2022-03-29,P104,S1,94,3196,0,0
2022-03-29,P104,S2,116,3712,0,0
2022-03-29,P104,S3,83,4067,0,0
2022-03-29,P105,S1,117,3510,1,0
2022-03-29,P105,S2,127,3810,0,0
2022-03-29,P105,S3,96,1920,0,0
2022-03-30,P101,S1,116,4872,1,0
2022-03-30,P101,S2,133,5453,0,0
2022-03-30,P101,S3,129,2838,0,0
2022-03-30,P102,S1,108,4644,0,0
2022-03-30,P102,S2,107,4066,0,0
2022-03-30,P102,S3,109,5014,0,0
2022-03-30,P103,S1,88,1848,0,0
2022-03-30,P103,S2,123,2952,1,0
2022-03-30,P103,S3,92,2760,0,0
2022-03-30,P104,S1,120,3840,0,0
2022-03-30,P104,S2,120,5040,0,0
2022-03-30,P104,S3,121,4598,0,0
2022-03-30,P105,S1,96,4416,1,0
2022-03-30,P105,S2,102,2958,0,0
2022-03-30,P105,S3,98,2254,0,0
2022-03-31,P101,S1,88,4048,0,0
2022-03-31,P101,S2,110,4730,0,0
2022-03-31,P101,S3,88,2816,0,0
2022-03-31,P102,S1,81,3969,0,0
2022-03-31,P102,S2,106,2968,1,0
2022-03-31,P102,S3,113,2486,0,0
2022-03-31,P103,S1,128,2816,1,0
2022-03-31,P103,S2,115,5175,1,0
2022-03-31,P103,S3,89,3738,1,0
2022-03-31,P104,S1,123,2460,0,0
2022-03-31,P104,S2,89,1869,0,0
2022-03-31,P104,S3,93,3348,1,0
2022-03-31,P105,S1,77,3080,1,0
2022-03-31,P105,S2,78,2652,1,0
2022-03-31,P105,S3,110,3630,0,0
2022-04-01,P101,S1,89,3916,0,0
2022-04-01,P101,S2,104,2600,1,0
2022-04-01,P101,S3,126,2898,0,0
2022-04-01,P102,S1,95,3800,1,0
2022-04-01,P102,S2,136,2992,0,0
2022-04-01,P102,S3,120,3480,0,0
2022-04-01,P103,S1,106,3392,0,0
2022-04-01,P103,S2,109,2616,0,0
2022-04-01,P103,S3,110,2200,0,0
2022-04-01,P104,S1,97,3686,0,0
2022-04-01,P104,S2,93,4185,1,0
2022-04-01,P104,S3,109,2943,0,0
2022-04-01,P105,S1,107,3638,0,0
2022-04-01,P105,S2,114,4446,0,0
2022-04-01,P105,S3,85,2040,0,0
2022-04-02,P101,S1,129,2580,0,0
2022-04-02,P101,S2,137,4658,1,0
2022-04-02,P101,S3,132,3300,1,0
2022-04-02,P102,S1,120,4320,0,0
2022-04-02,P102,S2,134,6030,0,0
2022-04-02,P102,S3,121,3872,1,0
2022-04-02,P103,S1,143,4719,0,0
2022-04-02,P103,S2,131,6288,0,0
2022-04-02,P103,S3,111,3996,0,0
2022-04-02,P104,S1,120,5040,0,0
2022-04-02,P104,S2,131,5895,1,0
2022-04-02,P104,S3,111,5106,0,0
2022-04-02,P105,S1,115,4255,0,0
2022-04-02,P105,S2,117,3978,0,0
2022-04-02,P105,S3,116,3480,0,0
2022-04-03,P101,S1,143,5577,0,1
2022-04-03,P101,S2,148,6660,1,1
2022-04-03,P101,S3,134,4824,1,1
2022-04-03,P102,S1,145,5365,0,1
2022-04-03,P102,S2,111,4995,0,1
2022-04-03,P102,S3,101,2424,0,1
2022-04-03,P103,S1,109,5014,0,1
2022-04-03,P103,S2,122,4270,0,1
2022-04-03,P103,S3,110,3520,1,1
2022-04-03,P104,S1,123,2706,0,1
2022-04-03,P104,S2,154,4312,0,1
2022-04-03,P104,S3,128,2688,1,1
2022-04-03,P105,S1,148,3256,0,1
2022-04-03,P105,S2,149,3725,0,1
2022-04-03,P105,S3,117,5499,0,1
2022-04-04,P101,S1,135,6615,0,0
2022-04-04,P101,S2,110,4950,0,0
2022-04-04,P101,S3,126,3906,0,0
2022-04-04,P102,S1,105,3885,0,0
2022-04-04,P102,S2,112,5040,0,0
2022-04-04,P102,S3,118,4130,1,0
2022-04-04,P103,S1,81,1782,1,0
2022-04-04,P103,S2,123,2829,0,0
2022-04-04,P103,S3,124,4712,0,0
2022-04-04,P104,S1,123,5043,0,0
2022-04-04,P104,S2,116,4756,1,0
2022-04-04,P104,S3,109,4578,0,0
2022-04-04,P105,S1,102,3774,0,0
2022-04-04,P105,S2,88,2992,0,0
2022-04-04,P105,S3,116,4872,0,0
2022-04-05,P101,S1,103,3605,0,0
2022-04-05,P101,S2,102,2958,1,0
2022-04-05,P101,S3,105,4410,1,0
2022-04-05,P102,S1,96,4224,0,0
2022-04-05,P102,S2,91,2002,0,0
2022-04-05,P102,S3,113,4520,1,0
2022-04-05,P103,S1,115,3565,0,0
2022-04-05,P103,S2,102,3774,0,0
2022-04-05,P103,S3,109,4033,1,0
2022-04-05,P104,S1,100,4600,0,0
2022-04-05,P104,S2,106,3286,0,0
2022-04-05,P104,S3,107,2461,1,0
2022-04-05,P105,S1,81,3726,0,0
2022-04-05,P105,S2,113,3051,1,0
2022-04-05,P105,S3,120,3240,0,0
2022-04-06,P101,S1,76,2432,1,0
2022-04-06,P101,S2,99,4257,0,0
2022-04-06,P101,S3,117,3159,1,0
2022-04-06,P102,S1,106,5088,0,0
2022-04-06,P102,S2,94,2256,0,0
2022-04-06,P102,S3,118,3776,1,0
2022-04-06,P103,S1,96,4608,0,0
2022-04-06,P103,S2,92,3036,0,0
2022-04-06,P103,S3,83,2656,0,0
2022-04-06,P104,S1,117,4563,0,0
2022-04-06,P104,S2,118,5192,0,0
2022-04-06,P104,S3,90,3150,0,0
2022-04-06,P105,S1,81,3321,0,0
2022-04-06,P105,S2,131,4192,0,0
2022-04-06,P105,S3,95,3895,0,0
2022-04-07,P101,S1,92,3496,0,0
2022-04-07,P101,S2,96,3744,0,0
2022-04-07,P101,S3,115,2645,0,0
2022-04-07,P102,S1,122,2928,0,0
2022-04-07,P102,S2,96,4320,0,0
2022-04-07,P102,S3,127,3937,0,0
2022-04-07,P103,S1,117,5148,0,0
2022-04-07,P103,S2,124,4712,1,0
2022-04-07,P103,S3,102,2958,0,0
2022-04-07,P104,S1,130,6110,0,0
2022-04-07,P104,S2,141,3666,1,0
2022-04-07,P104,S3,108,3240,0,0
2022-04-07,P105,S1,116,3596,0,0
2022-04-07,P105,S2,144,2880,0,0
2022-04-07,P105,S3,116,4640,1,0
2022-04-08,P101,S1,91,1911,0,0
2022-04-08,P101,S2,97,2910,1,0
2022-04-08,P101,S3,108,3240,1,0
2022-04-08,P102,S1,118,2360,0,0
2022-04-08,P102,S2,107,2996,0,0
2022-04-08,P102,S3,119,3808,0,0
2022-04-08,P103,S1,89,3471,1,0
2022-04-08,P103,S2,113,3503,0,0
2022-04-08,P103,S3,89,2759,0,0
2022-04-08,P104,S1,125,4375,0,0
2022-04-08,P104,S2,115,5405,1,0
2022-04-08,P104,S3,125,5125,0,0
2022-04-08,P105,S1,121,5324,1,0
2022-04-08,P105,S2,132,5676,0,0
2022-04-08,P105,S3,137,4521,0,0
2022-04-09,P101,S1,102,4590,0,0
2022-04-09,P101,S2,143,6149,1,0
2022-04-09,P101,S3,104,3328,0,0
2022-04-09,P102,S1,141,5217,0,0
2022-04-09,P102,S2,140,4900,0,0
2022-04-09,P102,S3,115,2645,0,0
2022-04-09,P103,S1,125,4125,1,0
2022-04-09,P103,S2,112,3920,1,0
2022-04-09,P103,S3,131,4716,1,0
2022-04-09,P104,S1,124,4216,0,0
2022-04-09,P104,S2,138,5796,1,0
2022-04-09,P104,S3,123,5658,0,0
2022-04-09,P105,S1,136,4488,0,0
2022-04-09,P105,S2,99,4158,1,0
2022-04-09,P105,S3,129,5676,0,0
2022-04-10,P101,S1,141,2961,0,1
2022-04-10,P101,S2,107,4494,0,1
2022-04-10,P101,S3,119,3689,0,1
2022-04-10,P102,S1,149,6705,0,1
2022-04-10,P102,S2,90,3510,0,1
2022-04-10,P102,S3,119,4046,0,1
2022-04-10,P103,S1,143,3003,0,1
2022-04-10,P103,S2,110,4180,0,1
2022-04-10,P103,S3,145,6815,0,1
2022-04-10,P104,S1,153,4896,0,1
2022-04-10,P104,S2,138,3588,1,1
2022-04-10,P104,S3,154,4928,1,1
2022-04-10,P105,S1,127,4064,0,1
2022-04-10,P105,S2,121,4840,1,1
2022-04-10,P105,S3,101,3030,0,1
2022-04-11,P101,S1,107,3210,0,0
2022-04-11,P101,S2,93,2604,0,0
2022-04-11,P101,S3,125,4125,0,0
2022-04-11,P102,S1,142,4118,1,0
2022-04-11,P102,S2,107,2675,0,0
2022-04-11,P102,S3,99,2475,0,0
2022-04-11,P103,S1,91,3094,0,0
2022-04-11,P103,S2,110,3300,1,0
2022-04-11,P103,S3,97,3686,1,0
2022-04-11,P104,S1,125,4125,1,0
2022-04-11,P104,S2,100,3900,0,0
2022-04-11,P104,S3,121,3630,1,0
2022-04-11,P105,S1,90,4230,1,0
2022-04-11,P105,S2,124,5208,1,0
2022-04-11,P105,S3,119,5236,0,0
2022-04-12,P101,S1,81,3321,0,0
2022-04-12,P101,S2,107,2354,0,0
2022-04-12,P101,S3,97,4753,1,0
2022-04-12,P102,S1,105,4620,0,0
2022-04-12,P102,S2,123,3567,0,0
2022-04-12,P102,S3,95,4275,0,0
2022-04-12,P103,S1,141,5922,0,0
2022-04-12,P103,S2,98,3528,0,0
2022-04-12,P103,S3,114,3306,0,0
2022-04-12,P104,S1,93,4278,0,0
2022-04-12,P104,S2,108,2160,0,0
2022-04-12,P104,S3,104,2392,0,0
2022-04-12,P105,S1,109,4905,0,0
2022-04-12,P105,S2,106,5088,0,0
2022-04-12,P105,S3,101,4848,0,0
2022-04-13,P101,S1,112,3360,0,0
2022-04-13,P101,S2,80,2640,0,0
2022-04-13,P101,S3,123,2829,0,0
2022-04-13,P102,S1,110,2860,1,0
2022-04-13,P102,S2,115,2645,0,0
2022-04-13,P102,S3,130,5330,0,0
2022-04-13,P103,S1,124,4588,0,0
2022-04-13,P103,S2,114,2964,0,0
2022-04-13,P103,S3,93,2883,0,0
2022-04-13,P104,S1,83,3403,0,0
2022-04-13,P104,S2,113,5537,0,0
2022-04-13,P104,S3,100,2800,1,0
2022-04-13,P105,S1,79,1659,0,0
2022-04-13,P105,S2,121,4840,0,0
2022-04-13,P105,S3,104,3848,0,0
2022-04-14,P101,S1,104,2496,1,0
2022-04-14,P101,S2,101,3030,1,0
2022-04-14,P101,S3,115,4255,0,0
2022-04-14,P102,S1,96,2016,1,0
2022-04-14,P102,S2,108,2700,0,0
2022-04-14,P102,S3,103,4738,1,0
2022-04-14,P103,S1,107,3531,0,0
2022-04-14,P103,S2,104,3744,0,0
2022-04-14,P103,S3,107,3424,1,0
2022-04-14,P104,S1,115,4600,0,0
2022-04-14,P104,S2,116,3364,0,0
2022-04-14,P104,S3,129,5934,0,0
2022-04-14,P105,S1,86,3268,1,0
2022-04-14,P105,S2,116,3596,0,0
2022-04-14,P105,S3,86,2752,1,0
2022-04-15,P101,S1,102,4590,0,0
2022-04-15,P101,S2,116,2668,0,0
2022-04-15,P101,S3,108,3780,0,0
2022-04-15,P102,S1,101,3535,0,0
2022-04-15,P102,S2,100,2600,0,0
2022-04-15,P102,S3,103,2575,1,0
2022-04-15,P103,S1,108,3348,0,0
2022-04-15,P103,S2,121,3630,0,0
2022-04-15,P103,S3,77,2849,0,0
2022-04-15,P104,S1,78,2808,1,0
2022-04-15,P104,S2,119,2737,0,0
2022-04-15,P104,S3,124,3720,0,0
2022-04-15,P105,S1,122,5368,0,0
2022-04-15,P105,S2,89,3827,0,0
2022-04-15,P105,S3,68,2652,0,0
2022-04-16,P101,S1,123,2829,0,0
2022-04-16,P101,S2,150,5250,0,0
2022-04-16,P101,S3,137,4384,0,0
2022-04-16,P102,S1,137,5754,0,0
2022-04-16,P102,S2,143,4862,1,0
2022-04-16,P102,S3,125,5500,0,0
2022-04-16,P103,S1,122,4636,1,0
2022-04-16,P103,S2,135,5535,1,0
2022-04-16,P103,S3,122,5246,0,0
2022-04-16,P104,S1,132,5544,0,0
2022-04-16,P104,S2,127,4826,0,0
2022-04-16,P104,S3,119,5474,0,0
2022-04-16,P105,S1,151,7097,1,0
2022-04-16,P105,S2,116,2552,0,0
2022-04-16,P105,S3,134,3350,0,0
2022-04-17,P101,S1,130,4550,0,1
2022-04-17,P101,S2,128,2816,0,1
2022-04-17,P101,S3,119,4998,0,1
2022-04-17,P102,S1,110,4620,0,1
2022-04-17,P102,S2,125,4250,0,1
2022-04-17,P102,S3,135,5940,0,1
2022-04-17,P103,S1,112,4816,1,1
2022-04-17,P103,S2,117,3159,0,1
2022-04-17,P103,S3,119,5474,0,1
2022-04-17,P104,S1,127,3556,1,1
2022-04-17,P104,S2,108,2916,0,1
2022-04-17,P104,S3,122,3904,0,1
2022-04-17,P105,S1,136,6392,0,1
2022-04-17,P105,S2,124,3472,0,1
2022-04-17,P105,S3,115,3450,0,1
2022-04-18,P101,S1,81,2025,0,0
2022-04-18,P101,S2,97,2134,0,0
2022-04-18,P101,S3,103,2266,0,0
2022-04-18,P102,S1,94,2068,1,0
2022-04-18,P102,S2,103,2369,0,0
2022-04-18,P102,S3,92,1932,1,0
2022-04-18,P103,S1,107,2247,0,0
2022-04-18,P103,S2,114,4674,1,0
2022-04-18,P103,S3,126,2520,0,0
2022-04-18,P104,S1,102,2754,0,0
2022-04-18,P104,S2,101,2121,0,0
2022-04-18,P104,S3,132,3300,0,0
2022-04-18,P105,S1,133,4655,0,0
2022-04-18,P105,S2,121,5324,0,0
2022-04-18,P105,S3,119,5593,0,0
2022-04-19,P101,S1,126,2898,0,0
2022-04-19,P101,S2,83,2324,0,0
2022-04-19,P101,S3,92,3128,0,0
2022-04-19,P102,S1,94,3666,1,0
2022-04-19,P102,S2,123,4182,0,0
2022-04-19,P102,S3,116,3712,0,0
2022-04-19,P103,S1,95,2660,1,0
2022-04-19,P103,S2,118,4130,0,0
2022-04-19,P103,S3,80,3760,1,0
2022-04-19,P104,S1,92,3588,0,0
2022-04-19,P104,S2,115,2990,1,0
2022-04-19,P104,S3,110,2860,0,0
2022-04-19,P105,S1,84,2016,1,0
2022-04-19,P105,S2,87,3828,0,0
2022-04-19,P105,S3,101,3232,0,0
2022-04-20,P101,S1,105,3360,0,0
2022-04-20,P101,S2,128,2816,0,0
2022-04-20,P101,S3,120,4440,0,0
2022-04-20,P102,S1,123,5043,0,0
2022-04-20,P102,S2,86,3268,0,0
2022-04-20,P102,S3,115,3565,1,0
2022-04-20,P103,S1,116,4872,0,0
2022-04-20,P103,S2,126,6174,0,0
2022-04-20,P103,S3,128,5632,1,0
2022-04-20,P104,S1,120,4440,0,0
2022-04-20,P104,S2,99,3861,0,0
2022-04-20,P104,S3,119,3094,1,0
2022-04-20,P105,S1,109,2289,0,0
2022-04-20,P105,S2,101,4242,0,0
2022-04-20,P105,S3,121,5203,0,0
2022-04-21,P101,S1,95,4465,1,0
2022-04-21,P101,S2,92,2300,0,0
2022-04-21,P101,S3,95,3895,0,0
2022-04-21,P102,S1,106,5194,1,0
2022-04-21,P102,S2,102,4182,1,0
2022-04-21,P102,S3,118,3304,1,0
2022-04-21,P103,S1,96,3936,0,0
2022-04-21,P103,S2,110,5060,0,0
2022-04-21,P103,S3,119,2380,0,0
2022-04-21,P104,S1,101,2525,0,0
2022-04-21,P104,S2,115,3335,0,0
2022-04-21,P104,S3,100,3700,0,0
2022-04-21,P105,S1,81,2916,0,0
2022-04-21,P105,S2,118,2832,1,0
2022-04-21,P105,S3,96,3360,0,0
2022-04-22,P101,S1,72,2592,0,0
2022-04-22,P101,S2,112,4592,1,0
2022-04-22,P101,S3,92,3128,0,0
2022-04-22,P102,S1,121,5082,0,0
2022-04-22,P102,S2,102,2244,0,0
2022-04-22,P102,S3,108,5292,1,0
2022-04-22,P103,S1,113,3616,1,0
2022-04-22,P103,S2,86,3784,0,0
2022-04-22,P103,S3,88,3256,0,0
2022-04-22,P104,S1,108,5184,0,0
2022-04-22,P104,S2,123,4059,1,0
2022-04-22,P104,S3,105,3465,1,0
2022-04-22,P105,S1,106,5194,0,0
2022-04-22,P105,S2,128,2816,1,0
2022-04-22,P105,S3,102,3774,0,0
2022-04-23,P101,S1,110,4950,0,0
2022-04-23,P101,S2,93,2139,0,0
2022-04-23,P101,S3,141,3666,1,0
2022-04-23,P102,S1,102,2448,1,0
2022-04-23,P102,S2,121,3267,0,0
2022-04-23,P102,S3,125,3625,0,0
2022-04-23,P103,S1,135,5670,1,0
2022-04-23,P103,S2,138,6348,0,0
2022-04-23,P103,S3,132,2640,1,0
2022-04-23,P104,S1,130,2990,0,0
2022-04-23,P104,S2,109,2180,1,0
2022-04-23,P104,S3,105,2940,1,0
2022-04-23,P105,S1,139,5977,0,0
2022-04-23,P105,S2,115,3680,0,0
2022-04-23,P105,S3,152,4560,0,0
2022-04-24,P101,S1,123,3567,1,1
2022-04-24,P101,S2,138,6762,1,1
2022-04-24,P101,S3,144,6480,0,1
2022-04-24,P102,S1,119,3094,1,1
2022-04-24,P102,S2,143,5863,1,1
2022-04-24,P102,S3,124,4588,0,1
2022-04-24,P103,S1,141,5640,0,1
2022-04-24,P103,S2,121,3509,0,1
2022-04-24,P103,S3,140,5320,0,1
2022-04-24,P104,S1,129,3354,0,1
2022-04-24,P104,S2,111,4884,0,1
2022-04-24,P104,S3,100,4100,1,1
2022-04-24,P105,S1,109,5341,0,1
2022-04-24,P105,S2,117,5733,0,1
2022-04-24,P105,S3,123,5166,1,1
2022-04-25,P101,S1,124,4216,1,0
2022-04-25,P101,S2,90,3690,1,0
2022-04-25,P101,S3,93,1953,1,0
2022-04-25,P102,S1,90,4320,0,0
2022-04-25,P102,S2,106,4240,1,0
2022-04-25,P102,S3,88,2728,0,0
2022-04-25,P103,S1,85,3995,1,0
2022-04-25,P103,S2,106,3074,0,0
2022-04-25,P103,S3,108,3348,0,0
2022-04-25,P104,S1,111,3663,1,0
2022-04-25,P104,S2,102,3876,1,0
2022-04-25,P104,S3,131,4847,0,0
2022-04-25,P105,S1,129,3612,0,0
2022-04-25,P105,S2,108,4428,0,0
2022-04-25,P105,S3,127,3175,0,0
2022-04-26,P101,S1,101,4242,1,0
2022-04-26,P101,S2,97,4462,0,0
2022-04-26,P101,S3,95,3230,0,0
2022-04-26,P102,S1,108,4860,0,0
2022-04-26,P102,S2,136,5712,0,0
2022-04-26,P102,S3,72,1584,0,0
2022-04-26,P103,S1,72,3024,0,0
2022-04-26,P103,S2,131,3406,1,0
2022-04-26,P103,S3,70,2590,1,0
2022-04-26,P104,S1,111,4329,0,0
2022-04-26,P104,S2,127,3302,0,0
2022-04-26,P104,S3,116,4640,0,0
2022-04-26,P105,S1,121,4356,0,0
2022-04-26,P105,S2,109,4142,0,0
2022-04-26,P105,S3,111,4773,0,0
2022-04-27,P101,S1,132,6204,0,0
2022-04-27,P101,S2,110,3630,0,0
2022-04-27,P101,S3,73,2701,1,0
2022-04-27,P102,S1,100,3400,0,0
2022-04-27,P102,S2,97,4365,0,0
2022-04-27,P102,S3,105,3045,1,0
2022-04-27,P103,S1,97,2716,0,0
2022-04-27,P103,S2,104,2808,0,0
2022-04-27,P103,S3,84,3696,0,0
2022-04-27,P104,S1,111,4884,0,0
2022-04-27,P104,S2,99,3564,0,0
2022-04-27,P104,S3,124,4340,0,0
2022-04-27,P105,S1,93,3441,1,0
2022-04-27,P105,S2,120,5160,0,0
2022-04-27,P105,S3,113,4407,1,0
2022-04-28,P101,S1,117,4329,0,0
2022-04-28,P101,S2,108,4644,0,0
2022-04-28,P101,S3,105,3150,0,0
2022-04-28,P102,S1,107,5029,0,0
2022-04-28,P102,S2,78,2964,0,0
2022-04-28,P102,S3,137,4521,1,0
2022-04-28,P103,S1,106,3922,1,0
2022-04-28,P103,S2,80,2480,1,0
2022-04-28,P103,S3,115,2530,0,0
2022-04-28,P104,S1,102,3978,1,0
2022-04-28,P104,S2,123,5043,0,0
2022-04-28,P104,S3,119,5712,1,0
2022-04-28,P105,S1,117,2340,0,0
2022-04-28,P105,S2,133,5985,0,0
2022-04-28,P105,S3,93,2418,0,0
2022-04-29,P101,S1,90,2520,0,0
2022-04-29,P101,S2,115,5175,0,0
2022-04-29,P101,S3,123,3936,0,0
2022-04-29,P102,S1,95,2090,1,0
2022-04-29,P102,S2,94,2914,1,0
2022-04-29,P102,S3,69,1380,1,0
2022-04-29,P103,S1,102,4590,0,0
2022-04-29,P103,S2,83,2905,0,0
2022-04-29,P103,S3,119,5831,0,0
2022-04-29,P104,S1,90,1890,0,0
2022-04-29,P104,S2,118,3658,1,0
2022-04-29,P104,S3,130,2990,0,0
2022-04-29,P105,S1,114,3762,0,0
2022-04-29,P105,S2,105,2415,0,0
2022-04-29,P105,S3,123,6027,0,0
2022-04-30,P101,S1,119,3213,0,0
2022-04-30,P101,S2,121,5566,1,0
2022-04-30,P101,S3,141,3384,1,0
2022-04-30,P102,S1,123,2706,0,0
2022-04-30,P102,S2,133,5586,1,0
2022-04-30,P102,S3,130,3510,0,0
2022-04-30,P103,S1,100,3000,1,0
2022-04-30,P103,S2,130,5460,1,0
2022-04-30,P103,S3,131,4323,0,0
2022-04-30,P104,S1,147,5292,0,0
2022-04-30,P104,S2,129,6321,1,0
2022-04-30,P104,S3,117,3393,0,0
2022-04-30,P105,S1,127,3683,1,0
2022-04-30,P105,S2,130,4940,1,0
2022-04-30,P105,S3,141,5076,1,0
2022-05-01,P101,S1,121,3630,0,1
2022-05-01,P101,S2,114,3534,0,1
2022-05-01,P101,S3,99,3960,1,1
2022-05-01,P102,S1,135,5400,1,1
2022-05-01,P102,S2,158,6478,1,1
2022-05-01,P102,S3,118,4838,0,1
2022-05-01,P103,S1,138,5934,0,1
2022-05-01,P103,S2,127,3556,0,1
2022-05-01,P103,S3,98,4116,0,1
2022-05-01,P104,S1,125,3125,0,1
2022-05-01,P104,S2,128,3712,0,1
2022-05-01,P104,S3,155,6200,0,1
2022-05-01,P105,S1,109,4687,0,1
2022-05-01,P105,S2,138,5106,0,1
2022-05-01,P105,S3,119,3927,1,1
2022-05-02,P101,S1,100,2900,0,0
2022-05-02,P101,S2,95,1995,0,0
2022-05-02,P101,S3,112,3024,1,0
2022-05-02,P102,S1,127,4699,0,0
2022-05-02,P102,S2,106,2544,0,0
2022-05-02,P102,S3,142,5822,0,0
2022-05-02,P103,S1,88,4312,0,0
2022-05-02,P103,S2,105,3045,0,0
2022-05-02,P103,S3,97,3492,1,0
2022-05-02,P104,S1,133,3059,1,0
2022-05-02,P104,S2,122,4514,0,0
2022-05-02,P104,S3,134,5494,0,0
2022-05-02,P105,S1,108,3348,1,0
2022-05-02,P105,S2,109,4796,0,0
2022-05-02,P105,S3,99,4455,0,0
2022-05-03,P101,S1,98,4410,0,0
2022-05-03,P101,S2,91,4095,0,0
2022-05-03,P101,S3,108,4428,0,0
2022-05-03,P102,S1,115,2760,0,0
2022-05-03,P102,S2,103,4326,0,0
2022-05-03,P102,S3,124,5828,1,0
2022-05-03,P103,S1,112,3360,1,0
2022-05-03,P103,S2,91,2912,0,0
2022-05-03,P103,S3,123,5289,1,0
2022-05-03,P104,S1,103,2781,0,0
2022-05-03,P104,S2,123,2829,1,0
2022-05-03,P104,S3,88,1760,0,0
2022-05-03,P105,S1,114,4788,0,0
2022-05-03,P105,S2,112,3920,0,0
2022-05-03,P105,S3,127,4064,0,0
2022-05-04,P101,S1,107,3745,0,0
2022-05-04,P101,S2,101,3131,0,0
2022-05-04,P101,S3,124,2976,0,0
2022-05-04,P102,S1,110,2640,1,0
2022-05-04,P102,S2,101,4141,0,0
2022-05-04,P102,S3,106,3392,0,0
2022-05-04,P103,S1,90,2970,0,0
2022-05-04,P103,S2,139,3614,1,0
2022-05-04,P103,S3,93,2511,1,0
2022-05-04,P104,S1,98,4704,0,0
2022-05-04,P104,S2,94,3572,0,0
2022-05-04,P104,S3,108,4536,0,0
2022-05-04,P105,S1,104,2392,0,0
2022-05-04,P105,S2,124,3720,1,0
2022-05-04,P105,S3,115,5060,0,0
2022-05-05,P101,S1,101,2828,0,0
2022-05-05,P101,S2,131,4847,1,0
2022-05-05,P101,S3,106,2756,0,0
2022-05-05,P102,S1,81,2916,0,0
2022-05-05,P102,S2,111,3219,0,0
2022-05-05,P102,S3,100,4500,0,0
2022-05-05,P103,S1,96,3456,0,0
2022-05-05,P103,S2,136,3128,0,0
2022-05-05,P103,S3,105,3570,1,0
2022-05-05,P104,S1,111,4218,0,0
2022-05-05,P104,S2,108,4860,0,0
2022-05-05,P104,S3,127,4318,1,0
2022-05-05,P105,S1,120,5880,0,0
2022-05-05,P105,S2,108,2484,1,0
2022-05-05,P105,S3,121,4477,0,0
2022-05-06,P101,S1,116,4176,0,0
2022-05-06,P101,S2,105,4305,0,0
2022-05-06,P101,S3,116,3944,1,0
2022-05-06,P102,S1,97,3492,0,0
2022-05-06,P102,S2,85,2720,0,0
2022-05-06,P102,S3,92,2116,0,0
2022-05-06,P103,S1,116,4524,1,0
2022-05-06,P103,S2,107,2247,0,0
2022-05-06,P103,S3,99,2871,0,0
2022-05-06,P104,S1,104,4680,0,0
2022-05-06,P104,S2,107,2675,0,0
2022-05-06,P104,S3,112,2240,1,0
2022-05-06,P105,S1,138,3588,0,0
2022-05-06,P105,S2,108,3888,1,0
2022-05-06,P105,S3,111,4884,0,0
2022-05-07,P101,S1,140,4200,0,0
2022-05-07,P101,S2,128,2944,0,0
2022-05-07,P101,S3,133,6517,0,0
2022-05-07,P102,S1,116,4176,1,0
2022-05-07,P102,S2,130,5720,1,0
2022-05-07,P102,S3,104,4680,0,0
2022-05-07,P103,S1,144,3456,0,0
2022-05-07,P103,S2,131,4847,0,0
2022-05-07,P103,S3,140,4060,0,0
2022-05-07,P104,S1,154,4312,0,0
2022-05-07,P104,S2,117,3744,0,0
2022-05-07,P104,S3,150,5850,0,0
2022-05-07,P105,S1,128,4480,1,0
2022-05-07,P105,S2,146,5548,0,0
2022-05-07,P105,S3,147,7056,1,0
2022-05-08,P101,S1,121,4598,0,1
2022-05-08,P101,S2,159,7314,0,1
2022-05-08,P101,S3,148,5328,0,1
2022-05-08,P102,S1,158,6004,1,1
2022-05-08,P102,S2,135,3510,1,1
2022-05-08,P102,S3,128,5504,0,1
2022-05-08,P103,S1,127,4699,0,1
2022-05-08,P103,S2,117,5733,1,1
2022-05-08,P103,S3,135,2970,0,1
2022-05-08,P104,S1,132,6072,0,1
2022-05-08,P104,S2,98,3038,1,1
2022-05-08,P104,S3,138,4002,0,1
2022-05-08,P105,S1,118,5428,0,1
2022-05-08,P105,S2,130,4550,1,1
2022-05-08,P105,S3,109,5014,1,1
2022-05-09,P101,S1,122,4514,1,0
2022-05-09,P101,S2,115,4715,1,0
2022-05-09,P101,S3,93,4371,0,0
2022-05-09,P102,S1,133,3724,1,0
2022-05-09,P102,S2,121,4719,0,0
2022-05-09,P102,S3,105,4935,0,0
2022-05-09,P103,S1,139,5838,0,0
2022-05-09,P103,S2,114,5472,0,0
2022-05-09,P103,S3,108,2160,1,0
2022-05-09,P104,S1,102,3162,1,0
2022-05-09,P104,S2,111,2331,0,0
2022-05-09,P104,S3,133,6517,0,0
2022-05-09,P105,S1,103,2884,1,0
2022-05-09,P105,S2,130,6110,0,0
2022-05-09,P105,S3,106,3922,0,0
2022-05-10,P101,S1,109,4905,0,0
2022-05-10,P101,S2,134,3350,1,0
2022-05-10,P101,S3,96,3552,0,0
2022-05-10,P102,S1,112,4256,0,0
2022-05-10,P102,S2,116,3596,0,0
2022-05-10,P102,S3,99,2079,0,0
2022-05-10,P103,S1,97,2522,1,0
2022-05-10,P103,S2,123,3567,0,0
2022-05-10,P103,S3,98,3136,0,0
2022-05-10,P104,S1,114,5244,0,0
2022-05-10,P104,S2,108,2484,0,0
2022-05-10,P104,S3,107,4601,0,0
2022-05-10,P105,S1,103,2781,0,0
2022-05-10,P105,S2,93,3348,0,0
2022-05-10,P105,S3,117,3276,1,0
2022-05-11,P101,S1,99,4653,0,0
2022-05-11,P101,S2,120,5400,0,0
2022-05-11,P101,S3,127,3683,0,0
2022-05-11,P102,S1,147,3969,0,0
2022-05-11,P102,S2,111,5439,1,0
2022-05-11,P102,S3,84,3612,0,0
2022-05-11,P103,S1,103,3090,0,0
2022-05-11,P103,S2,136,4352,0,0
2022-05-11,P103,S3,110,4840,0,0
2022-05-11,P104,S1,89,3115,0,0
2022-05-11,P104,S2,116,5336,0,0
2022-05-11,P104,S3,120,3000,1,0
2022-05-11,P105,S1,103,4841,0,0
2022-05-11,P105,S2,114,3078,0,0
2022-05-11,P105,S3,101,3434,0,0
2022-05-12,P101,S1,141,5217,0,0
2022-05-12,P101,S2,108,3132,0,0
2022-05-12,P101,S3,97,4462,0,0
2022-05-12,P102,S1,102,4182,0,0
2022-05-12,P102,S2,116,2436,1,0
2022-05-12,P102,S3,74,3404,1,0
2022-05-12,P103,S1,140,6580,1,0
2022-05-12,P103,S2,116,5336,0,0
2022-05-12,P103,S3,126,4032,0,0
2022-05-12,P104,S1,100,4000,0,0
2022-05-12,P104,S2,103,2472,1,0
2022-05-12,P104,S3,126,5670,0,0
2022-05-12,P105,S1,115,4370,1,0
2022-05-12,P105,S2,122,4636,0,0
2022-05-12,P105,S3,89,4361,0,0
2022-05-13,P101,S1,114,2280,1,0
2022-05-13,P101,S2,107,3210,1,0
2022-05-13,P101,S3,117,2340,0,0
2022-05-13,P102,S1,126,2772,0,0
2022-05-13,P102,S2,101,3838,0,0
2022-05-13,P102,S3,108,5292,1,0
2022-05-13,P103,S1,99,2079,0,0
2022-05-13,P103,S2,109,2725,1,0
2022-05-13,P103,S3,89,3649,1,0
2022-05-13,P104,S1,125,4250,1,0
2022-05-13,P104,S2,104,3432,1,0
2022-05-13,P104,S3,76,3040,0,0
2022-05-13,P105,S1,95,2565,0,0
2022-05-13,P105,S2,123,4182,0,0
2022-05-13,P105,S3,111,4329,1,0
2022-05-14,P101,S1,122,3904,0,0
2022-05-14,P101,S2,117,4797,1,0
2022-05-14,P101,S3,128,5760,0,0
2022-05-14,P102,S1,147,4410,0,0
2022-05-14,P102,S2,125,2500,0,0
2022-05-14,P102,S3,126,5544,0,0
2022-05-14,P103,S1,147,4116,0,0
2022-05-14,P103,S2,137,4795,1,0
2022-05-14,P103,S3,152,4864,0,0
2022-05-14,P104,S1,131,3537,0,0
2022-05-14,P104,S2,120,3000,0,0
2022-05-14,P104,S3,149,2980,0,0
2022-05-14,P105,S1,134,5896,0,0
2022-05-14,P105,S2,141,6627,1,0
2022-05-14,P105,S3,150,7200,0,0
2022-05-15,P101,S1,121,5566,0,1
2022-05-15,P101,S2,112,2352,0,1
2022-05-15,P101,S3,112,4592,0,1
2022-05-15,P102,S1,136,3400,0,1
2022-05-15,P102,S2,149,6705,0,1
2022-05-15,P102,S3,138,2898,0,1
2022-05-15,P103,S1,139,4865,0,1
2022-05-15,P103,S2,136,2720,0,1
2022-05-15,P103,S3,112,3696,1,1
2022-05-15,P104,S1,134,5762,0,1
2022-05-15,P104,S2,142,2840,0,1
2022-05-15,P104,S3,129,3741,1,1
2022-05-15,P105,S1,143,5005,1,1
2022-05-15,P105,S2,130,4940,0,1
2022-05-15,P105,S3,137,4110,1,1
2022-05-16,P101,S1,96,4320,0,0
2022-05-16,P101,S2,77,2233,0,0
2022-05-16,P101,S3,92,1932,0,0
2022-05-16,P102,S1,123,5658,0,0
2022-05-16,P102,S2,80,2480,0,0
2022-05-16,P102,S3,120,3120,0,0
2022-05-16,P103,S1,113,4407,0,0
2022-05-16,P103,S2,112,2240,0,0
2022-05-16,P103,S3,115,2530,0,0
2022-05-16,P104,S1,107,2140,0,0
2022-05-16,P104,S2,96,3648,0,0
2022-05-16,P104,S3,92,3680,0,0
2022-05-16,P105,S1,118,2714,1,0
2022-05-16,P105,S2,102,2856,0,0
2022-05-16,P105,S3,126,2646,0,0
2022-05-17,P101,S1,125,3250,0,0
2022-05-17,P101,S2,132,5940,0,0
2022-05-17,P101,S3,112,3136,0,0
2022-05-17,P102,S1,124,4464,0,0
2022-05-17,P102,S2,126,5796,0,0
2022-05-17,P102,S3,127,5715,0,0
2022-05-17,P103,S1,121,4598,0,0
2022-05-17,P103,S2,100,4600,1,0
2022-05-17,P103,S3,132,3432,0,0
2022-05-17,P104,S1,89,2759,0,0
2022-05-17,P104,S2,115,2300,0,0
2022-05-17,P104,S3,118,4366,0,0
2022-05-17,P105,S1,113,3729,0,0
2022-05-17,P105,S2,120,3000,1,0
2022-05-17,P105,S3,108,3996,0,0
2022-05-18,P101,S1,105,3780,1,0
2022-05-18,P101,S2,120,4560,1,0
2022-05-18,P101,S3,91,2639,0,0
2022-05-18,P102,S1,121,5324,1,0
2022-05-18,P102,S2,101,3232,0,0
2022-05-18,P102,S3,113,2712,0,0
2022-05-18,P103,S1,111,2331,1,0
2022-05-18,P103,S2,101,3131,1,0
2022-05-18,P103,S3,105,4725,0,0
2022-05-18,P104,S1,106,5194,0,0
2022-05-18,P104,S2,100,2300,0,0
2022-05-18,P104,S3,101,4848,0,0
2022-05-18,P105,S1,122,3782,0,0
2022-05-18,P105,S2,120,4440,0,0
2022-05-18,P105,S3,112,2688,0,0
2022-05-19,P101,S1,125,3750,0,0
2022-05-19,P101,S2,123,2583,0,0
2022-05-19,P101,S3,107,4494,0,0
2022-05-19,P102,S1,100,2200,0,0
2022-05-19,P102,S2,105,3150,0,0
2022-05-19,P102,S3,129,4644,1,0
2022-05-19,P103,S1,135,3510,1,0
2022-05-19,P103,S2,87,3219,0,0
2022-05-19,P103,S3,104,3848,0,0
2022-05-19,P104,S1,117,5616,0,0
2022-05-19,P104,S2,91,2548,0,0
2022-05-19,P104,S3,110,2970,1,0
2022-05-19,P105,S1,131,3537,0,0
2022-05-19,P105,S2,102,4692,0,0
2022-05-19,P105,S3,92,3404,0,0
2022-05-20,P101,S1,144,3744,1,0
2022-05-20,P101,S2,92,2484,0,0
2022-05-20,P101,S3,103,4841,0,0
2022-05-20,P102,S1,137,4658,1,0
2022-05-20,P102,S2,132,2640,0,0
2022-05-20,P102,S3,111,4440,0,0
2022-05-20,P103,S1,106,3710,1,0
2022-05-20,P103,S2,66,2376,0,0
2022-05-20,P103,S3,115,4140,1,0
2022-05-20,P104,S1,133,6251,0,0
2022-05-20,P104,S2,120,5040,0,0
2022-05-20,P104,S3,120,4920,1,0
2022-05-20,P105,S1,102,2652,1,0
2022-05-20,P105,S2,121,4235,0,0
2022-05-20,P105,S3,114,4218,1,0
2022-05-21,P101,S1,110,4620,0,0
2022-05-21,P101,S2,127,4318,0,0
2022-05-21,P101,S3,125,5750,0,0
2022-05-21,P102,S1,128,4480,0,0
2022-05-21,P102,S2,121,3388,0,0
2022-05-21,P102,S3,155,3720,1,0
2022-05-21,P103,S1,127,2540,0,0
2022-05-21,P103,S2,102,4896,1,0
2022-05-21,P103,S3,126,4032,0,0
2022-05-21,P104,S1,121,5203,0,0
2022-05-21,P104,S2,143,4719,1,0
2022-05-21,P104,S3,146,5110,0,0
2022-05-21,P105,S1,108,3240,0,0
2022-05-21,P105,S2,122,4392,1,0
2022-05-21,P105,S3,110,4620,1,0
2022-05-22,P101,S1,111,4218,0,1
2022-05-22,P101,S2,134,4958,0,1
2022-05-22,P101,S3,116,4872,0,1
2022-05-22,P102,S1,130,4030,0,1
2022-05-22,P102,S2,112,3584,0,1
2022-05-22,P102,S3,113,2486,1,1
2022-05-22,P103,S1,149,4619,0,1
2022-05-22,P103,S2,137,3288,0,1
2022-05-22,P103,S3,130,3900,0,1
2022-05-22,P104,S1,100,2000,0,1
2022-05-22,P104,S2,146,4818,0,1
2022-05-22,P104,S3,140,3640,0,1
2022-05-22,P105,S1,131,5895,0,1
2022-05-22,P105,S2,99,4752,0,1
2022-05-22,P105,S3,161,5957,0,1
2022-05-23,P101,S1,99,2772,0,0
2022-05-23,P101,S2,119,2380,0,0
2022-05-23,P101,S3,104,3640,0,0
2022-05-23,P102,S1,116,4408,0,0
2022-05-23,P102,S2,117,3042,0,0
2022-05-23,P102,S3,132,4488,0,0
2022-05-23,P103,S1,119,2856,0,0
2022-05-23,P103,S2,112,4592,1,0
2022-05-23,P103,S3,140,4900,0,0
2022-05-23,P104,S1,113,3503,0,0
2022-05-23,P104,S2,111,3885,1,0
2022-05-23,P104,S3,112,3136,0,0
2022-05-23,P105,S1,110,5170,0,0
2022-05-23,P105,S2,108,3996,0,0
2022-05-23,P105,S3,105,3675,1,0
2022-05-24,P101,S1,102,4386,1,0
2022-05-24,P101,S2,90,2160,0,0
2022-05-24,P101,S3,82,2870,0,0
2022-05-24,P102,S1,108,4320,0,0
2022-05-24,P102,S2,94,3384,0,0
2022-05-24,P102,S3,108,3240,1,0
2022-05-24,P103,S1,89,2937,0,0
2022-05-24,P103,S2,130,5590,0,0
2022-05-24,P103,S3,115,4830,0,0
2022-05-24,P104,S1,111,3108,0,0
2022-05-24,P104,S2,100,4800,1,0
2022-05-24,P104,S3,119,5236,0,0
2022-05-24,P105,S1,145,4205,1,0
2022-05-24,P105,S2,113,5424,0,0
2022-05-24,P105,S3,105,3780,0,0
2022-05-25,P101,S1,117,3159,0,0
2022-05-25,P101,S2,80,1760,0,0
2022-05-25,P101,S3,108,3888,0,0
2022-05-25,P102,S1,115,2875,0,0
2022-05-25,P102,S2,98,4606,0,0
2022-05-25,P102,S3,119,2975,0,0
2022-05-25,P103,S1,99,1980,1,0
2022-05-25,P103,S2,127,4064,1,0
2022-05-25,P103,S3,114,3762,1,0
2022-05-25,P104,S1,106,4558,0,0
2022-05-25,P104,S2,95,3135,0,0
2022-05-25,P104,S3,96,4320,0,0
2022-05-25,P105,S1,120,4440,0,0
2022-05-25,P105,S2,107,2568,1,0
2022-05-25,P105,S3,123,4674,0,0
2022-05-26,P101,S1,92,4324,0,0
2022-05-26,P101,S2,110,4620,0,0
2022-05-26,P101,S3,132,4488,0,0
2022-05-26,P102,S1,130,4810,0,0
2022-05-26,P102,S2,100,3100,0,0
2022-05-26,P102,S3,107,3959,0,0
2022-05-26,P103,S1,96,4416,1,0
2022-05-26,P103,S2,77,3542,1,0
2022-05-26,P103,S3,102,3060,1,0
2022-05-26,P104,S1,110,4510,0,0
2022-05-26,P104,S2,90,2520,1,0
2022-05-26,P104,S3,127,5080,1,0
2022-05-26,P105,S1,145,6235,0,0
2022-05-26,P105,S2,99,4059,0,0
2022-05-26,P105,S3,116,4524,0,0
2022-05-27,P101,S1,99,2277,0,0
2022-05-27,P101,S2,89,2403,0,0
2022-05-27,P101,S3,101,3030,0,0
2022-05-27,P102,S1,112,2800,0,0
2022-05-27,P102,S2,91,2912,0,0
2022-05-27,P102,S3,113,3842,0,0
2022-05-27,P103,S1,105,4935,0,0
2022-05-27,P103,S2,106,5194,1,0
2022-05-27,P103,S3,99,2475,0,0
2022-05-27,P104,S1,124,5332,0,0
2022-05-27,P104,S2,128,4352,0,0
2022-05-27,P104,S3,119,4879,0,0
2022-05-27,P105,S1,119,5236,1,0
2022-05-27,P105,S2,102,2754,1,0
2022-05-27,P105,S3,121,4961,0,0
2022-05-28,P101,S1,127,4953,1,0
2022-05-28,P101,S2,117,4329,1,0
2022-05-28,P101,S3,111,2997,0,0
2022-05-28,P102,S1,126,5796,1,0
2022-05-28,P102,S2,115,2300,1,0
2022-05-28,P102,S3,124,4216,0,0
2022-05-28,P103,S1,114,2736,1,0
2022-05-28,P103,S2,116,5684,0,0
2022-05-28,P103,S3,139,4587,0,0
2022-05-28,P104,S1,130,3250,1,0
2022-05-28,P104,S2,96,2112,0,0
2022-05-28,P104,S3,134,5092,0,0
2022-05-28,P105,S1,128,3840,0,0
2022-05-28,P105,S2,154,4004,0,0
2022-05-28,P105,S3,114,3306,1,0
2022-05-29,P101,S1,90,2520,0,1
2022-05-29,P101,S2,130,3770,0,1
2022-05-29,P101,S3,131,3406,0,1
2022-05-29,P102,S1,116,4060,0,1
2022-05-29,P102,S2,126,4788,0,1
2022-05-29,P102,S3,116,4640,0,1
2022-05-29,P103,S1,159,3816,1,1
2022-05-29,P103,S2,90,2700,1,1
2022-05-29,P103,S3,140,6440,0,1
2022-05-29,P104,S1,125,3500,0,1
2022-05-29,P104,S2,148,4588,0,1
2022-05-29,P104,S3,127,3048,0,1
2022-05-29,P105,S1,146,3942,1,1
2022-05-29,P105,S2,134,6164,0,1
2022-05-29,P105,S3,114,2736,0,1
2022-05-30,P101,S1,78,2106,1,0
2022-05-30,P101,S2,92,2024,1,0
2022-05-30,P101,S3,107,3638,0,0
2022-05-30,P102,S1,100,4300,0,0
2022-05-30,P102,S2,106,4346,1,0
2022-05-30,P102,S3,99,3564,0,0
2022-05-30,P103,S1,67,1809,0,0
2022-05-30,P103,S2,87,2958,1,0
2022-05-30,P103,S3,89,3204,1,0
2022-05-30,P104,S1,136,6528,0,0
2022-05-30,P104,S2,108,5076,0,0
2022-05-30,P104,S3,82,1968,0,0
2022-05-30,P105,S1,119,5117,1,0
2022-05-30,P105,S2,100,3400,0,0
2022-05-30,P105,S3,106,3074,0,0
2022-05-31,P101,S1,127,3683,0,0
2022-05-31,P101,S2,92,3312,1,0
2022-05-31,P101,S3,88,3520,0,0
2022-05-31,P102,S1,99,2574,0,0
2022-05-31,P102,S2,131,6288,0,0
2022-05-31,P102,S3,102,4386,0,0
2022-05-31,P103,S1,126,5292,0,0
2022-05-31,P103,S2,131,4585,1,0
2022-05-31,P103,S3,135,6075,1,0
2022-05-31,P104,S1,99,4554,0,0
2022-05-31,P104,S2,105,4725,0,0
2022-05-31,P104,S3,132,3696,1,0
2022-05-31,P105,S1,94,4136,0,0
2022-05-31,P105,S2,100,3600,0,0
2022-05-31,P105,S3,89,4183,0,0
2022-06-01,P101,S1,122,3294,0,0
2022-06-01,P101,S2,119,3332,0,0
2022-06-01,P101,S3,126,4410,0,0
2022-06-01,P102,S1,139,4448,1,0
2022-06-01,P102,S2,115,4025,0,0
2022-06-01,P102,S3,127,4318,0,0
2022-06-01,P103,S1,132,3300,0,0
2022-06-01,P103,S2,108,2916,0,0
2022-06-01,P103,S3,130,5980,0,0
2022-06-01,P104,S1,109,3597,0,0
2022-06-01,P104,S2,95,3325,0,0
2022-06-01,P104,S3,110,5060,1,0
2022-06-01,P105,S1,124,4588,1,0
2022-06-01,P105,S2,93,3720,0,0
2022-06-01,P105,S3,95,2185,0,0
2022-06-02,P101,S1,126,4536,0,0
2022-06-02,P101,S2,106,2756,0,0
2022-06-02,P101,S3,123,4551,1,0
2022-06-02,P102,S1,108,2700,1,0
2022-06-02,P102,S2,101,2525,0,0
2022-06-02,P102,S3,111,4884,0,0
2022-06-02,P103,S1,121,4961,1,0
2022-06-02,P103,S2,88,2552,1,0
2022-06-02,P103,S3,135,6210,0,0
2022-06-02,P104,S1,113,4746,0,0
2022-06-02,P104,S2,113,3729,1,0
2022-06-02,P104,S3,95,2565,1,0
2022-06-02,P105,S1,113,4181,1,0
2022-06-02,P105,S2,105,4305,0,0
2022-06-02,P105,S3,113,2373,0,0
2022-06-03,P101,S1,101,4545,0,0
2022-06-03,P101,S2,121,3146,0,0
2022-06-03,P101,S3,107,5136,0,0
2022-06-03,P102,S1,110,3410,0,0
2022-06-03,P102,S2,106,5194,1,0
2022-06-03,P102,S3,124,4588,1,0
2022-06-03,P103,S1,102,4692,0,0
2022-06-03,P103,S2,127,3175,1,0
2022-06-03,P103,S3,119,3332,1,0
2022-06-03,P104,S1,112,3024,0,0
2022-06-03,P104,S2,124,3844,0,0
2022-06-03,P104,S3,104,3952,0,0
2022-06-03,P105,S1,150,5100,0,0
2022-06-03,P105,S2,121,4235,1,0
2022-06-03,P105,S3,111,3996,0,0
2022-06-04,P101,S1,134,5628,0,0
2022-06-04,P101,S2,126,2898,0,0
2022-06-04,P101,S3,128,3328,0,0
2022-06-04,P102,S1,145,5220,1,0
2022-06-04,P102,S2,134,5762,0,0
2022-06-04,P102,S3,132,4092,0,0
2022-06-04,P103,S1,139,4448,1,0
2022-06-04,P103,S2,105,3045,1,0
2022-06-04,P103,S3,137,2877,1,0
2022-06-04,P104,S1,127,6096,0,0
2022-06-04,P104,S2,139,4726,0,0
2022-06-04,P104,S3,142,2982,0,0
2022-06-04,P105,S1,141,4935,0,0
2022-06-04,P105,S2,122,2928,1,0
2022-06-04,P105,S3,147,3087,0,0
2022-06-05,P101,S1,125,3750,1,1
2022-06-05,P101,S2,143,6864,0,1
2022-06-05,P101,S3,114,2394,0,1
2022-06-05,P102,S1,139,3336,0,1
2022-06-05,P102,S2,124,6076,0,1
2022-06-05,P102,S3,133,5054,0,1
2022-06-05,P103,S1,119,3451,0,1
2022-06-05,P103,S2,136,5304,0,1
2022-06-05,P103,S3,100,2200,1,1
2022-06-05,P104,S1,118,4956,0,1
2022-06-05,P104,S2,153,3519,1,1
2022-06-05,P104,S3,120,5280,0,1
2022-06-05,P105,S1,115,4715,0,1
2022-06-05,P105,S2,152,4864,0,1
2022-06-05,P105,S3,117,4914,0,1
2022-06-06,P101,S1,110,3630,0,0
2022-06-06,P101,S2,112,4032,0,0
2022-06-06,P101,S3,118,4602,0,0
2022-06-06,P102,S1,115,3105,0,0
2022-06-06,P102,S2,106,3922,0,0
2022-06-06,P102,S3,115,4140,0,0
2022-06-06,P103,S1,108,4644,0,0
2022-06-06,P103,S2,133,5054,1,0
2022-06-06,P103,S3,99,3267,0,0
2022-06-06,P104,S1,125,3875,1,0
2022-06-06,P104,S2,127,5588,1,0
2022-06-06,P104,S3,148,4440,0,0
2022-06-06,P105,S1,86,4042,0,0
2022-06-06,P105,S2,109,4687,1,0
2022-06-06,P105,S3,103,2060,0,0
2022-06-07,P101,S1,114,4674,0,0
2022-06-07,P101,S2,88,2376,1,0
2022-06-07,P101,S3,139,4865,0,0
2022-06-07,P102,S1,129,2580,1,0
2022-06-07,P102,S2,121,2783,0,0
2022-06-07,P102,S3,108,3996,0,0
2022-06-07,P103,S1,103,3090,1,0
2022-06-07,P103,S2,123,3444,0,0
2022-06-07,P103,S3,113,4859,0,0
2022-06-07,P104,S1,90,2610,0,0
2022-06-07,P104,S2,121,3025,0,0
2022-06-07,P104,S3,136,5848,0,0
2022-06-07,P105,S1,124,4216,0,0
2022-06-07,P105,S2,99,4356,1,0
2022-06-07,P105,S3,121,3146,0,0
2022-06-08,P101,S1,81,1701,0,0
2022-06-08,P101,S2,91,1911,0,0
2022-06-08,P101,S3,118,5074,0,0
2022-06-08,P102,S1,137,2877,0,0
2022-06-08,P102,S2,102,2346,0,0
2022-06-08,P102,S3,126,5166,0,0
2022-06-08,P103,S1,101,4343,1,0
2022-06-08,P103,S2,125,3000,0,0
2022-06-08,P103,S3,115,4025,0,0
2022-06-08,P104,S1,130,5590,1,0
2022-06-08,P104,S2,117,2574,0,0
2022-06-08,P104,S3,119,2856,0,0
2022-06-08,P105,S1,87,4176,0,0
2022-06-08,P105,S2,100,3900,1,0
2022-06-08,P105,S3,106,3074,1,0
2022-06-09,P101,S1,131,3799,1,0
2022-06-09,P101,S2,93,4185,0,0
2022-06-09,P101,S3,132,4752,0,0
2022-06-09,P102,S1,101,2828,0,0
2022-06-09,P102,S2,132,4356,1,0
2022-06-09,P102,S3,113,2599,0,0
2022-06-09,P103,S1,123,3936,0,0
2022-06-09,P103,S2,123,3813,0,0
2022-06-09,P103,S3,97,2522,0,0
2022-06-09,P104,S1,110,2860,0,0
2022-06-09,P104,S2,99,3465,1,0
2022-06-09,P104,S3,140,6300,1,0
2022-06-09,P105,S1,90,2430,0,0
2022-06-09,P105,S2,89,3916,0,0
2022-06-09,P105,S3,108,4644,0,0
2022-06-10,P101,S1,121,4477,1,0
2022-06-10,P101,S2,113,4859,1,0
2022-06-10,P101,S3,128,6144,1,0
2022-06-10,P102,S1,115,3335,0,0
2022-06-10,P102,S2,87,3567,0,0
2022-06-10,P102,S3,101,4242,0,0
2022-06-10,P103,S1,115,3220,0,0
2022-06-10,P103,S2,129,4644,0,0
2022-06-10,P103,S3,102,2142,1,0
2022-06-10,P104,S1,114,5472,0,0
2022-06-10,P104,S2,148,3996,0,0
2022-06-10,P104,S3,118,4130,0,0
2022-06-10,P105,S1,130,3250,1,0
2022-06-10,P105,S2,118,5664,0,0
2022-06-10,P105,S3,96,1920,0,0
2022-06-11,P101,S1,135,2700,0,0
2022-06-11,P101,S2,121,5082,1,0
2022-06-11,P101,S3,108,5076,1,0
2022-06-11,P102,S1,102,2958,0,0
2022-06-11,P102,S2,153,3060,0,0
2022-06-11,P102,S3,115,5405,1,0
2022-06-11,P103,S1,145,5075,0,0
2022-06-11,P103,S2,159,3498,0,0
2022-06-11,P103,S3,149,5364,1,0
2022-06-11,P104,S1,104,4784,0,0
2022-06-11,P104,S2,119,2975,0,0
2022-06-11,P104,S3,115,2645,0,0
2022-06-11,P105,S1,130,5850,1,0
2022-06-11,P105,S2,129,3741,1,0
2022-06-11,P105,S3,159,4611,1,0
2022-06-12,P101,S1,141,2961,0,1
2022-06-12,P101,S2,123,4305,0,1
2022-06-12,P101,S3,142,4544,0,1
2022-06-12,P102,S1,129,3999,1,1
2022-06-12,P102,S2,152,6080,0,1
2022-06-12,P102,S3,109,4251,1,1
2022-06-12,P103,S1,126,2898,0,1
2022-06-12,P103,S2,112,2800,0,1
2022-06-12,P103,S3,133,4788,0,1
2022-06-12,P104,S1,134,6432,0,1
2022-06-12,P104,S2,138,3588,0,1
2022-06-12,P104,S3,128,5248,1,1
2022-06-12,P105,S1,123,2829,0,1
2022-06-12,P105,S2,142,4544,0,1
2022-06-12,P105,S3,119,3808,0,1
2022-06-13,P101,S1,105,3360,1,0
2022-06-13,P101,S2,93,4278,0,0
2022-06-13,P101,S3,94,1974,0,0
2022-06-13,P102,S1,140,3360,1,0
2022-06-13,P102,S2,110,3080,0,0
2022-06-13,P102,S3,129,4386,1,0
2022-06-13,P103,S1,113,2825,0,0
2022-06-13,P103,S2,111,3330,0,0
2022-06-13,P103,S3,130,2860,0,0
2022-06-13,P104,S1,119,4284,1,0
2022-06-13,P104,S2,121,5445,0,0
2022-06-13,P104,S3,114,5016,0,0
2022-06-13,P105,S1,133,5054,1,0
2022-06-13,P105,S2,131,4061,0,0
2022-06-13,P105,S3,121,4356,0,0
2022-06-14,P101,S1,104,5096,0,0
2022-06-14,P101,S2,130,3120,0,0
2022-06-14,P101,S3,115,3795,0,0
2022-06-14,P102,S1,120,3240,0,0
2022-06-14,P102,S2,98,4802,1,0
2022-06-14,P102,S3,113,3955,0,0
2022-06-14,P103,S1,142,3266,0,0
2022-06-14,P103,S2,121,3872,1,0
2022-06-14,P103,S3,117,3042,0,0
2022-06-14,P104,S1,125,4750,0,0
2022-06-14,P104,S2,102,4794,1,0
2022-06-14,P104,S3,110,3190,1,0
2022-06-14,P105,S1,123,4059,0,0
2022-06-14,P105,S2,87,3393,0,0
2022-06-14,P105,S3,121,5929,0,0
2022-06-15,P101,S1,106,4876,1,0
2022-06-15,P101,S2,101,3030,0,0
2022-06-15,P101,S3,123,2706,0,0
2022-06-15,P102,S1,116,5336,0,0
2022-06-15,P102,S2,124,6076,1,0
2022-06-15,P102,S3,76,3496,1,0
2022-06-15,P103,S1,123,4551,0,0
2022-06-15,P103,S2,133,3458,0,0
2022-06-15,P103,S3,93,2697,0,0
2022-06-15,P104,S1,110,4510,0,0
2022-06-15,P104,S2,102,4896,1,0
2022-06-15,P104,S3,119,5236,0,0
2022-06-15,P105,S1,121,4961,0,0
2022-06-15,P105,S2,104,4368,0,0
2022-06-15,P105,S3,124,3348,0,0
2022-06-16,P101,S1,100,2500,0,0
2022-06-16,P101,S2,100,2300,0,0
2022-06-16,P101,S3,121,4356,1,0
2022-06-16,P102,S1,115,2300,0,0
2022-06-16,P102,S2,118,3068,0,0
2022-06-16,P102,S3,105,4515,0,0
2022-06-16,P103,S1,100,2200,0,0
2022-06-16,P103,S2,102,2856,0,0
2022-06-16,P103,S3,112,4480,0,0
2022-06-16,P104,S1,91,2912,0,0
2022-06-16,P104,S2,131,3275,1,0
2022-06-16,P104,S3,100,3700,1,0
2022-06-16,P105,S1,118,3776,0,0
2022-06-16,P105,S2,131,4061,1,0
2022-06-16,P105,S3,96,2688,0,0
2022-06-17,P101,S1,106,4134,0,0
2022-06-17,P101,S2,128,6272,0,0
2022-06-17,P101,S3,109,3379,0,0
2022-06-17,P102,S1,105,4200,0,0
2022-06-17,P102,S2,121,3388,0,0
2022-06-17,P102,S3,109,4251,1,0
2022-06-17,P103,S1,121,3993,0,0
2022-06-17,P103,S2,127,3048,0,0
2022-06-17,P103,S3,111,4218,0,0
2022-06-17,P104,S1,96,1920,0,0
2022-06-17,P104,S2,111,3663,1,0
2022-06-17,P104,S3,142,4686,0,0
2022-06-17,P105,S1,115,3910,0,0
2022-06-17,P105,S2,111,5106,1,0
2022-06-17,P105,S3,104,4368,0,0
2022-06-18,P101,S1,161,6440,0,0
2022-06-18,P101,S2,115,2300,0,0
2022-06-18,P101,S3,129,5031,0,0
2022-06-18,P102,S1,132,6204,0,0
2022-06-18,P102,S2,133,3990,0,0
2022-06-18,P102,S3,125,4250,0,0
2022-06-18,P103,S1,131,6157,0,0
2022-06-18,P103,S2,135,4185,0,0
2022-06-18,P103,S3,145,4930,0,0
2022-06-18,P104,S1,124,4464,1,0
2022-06-18,P104,S2,129,3612,0,0
2022-06-18,P104,S3,102,3570,1,0
2022-06-18,P105,S1,118,2596,0,0
2022-06-18,P105,S2,142,4828,0,0
2022-06-18,P105,S3,121,4114,0,0
2022-06-19,P101,S1,147,4263,1,1
2022-06-19,P101,S2,136,3672,0,1
2022-06-19,P101,S3,126,5418,0,1
2022-06-19,P102,S1,133,5453,0,1
2022-06-19,P102,S2,129,6321,0,1
2022-06-19,P102,S3,136,3672,0,1
2022-06-19,P103,S1,134,3484,1,1
2022-06-19,P103,S2,144,3168,0,1
2022-06-19,P103,S3,143,5577,0,1
2022-06-19,P104,S1,153,3825,0,1
2022-06-19,P104,S2,153,6120,0,1
2022-06-19,P104,S3,126,5040,1,1
2022-06-19,P105,S1,135,4590,1,1
2022-06-19,P105,S2,89,3471,0,1
2022-06-19,P105,S3,152,5928,1,1
2022-06-20,P101,S1,138,5796,0,0
2022-06-20,P101,S2,93,4278,0,0
2022-06-20,P101,S3,117,5265,0,0
2022-06-20,P102,S1,103,3296,1,0
2022-06-20,P102,S2,128,5760,0,0
2022-06-20,P102,S3,103,4635,1,0
2022-06-20,P103,S1,103,2369,0,0
2022-06-20,P103,S2,142,5112,1,0
2022-06-20,P103,S3,105,2415,0,0
2022-06-20,P104,S1,100,2200,0,0
2022-06-20,P104,S2,112,5040,1,0
2022-06-20,P104,S3,76,3496,0,0
2022-06-20,P105,S1,92,2392,1,0
2022-06-20,P105,S2,112,2576,0,0
2022-06-20,P105,S3,109,4905,1,0
2022-06-21,P101,S1,119,2975,0,0
2022-06-21,P101,S2,103,4017,1,0
2022-06-21,P101,S3,89,3827,1,0
2022-06-21,P102,S1,117,5382,0,0
2022-06-21,P102,S2,119,5236,0,0
2022-06-21,P102,S3,112,3808,0,0
2022-06-21,P103,S1,107,3210,0,0
2022-06-21,P103,S2,114,4104,1,0
2022-06-21,P103,S3,128,4736,0,0
2022-06-21,P104,S1,121,5687,0,0
2022-06-21,P104,S2,106,2332,0,0
2022-06-21,P104,S3,119,2499,1,0
2022-06-21,P105,S1,102,3570,0,0
2022-06-21,P105,S2,84,2100,0,0
2022-06-21,P105,S3,116,3016,1,0
2022-06-22,P101,S1,117,5616,0,0
2022-06-22,P101,S2,105,3150,0,0
2022-06-22,P101,S3,107,5243,0,0
2022-06-22,P102,S1,121,5203,0,0
2022-06-22,P102,S2,105,3150,0,0
2022-06-22,P102,S3,137,2740,0,0
2022-06-22,P103,S1,107,3638,1,0
2022-06-22,P103,S2,75,3375,1,0
2022-06-22,P103,S3,109,3815,0,0
2022-06-22,P104,S1,112,4032,0,0
2022-06-22,P104,S2,115,3910,0,0
2022-06-22,P104,S3,106,4664,0,0
2022-06-22,P105,S1,117,3276,0,0
2022-06-22,P105,S2,97,3492,1,0
2022-06-22,P105,S3,113,3503,1,0
2022-06-23,P101,S1,121,3025,0,0
2022-06-23,P101,S2,93,2697,1,0
2022-06-23,P101,S3,111,4218,0,0
2022-06-23,P102,S1,132,5676,0,0
2022-06-23,P102,S2,91,3003,0,0
2022-06-23,P102,S3,126,4662,0,0
2022-06-23,P103,S1,101,2929,0,0
2022-06-23,P103,S2,97,2425,0,0
2022-06-23,P103,S3,90,3690,0,0
2022-06-23,P104,S1,106,2968,0,0
2022-06-23,P104,S2,100,3600,0,0
2022-06-23,P104,S3,92,3496,0,0
2022-06-23,P105,S1,105,3045,0,0
2022-06-23,P105,S2,107,2996,0,0
2022-06-23,P105,S3,108,2376,0,0
2022-06-24,P101,S1,93,2418,1,0
2022-06-24,P101,S2,101,3939,0,0
2022-06-24,P101,S3,122,2806,1,0
2022-06-24,P102,S1,112,4704,0,0
2022-06-24,P102,S2,85,2380,0,0
2022-06-24,P102,S3,113,4520,1,0
2022-06-24,P103,S1,109,3924,0,0
2022-06-24,P103,S2,118,4130,0,0
2022-06-24,P103,S3,119,5355,0,0
2022-06-24,P104,S1,102,4590,0,0
2022-06-24,P104,S2,117,2340,0,0
2022-06-24,P104,S3,122,3660,1,0
2022-06-24,P105,S1,77,3696,1,0
2022-06-24,P105,S2,106,3180,0,0
2022-06-24,P105,S3,116,3596,0,0
2022-06-25,P101,S1,142,6958,0,0
2022-06-25,P101,S2,95,3610,0,0
2022-06-25,P101,S3,142,5396,0,0
2022-06-25,P102,S1,159,4770,0,0
2022-06-25,P102,S2,140,4620,1,0
2022-06-25,P102,S3,123,5904,0,0
2022-06-25,P103,S1,106,3498,0,0
2022-06-25,P103,S2,128,4864,0,0
2022-06-25,P103,S3,130,5850,0,0
2022-06-25,P104,S1,142,5822,0,0
2022-06-25,P104,S2,158,4740,0,0
2022-06-25,P104,S3,137,6165,0,0
2022-06-25,P105,S1,114,3648,0,0
2022-06-25,P105,S2,131,4847,1,0
2022-06-25,P105,S3,151,3322,0,0
2022-06-26,P101,S1,135,3645,0,1
2022-06-26,P101,S2,124,2852,0,1
2022-06-26,P101,S3,118,2714,0,1
2022-06-26,P102,S1,95,2945,0,1
2022-06-26,P102,S2,150,5550,0,1
2022-06-26,P102,S3,150,6000,0,1
2022-06-26,P103,S1,137,3014,0,1
2022-06-26,P103,S2,137,6576,0,1
2022-06-26,P103,S3,127,4699,0,1
2022-06-26,P104,S1,154,6314,1,1
2022-06-26,P104,S2,139,3197,0,1
2022-06-26,P104,S3,141,4230,0,1
2022-06-26,P105,S1,130,3250,0,1
2022-06-26,P105,S2,146,4088,0,1
2022-06-26,P105,S3,130,4290,0,1
2022-06-27,P101,S1,114,3762,0,0
2022-06-27,P101,S2,128,3968,0,0
2022-06-27,P101,S3,114,2850,0,0
2022-06-27,P102,S1,97,3395,0,0
2022-06-27,P102,S2,93,3255,0,0
2022-06-27,P102,S3,143,4147,0,0
2022-06-27,P103,S1,111,3552,0,0
2022-06-27,P103,S2,98,4606,0,0
2022-06-27,P103,S3,106,3392,0,0
2022-06-27,P104,S1,100,2400,1,0
2022-06-27,P104,S2,138,6624,1,0
2022-06-27,P104,S3,108,5184,0,0
2022-06-27,P105,S1,98,4606,1,0
2022-06-27,P105,S2,106,2862,0,0
2022-06-27,P105,S3,119,2737,1,0
2022-06-28,P101,S1,121,2783,0,0
2022-06-28,P101,S2,113,5085,0,0
2022-06-28,P101,S3,103,3296,0,0
2022-06-28,P102,S1,102,4590,0,0
2022-06-28,P102,S2,103,3193,1,0
2022-06-28,P102,S3,124,3472,0,0
2022-06-28,P103,S1,113,4294,1,0
2022-06-28,P103,S2,77,2849,0,0
2022-06-28,P103,S3,132,5676,1,0
2022-06-28,P104,S1,138,2898,0,0
2022-06-28,P104,S2,112,4480,1,0
2022-06-28,P104,S3,88,3432,1,0
2022-06-28,P105,S1,104,2080,0,0
2022-06-28,P105,S2,124,4092,0,0
2022-06-28,P105,S3,88,2024,1,0
2022-06-29,P101,S1,108,2376,0,0
2022-06-29,P101,S2,112,3024,0,0
2022-06-29,P101,S3,153,3672,0,0
2022-06-29,P102,S1,112,4592,0,0
2022-06-29,P102,S2,91,3913,0,0
2022-06-29,P102,S3,90,3780,0,0
2022-06-29,P103,S1,130,3900,1,0
2022-06-29,P103,S2,110,4290,0,0
2022-06-29,P103,S3,106,2120,1,0
2022-06-29,P104,S1,136,4760,0,0
2022-06-29,P104,S2,121,2420,0,0
2022-06-29,P104,S3,113,4972,0,0
2022-06-29,P105,S1,96,3360,1,0
2022-06-29,P105,S2,100,2500,1,0
2022-06-29,P105,S3,112,2688,1,0
2022-06-30,P101,S1,126,4662,1,0
2022-06-30,P101,S2,93,1860,1,0
2022-06-30,P101,S3,115,4025,1,0
2022-06-30,P102,S1,115,3220,0,0
2022-06-30,P102,S2,97,4268,1,0
2022-06-30,P102,S3,103,4223,0,0
2022-06-30,P103,S1,83,2988,1,0
2022-06-30,P103,S2,103,4738,0,0
2022-06-30,P103,S3,114,3192,1,0
2022-06-30,P104,S1,128,2560,0,0
2022-06-30,P104,S2,123,3444,0,0
2022-06-30,P104,S3,116,5568,1,0
2022-06-30,P105,S1,149,3129,1,0
2022-06-30,P105,S2,107,2568,0,0
2022-06-30,P105,S3,110,3520,0,0
2022-07-01,P101,S1,109,5014,0,0
2022-07-01,P101,S2,84,1764,0,0
2022-07-01,P101,S3,105,2520,0,0
2022-07-01,P102,S1,116,2668,0,0
2022-07-01,P102,S2,143,5577,0,0
2022-07-01,P102,S3,126,2898,0,0
2022-07-01,P103,S1,126,6048,0,0
2022-07-01,P103,S2,120,2880,0,0
2022-07-01,P103,S3,124,6076,0,0
2022-07-01,P104,S1,126,2646,1,0
2022-07-01,P104,S2,93,2232,0,0
2022-07-01,P104,S3,119,3927,1,0
2022-07-01,P105,S1,136,5032,0,0
2022-07-01,P105,S2,137,6576,0,0
2022-07-01,P105,S3,121,2420,0,0
2022-07-02,P101,S1,134,2948,0,0
2022-07-02,P101,S2,144,3168,0,0
2022-07-02,P101,S3,145,5220,0,0
2022-07-02,P102,S1,146,3942,1,0
2022-07-02,P102,S2,142,4828,0,0
2022-07-02,P102,S3,111,3330,0,0
2022-07-02,P103,S1,117,4563,1,0
2022-07-02,P103,S2,153,3672,1,0
2022-07-02,P103,S3,113,2599,1,0
2022-07-02,P104,S1,154,5852,0,0
2022-07-02,P104,S2,137,3836,0,0
2022-07-02,P104,S3,157,5181,0,0
2022-07-02,P105,S1,143,3432,0,0
2022-07-02,P105,S2,109,2725,1,0
2022-07-02,P105,S3,137,5069,0,0
2022-07-03,P101,S1,133,2660,0,1
2022-07-03,P101,S2,139,3753,0,1
2022-07-03,P101,S3,137,5754,0,1
2022-07-03,P102,S1,135,3645,0,1
2022-07-03,P102,S2,145,4350,0,1
2022-07-03,P102,S3,144,6624,1,1
2022-07-03,P103,S1,137,3699,0,1
2022-07-03,P103,S2,116,5220,1,1
2022-07-03,P103,S3,139,5282,0,1
2022-07-03,P104,S1,116,3596,0,1
2022-07-03,P104,S2,139,4031,0,1
2022-07-03,P104,S3,141,3948,1,1
2022-07-03,P105,S1,120,3000,0,1
2022-07-03,P105,S2,121,5808,0,1
2022-07-03,P105,S3,147,5439,0,1
2022-07-04,P101,S1,102,4284,1,0
2022-07-04,P101,S2,117,5616,0,0
2022-07-04,P101,S3,92,3864,1,0
2022-07-04,P102,S1,126,4032,1,0
2022-07-04,P102,S2,142,2840,0,0
2022-07-04,P102,S3,114,2736,0,0
2022-07-04,P103,S1,114,3648,1,0
2022-07-04,P103,S2,114,2850,0,0
2022-07-04,P103,S3,113,4294,1,0
2022-07-04,P104,S1,124,3968,0,0
2022-07-04,P104,S2,133,6251,1,0
2022-07-04,P104,S3,147,4263,0,0
2022-07-04,P105,S1,102,3570,1,0
2022-07-04,P105,S2,100,2400,1,0
2022-07-04,P105,S3,103,2472,1,0
2022-07-05,P101,S1,108,5076,1,0
2022-07-05,P101,S2,111,4773,0,0
2022-07-05,P101,S3,100,4600,0,0
2022-07-05,P102,S1,84,3024,0,0
2022-07-05,P102,S2,127,3302,1,0
2022-07-05,P102,S3,131,2882,0,0
2022-07-05,P103,S1,111,3441,0,0
2022-07-05,P103,S2,93,2325,0,0
2022-07-05,P103,S3,108,3672,0,0
2022-07-05,P104,S1,137,4932,0,0
2022-07-05,P104,S2,127,3556,0,0
2022-07-05,P104,S3,103,2163,0,0
2022-07-05,P105,S1,112,3584,0,0
2022-07-05,P105,S2,113,2938,1,0
2022-07-05,P105,S3,133,3724,0,0
2022-07-06,P101,S1,128,3456,0,0
2022-07-06,P101,S2,124,2976,0,0
2022-07-06,P101,S3,92,2576,1,0
2022-07-06,P102,S1,106,4452,0,0
2022-07-06,P102,S2,91,2821,0,0
2022-07-06,P102,S3,129,4773,1,0
2022-07-06,P103,S1,125,3750,1,0
2022-07-06,P103,S2,89,2403,1,0
2022-07-06,P103,S3,148,5476,0,0
2022-07-06,P104,S1,142,5822,0,0
2022-07-06,P104,S2,146,6862,0,0
2022-07-06,P104,S3,86,2752,1,0
2022-07-06,P105,S1,106,3604,0,0
2022-07-06,P105,S2,94,4606,0,0
2022-07-06,P105,S3,135,5265,1,0
2022-07-07,P101,S1,114,2508,1,0
2022-07-07,P101,S2,112,3808,0,0
2022-07-07,P101,S3,142,3124,0,0
2022-07-07,P102,S1,103,3296,0,0
2022-07-07,P102,S2,100,2000,1,0
2022-07-07,P102,S3,118,4956,0,0
2022-07-07,P103,S1,108,3780,1,0
2022-07-07,P103,S2,129,2580,0,0
2022-07-07,P103,S3,78,2808,0,0
2022-07-07,P104,S1,102,3060,0,0
2022-07-07,P104,S2,119,2975,0,0
2022-07-07,P104,S3,101,3939,0,0
2022-07-07,P105,S1,122,4392,0,0
2022-07-07,P105,S2,104,3432,1,0
2022-07-07,P105,S3,121,5082,0,0
2022-07-08,P101,S1,95,3990,0,0
2022-07-08,P101,S2,101,3232,0,0
2022-07-08,P101,S3,108,4536,0,0
2022-07-08,P102,S1,80,3280,1,0
2022-07-08,P102,S2,108,3348,1,0
2022-07-08,P102,S3,97,3007,1,0
2022-07-08,P103,S1,111,2553,0,0
2022-07-08,P103,S2,118,5310,0,0
2022-07-08,P103,S3,144,6768,1,0
2022-07-08,P104,S1,119,3570,0,0
2022-07-08,P104,S2,108,4212,1,0
2022-07-08,P104,S3,125,6000,0,0
2022-07-08,P105,S1,123,2952,1,0
2022-07-08,P105,S2,116,4408,0,0
2022-07-08,P105,S3,110,3080,1,0
2022-07-09,P101,S1,144,4176,0,0
2022-07-09,P101,S2,140,3080,0,0
2022-07-09,P101,S3,152,4104,0,0
2022-07-09,P102,S1,103,4944,0,0
2022-07-09,P102,S2,131,5371,0,0
2022-07-09,P102,S3,140,5600,0,0
2022-07-09,P103,S1,121,2541,0,0
2022-07-09,P103,S2,135,5130,0,0
2022-07-09,P103,S3,140,6160,1,0
2022-07-09,P104,S1,120,3600,0,0
2022-07-09,P104,S2,150,6750,0,0
2022-07-09,P104,S3,124,4836,0,0
2022-07-09,P105,S1,131,5633,0,0
2022-07-09,P105,S2,136,4896,0,0
2022-07-09,P105,S3,127,2794,0,0
2022-07-10,P101,S1,109,2725,0,1
2022-07-10,P101,S2,122,3538,1,1
2022-07-10,P101,S3,124,4836,0,1
2022-07-10,P102,S1,122,3416,0,1
2022-07-10,P102,S2,151,7248,1,1
2022-07-10,P102,S3,128,3328,1,1
2022-07-10,P103,S1,153,4437,1,1
2022-07-10,P103,S2,113,4972,1,1
2022-07-10,P103,S3,129,4386,1,1
2022-07-10,P104,S1,126,5796,1,1
2022-07-10,P104,S2,120,4080,0,1
2022-07-10,P104,S3,132,2640,1,1
2022-07-10,P105,S1,148,2960,0,1
2022-07-10,P105,S2,143,3861,0,1
2022-07-10,P105,S3,175,7350,0,1
2022-07-11,P101,S1,98,2254,1,0
2022-07-11,P101,S2,113,4068,1,0
2022-07-11,P101,S3,108,4212,0,0
2022-07-11,P102,S1,84,3780,0,0
2022-07-11,P102,S2,91,3822,0,0
2022-07-11,P102,S3,139,4031,0,0
2022-07-11,P103,S1,120,5760,1,0
2022-07-11,P103,S2,132,4884,0,0
2022-07-11,P103,S3,104,3640,0,0
2022-07-11,P104,S1,77,1925,0,0
2022-07-11,P104,S2,127,2921,0,0
2022-07-11,P104,S3,94,4512,1,0
2022-07-11,P105,S1,104,3120,0,0
2022-07-11,P105,S2,111,5217,0,0
2022-07-11,P105,S3,125,2500,0,0
2022-07-12,P101,S1,122,5368,0,0
2022-07-12,P101,S2,124,2852,1,0
2022-07-12,P101,S3,112,2576,1,0
2022-07-12,P102,S1,121,4840,0,0
2022-07-12,P102,S2,118,3422,0,0
2022-07-12,P102,S3,108,4428,0,0
2022-07-12,P103,S1,101,3838,0,0
2022-07-12,P103,S2,130,5720,1,0
2022-07-12,P103,S3,102,4692,1,0
2022-07-12,P104,S1,109,5232,0,0
2022-07-12,P104,S2,154,3850,1,0
2022-07-12,P104,S3,126,3024,1,0
2022-07-12,P105,S1,107,5136,1,0
2022-07-12,P105,S2,102,4182,0,0
2022-07-12,P105,S3,110,5280,0,0
2022-07-13,P101,S1,128,3200,0,0
2022-07-13,P101,S2,104,4784,1,0
2022-07-13,P101,S3,119,4046,0,0
2022-07-13,P102,S1,133,3591,1,0
2022-07-13,P102,S2,116,4988,1,0
2022-07-13,P102,S3,130,3250,0,0
2022-07-13,P103,S1,113,3955,0,0
2022-07-13,P103,S2,92,3312,0,0
2022-07-13,P103,S3,65,2210,0,0
2022-07-13,P104,S1,136,6120,0,0
2022-07-13,P104,S2,132,5544,0,0
2022-07-13,P104,S3,108,4644,0,0
2022-07-13,P105,S1,109,4578,0,0
2022-07-13,P105,S2,92,4416,0,0
2022-07-13,P105,S3,115,3335,0,0
2022-07-14,P101,S1,120,4440,0,0
2022-07-14,P101,S2,102,3672,0,0
2022-07-14,P101,S3,121,5203,0,0
2022-07-14,P102,S1,136,3400,0,0
2022-07-14,P102,S2,135,4860,0,0
2022-07-14,P102,S3,106,4664,0,0
2022-07-14,P103,S1,109,4687,1,0
2022-07-14,P103,S2,108,5184,0,0
2022-07-14,P103,S3,115,4025,0,0
2022-07-14,P104,S1,78,2652,0,0
2022-07-14,P104,S2,123,5043,0,0
2022-07-14,P104,S3,119,3808,1,0
2022-07-14,P105,S1,124,3596,1,0
2022-07-14,P105,S2,83,2822,0,0
2022-07-14,P105,S3,92,3680,0,0
2022-07-15,P101,S1,115,5520,0,0
2022-07-15,P101,S2,115,5290,1,0
2022-07-15,P101,S3,100,4900,0,0
2022-07-15,P102,S1,121,4477,0,0
2022-07-15,P102,S2,102,2142,0,0
2022-07-15,P102,S3,132,3168,0,0
2022-07-15,P103,S1,95,2090,1,0
2022-07-15,P103,S2,94,4230,0,0
2022-07-15,P103,S3,140,5040,1,0
2022-07-15,P104,S1,133,5719,0,0
2022-07-15,P104,S2,121,5566,1,0
2022-07-15,P104,S3,133,3458,0,0
2022-07-15,P105,S1,90,4050,0,0
2022-07-15,P105,S2,116,3248,0,0
2022-07-15,P105,S3,103,2987,0,0
2022-07-16,P101,S1,106,2120,0,0
2022-07-16,P101,S2,112,4816,1,0
2022-07-16,P101,S3,128,4736,1,0
2022-07-16,P102,S1,146,7008,0,0
2022-07-16,P102,S2,141,5217,1,0
2022-07-16,P102,S3,134,5762,0,0
2022-07-16,P103,S1,142,3124,1,0
2022-07-16,P103,S2,140,5740,0,0
2022-07-16,P103,S3,141,3948,0,0
2022-07-16,P104,S1,142,5822,0,0
2022-07-16,P104,S2,126,4788,0,0
2022-07-16,P104,S3,118,3422,1,0
2022-07-16,P105,S1,148,3256,0,0
2022-07-16,P105,S2,139,5838,0,0
2022-07-16,P105,S3,126,3528,0,0
2022-07-17,P101,S1,118,5782,0,1
2022-07-17,P101,S2,152,6080,1,1
2022-07-17,P101,S3,149,3874,0,1
2022-07-17,P102,S1,129,5160,0,1
2022-07-17,P102,S2,115,4255,0,1
2022-07-17,P102,S3,121,4356,0,1
2022-07-17,P103,S1,125,5500,0,1
2022-07-17,P103,S2,143,3003,0,1
2022-07-17,P103,S3,139,4587,1,1
2022-07-17,P104,S1,133,4788,0,1
2022-07-17,P104,S2,153,3825,0,1
2022-07-17,P104,S3,132,6072,0,1
2022-07-17,P105,S1,148,6364,0,1
2022-07-17,P105,S2,129,5160,1,1
2022-07-17,P105,S3,110,5170,0,1
2022-07-18,P101,S1,121,4961,0,0
2022-07-18,P101,S2,133,6384,0,0
2022-07-18,P101,S3,136,2992,0,0
2022-07-18,P102,S1,104,2184,0,0
2022-07-18,P102,S2,120,3240,0,0
2022-07-18,P102,S3,92,2944,0,0
2022-07-18,P103,S1,127,6223,0,0
2022-07-18,P103,S2,120,4920,1,0
2022-07-18,P103,S3,128,4864,1,0
2022-07-18,P104,S1,88,2816,0,0
2022-07-18,P104,S2,124,3100,0,0
2022-07-18,P104,S3,128,6144,1,0
2022-07-18,P105,S1,113,3277,1,0
2022-07-18,P105,S2,123,5904,0,0
2022-07-18,P105,S3,92,2392,0,0
2022-07-19,P101,S1,110,4070,0,0
2022-07-19,P101,S2,100,3800,1,0
2022-07-19,P101,S3,82,1804,0,0
2022-07-19,P102,S1,119,4165,1,0
2022-07-19,P102,S2,135,3240,0,0
2022-07-19,P102,S3,125,3125,0,0
2022-07-19,P103,S1,117,2691,0,0
2022-07-19,P103,S2,113,5311,0,0
2022-07-19,P103,S3,87,1914,0,0
2022-07-19,P104,S1,127,4318,0,0
2022-07-19,P104,S2,132,5280,0,0
2022-07-19,P104,S3,88,2728,0,0
2022-07-19,P105,S1,118,3894,1,0
2022-07-19,P105,S2,97,3589,0,0
2022-07-19,P105,S3,102,4386,0,0
2022-07-20,P101,S1,119,5117,0,0
2022-07-20,P101,S2,117,5148,0,0
2022-07-20,P101,S3,107,5136,1,0
2022-07-20,P102,S1,121,3267,0,0
2022-07-20,P102,S2,107,4922,0,0
2022-07-20,P102,S3,90,3420,0,0
2022-07-20,P103,S1,103,3193,0,0
2022-07-20,P103,S2,100,2700,1,0
2022-07-20,P103,S3,117,5265,0,0
2022-07-20,P104,S1,144,4896,0,0
2022-07-20,P104,S2,99,4257,1,0
2022-07-20,P104,S3,113,3616,0,0
2022-07-20,P105,S1,119,3332,0,0
2022-07-20,P105,S2,106,3286,0,0
2022-07-20,P105,S3,115,4600,1,0
2022-07-21,P101,S1,115,5290,0,0
2022-07-21,P101,S2,101,2020,0,0
2022-07-21,P101,S3,86,2408,1,0
2022-07-21,P102,S1,145,5075,1,0
2022-07-21,P102,S2,129,6192,0,0
2022-07-21,P102,S3,109,5123,1,0
2022-07-21,P103,S1,117,5616,1,0
2022-07-21,P103,S2,112,2912,0,0
2022-07-21,P103,S3,129,3096,0,0
2022-07-21,P104,S1,106,2332,0,0
2022-07-21,P104,S2,75,1800,0,0
2022-07-21,P104,S3,135,3240,0,0
2022-07-21,P105,S1,113,5085,0,0
2022-07-21,P105,S2,118,4720,0,0
2022-07-21,P105,S3,142,3834,1,0
2022-07-22,P101,S1,110,3300,1,0
2022-07-22,P101,S2,101,4444,0,0
2022-07-22,P101,S3,105,4200,0,0
2022-07-22,P102,S1,101,3131,0,0
2022-07-22,P102,S2,110,4730,0,0
2022-07-22,P102,S3,116,3016,0,0
2022-07-22,P103,S1,121,5082,0,0
2022-07-22,P103,S2,121,3751,1,0
2022-07-22,P103,S3,112,4032,0,0
2022-07-22,P104,S1,119,3927,1,0
2022-07-22,P104,S2,84,1932,1,0
2022-07-22,P104,S3,127,6096,0,0
2022-07-22,P105,S1,121,5324,1,0
2022-07-22,P105,S2,112,3360,0,0
2022-07-22,P105,S3,113,2712,0,0
2022-07-23,P101,S1,121,3388,1,0
2022-07-23,P101,S2,114,2394,0,0
2022-07-23,P101,S3,130,4810,0,0
2022-07-23,P102,S1,119,2856,0,0
2022-07-23,P102,S2,141,6627,0,0
2022-07-23,P102,S3,140,5040,1,0
2022-07-23,P103,S1,138,5796,1,0
2022-07-23,P103,S2,135,4590,0,0
2022-07-23,P103,S3,158,7426,0,0
2022-07-23,P104,S1,146,6716,0,0
2022-07-23,P104,S2,131,3930,0,0
2022-07-23,P104,S3,138,3036,0,0
2022-07-23,P105,S1,101,4040,1,0
2022-07-23,P105,S2,133,4123,0,0
2022-07-23,P105,S3,134,5494,0,0
2022-07-24,P101,S1,144,5616,0,1
2022-07-24,P101,S2,114,4788,1,1
2022-07-24,P101,S3,152,5928,1,1
2022-07-24,P102,S1,134,6432,0,1
2022-07-24,P102,S2,127,5207,0,1
2022-07-24,P102,S3,110,4510,1,1
2022-07-24,P103,S1,139,3058,1,1
2022-07-24,P103,S2,134,2948,1,1
2022-07-24,P103,S3,149,6705,1,1
2022-07-24,P104,S1,134,4288,0,1
2022-07-24,P104,S2,165,5940,0,1
2022-07-24,P104,S3,161,3864,1,1
2022-07-24,P105,S1,108,4320,0,1
2022-07-24,P105,S2,158,6004,1,1
2022-07-24,P105,S3,118,5192,0,1
2022-07-25,P101,S1,113,4407,0,0
2022-07-25,P101,S2,84,3864,1,0
2022-07-25,P101,S3,91,3458,0,0
2022-07-25,P102,S1,140,4760,0,0
2022-07-25,P102,S2,121,4477,1,0
2022-07-25,P102,S3,91,2366,0,0
2022-07-25,P103,S1,113,3277,0,0
2022-07-25,P103,S2,109,4578,0,0
2022-07-25,P103,S3,97,3104,1,0
2022-07-25,P104,S1,110,4070,0,0
2022-07-25,P104,S2,127,2921,0,0
2022-07-25,P104,S3,127,2540,0,0
2022-07-25,P105,S1,90,2430,1,0
2022-07-25,P105,S2,97,2716,1,0
2022-07-25,P105,S3,78,1950,0,0
2022-07-26,P101,S1,114,5244,1,0
2022-07-26,P101,S2,88,3608,0,0
2022-07-26,P101,S3,126,5922,1,0
2022-07-26,P102,S1,123,4305,0,0
2022-07-26,P102,S2,143,3432,1,0
2022-07-26,P102,S3,117,2691,0,0
2022-07-26,P103,S1,102,2040,1,0
2022-07-26,P103,S2,124,3844,1,0
2022-07-26,P103,S3,93,3999,0,0
2022-07-26,P104,S1,107,3210,0,0
2022-07-26,P104,S2,101,3939,0,0
2022-07-26,P104,S3,126,3276,0,0
2022-07-26,P105,S1,98,3136,0,0
2022-07-26,P105,S2,111,5217,0,0
2022-07-26,P105,S3,99,4752,0,0
2022-07-27,P101,S1,102,4488,0,0
2022-07-27,P101,S2,117,2808,0,0
2022-07-27,P101,S3,101,3636,0,0
2022-07-27,P102,S1,103,4532,0,0
2022-07-27,P102,S2,97,2522,0,0
2022-07-27,P102,S3,118,5192,0,0
2022-07-27,P103,S1,144,4320,1,0
2022-07-27,P103,S2,108,3564,0,0
2022-07-27,P103,S3,118,4012,0,0
2022-07-27,P104,S1,119,3689,0,0
2022-07-27,P104,S2,89,2225,0,0
2022-07-27,P104,S3,103,2987,1,0
2022-07-27,P105,S1,131,5109,0,0
2022-07-27,P105,S2,125,3375,0,0
2022-07-27,P105,S3,142,4118,1,0
2022-07-28,P101,S1,117,2808,1,0
2022-07-28,P101,S2,104,2600,0,0
2022-07-28,P101,S3,93,3999,0,0
2022-07-28,P102,S1,97,3298,0,0
2022-07-28,P102,S2,120,3720,0,0
2022-07-28,P102,S3,104,3224,0,0
2022-07-28,P103,S1,137,5343,0,0
2022-07-28,P103,S2,118,2832,0,0
2022-07-28,P103,S3,120,3120,0,0
2022-07-28,P104,S1,100,4600,0,0
2022-07-28,P104,S2,91,3549,0,0
2022-07-28,P104,S3,127,2921,0,0
2022-07-28,P105,S1,90,3870,1,0
2022-07-28,P105,S2,110,3850,1,0
2022-07-28,P105,S3,102,3570,0,0
2022-07-29,P101,S1,120,3840,0,0
2022-07-29,P101,S2,118,4484,0,0
2022-07-29,P101,S3,131,6026,0,0
2022-07-29,P102,S1,124,5208,0,0
2022-07-29,P102,S2,130,3510,1,0
2022-07-29,P102,S3,115,2415,0,0
2022-07-29,P103,S1,105,5040,1,0
2022-07-29,P103,S2,116,5104,0,0
2022-07-29,P103,S3,122,3538,1,0
2022-07-29,P104,S1,106,2968,1,0
2022-07-29,P104,S2,113,3729,0,0
2022-07-29,P104,S3,142,3692,0,0
2022-07-29,P105,S1,131,5895,1,0
2022-07-29,P105,S2,103,2266,0,0
2022-07-29,P105,S3,139,6672,0,0
2022-07-30,P101,S1,129,4128,1,0
2022-07-30,P101,S2,123,3936,0,0
2022-07-30,P101,S3,133,4655,0,0
2022-07-30,P102,S1,133,5719,1,0
2022-07-30,P102,S2,117,5031,0,0
2022-07-30,P102,S3,150,7350,1,0
2022-07-30,P103,S1,133,3458,0,0
2022-07-30,P103,S2,139,3892,0,0
2022-07-30,P103,S3,134,4154,0,0
2022-07-30,P104,S1,144,4608,0,0
2022-07-30,P104,S2,133,4655,0,0
2022-07-30,P104,S3,132,6468,0,0
2022-07-30,P105,S1,113,4859,1,0
2022-07-30,P105,S2,129,3741,0,0
2022-07-30,P105,S3,130,6240,1,0
2022-07-31,P101,S1,137,4932,1,1
2022-07-31,P101,S2,140,6160,0,1
2022-07-31,P101,S3,148,5328,0,1
2022-07-31,P102,S1,150,7350,1,1
2022-07-31,P102,S2,138,4278,0,1
2022-07-31,P102,S3,125,3125,0,1
2022-07-31,P103,S1,138,6762,1,1
2022-07-31,P103,S2,136,2720,0,1
2022-07-31,P103,S3,127,4318,1,1
2022-07-31,P104,S1,128,5376,0,1
2022-07-31,P104,S2,123,5166,0,1
2022-07-31,P104,S3,108,5292,1,1
2022-07-31,P105,S1,140,6020,1,1
2022-07-31,P105,S2,140,2940,0,1
2022-07-31,P105,S3,138,3312,0,1
2022-08-01,P101,S1,133,4522,0,0
2022-08-01,P101,S2,106,2968,0,0
2022-08-01,P101,S3,118,4130,0,0
2022-08-01,P102,S1,136,4080,0,0
2022-08-01,P102,S2,130,5330,0,0
2022-08-01,P102,S3,140,5460,0,0
2022-08-01,P103,S1,131,4192,0,0
2022-08-01,P103,S2,136,6392,0,0
2022-08-01,P103,S3,127,3683,0,0
2022-08-01,P104,S1,126,3906,0,0
2022-08-01,P104,S2,124,4588,0,0
2022-08-01,P104,S3,113,2486,0,0
2022-08-01,P105,S1,107,4494,0,0
2022-08-01,P105,S2,99,3069,1,0
2022-08-01,P105,S3,107,4173,1,0
2022-08-02,P101,S1,134,3216,0,0
2022-08-02,P101,S2,128,4352,0,0
2022-08-02,P101,S3,99,3564,0,0
2022-08-02,P102,S1,98,2352,0,0
2022-08-02,P102,S2,111,2775,1,0
2022-08-02,P102,S3,146,2920,0,0
2022-08-02,P103,S1,108,4968,1,0
2022-08-02,P103,S2,137,3014,0,0
2022-08-02,P103,S3,140,5320,1,0
2022-08-02,P104,S1,117,4446,0,0
2022-08-02,P104,S2,100,4400,0,0
2022-08-02,P104,S3,108,3780,0,0
2022-08-02,P105,S1,133,4921,0,0
2022-08-02,P105,S2,121,5808,0,0
2022-08-02,P105,S3,92,2944,0,0
2022-08-03,P101,S1,141,4371,0,0
2022-08-03,P101,S2,125,6125,0,0
2022-08-03,P101,S3,108,4860,0,0
2022-08-03,P102,S1,115,5405,1,0
2022-08-03,P102,S2,136,5712,0,0
2022-08-03,P102,S3,117,4797,0,0
2022-08-03,P103,S1,124,4588,1,0
2022-08-03,P103,S2,117,4914,0,0
2022-08-03,P103,S3,122,5734,1,0
2022-08-03,P104,S1,123,3321,0,0
2022-08-03,P104,S2,116,3944,0,0
2022-08-03,P104,S3,90,1890,0,0
2022-08-03,P105,S1,101,3838,0,0
2022-08-03,P105,S2,116,3016,1,0
2022-08-03,P105,S3,106,2120,0,0
2022-08-04,P101,S1,116,4872,1,0
2022-08-04,P101,S2,125,4250,0,0
2022-08-04,P101,S3,127,3048,0,0
2022-08-04,P102,S1,121,4598,0,0
2022-08-04,P102,S2,122,5734,0,0
2022-08-04,P102,S3,144,4896,0,0
2022-08-04,P103,S1,114,4446,0,0
2022-08-04,P103,S2,133,6251,0,0
2022-08-04,P103,S3,87,2262,1,0
2022-08-04,P104,S1,109,3924,1,0
2022-08-04,P104,S2,105,2625,0,0
2022-08-04,P104,S3,119,5712,1,0
2022-08-04,P105,S1,117,3978,0,0
2022-08-04,P105,S2,111,5439,0,0
2022-08-04,P105,S3,85,3910,1,0
2022-08-05,P101,S1,147,4704,1,0
2022-08-05,P101,S2,109,2725,1,0
2022-08-05,P101,S3,142,6106,1,0
2022-08-05,P102,S1,93,3348,0,0
2022-08-05,P102,S2,118,4602,0,0
2022-08-05,P102,S3,141,6627,0,0
2022-08-05,P103,S1,96,4608,0,0
2022-08-05,P103,S2,133,3591,0,0
2022-08-05,P103,S3,142,3124,0,0
2022-08-05,P104,S1,117,5733,0,0
2022-08-05,P104,S2,132,4752,0,0
2022-08-05,P104,S3,81,1701,0,0
2022-08-05,P105,S1,96,2880,0,0
2022-08-05,P105,S2,115,3910,0,0
2022-08-05,P105,S3,100,2800,0,0
2022-08-06,P101,S1,161,5313,1,0
2022-08-06,P101,S2,142,6816,0,0
2022-08-06,P101,S3,134,6164,0,0
2022-08-06,P102,S1,122,3172,0,0
2022-08-06,P102,S2,121,5203,0,0
2022-08-06,P102,S3,133,2926,0,0
2022-08-06,P103,S1,130,4420,1,0
2022-08-06,P103,S2,134,2680,0,0
2022-08-06,P103,S3,136,3808,0,0
2022-08-06,P104,S1,153,7497,1,0
2022-08-06,P104,S2,151,4832,0,0
2022-08-06,P104,S3,146,4964,0,0
2022-08-06,P105,S1,163,5379,1,0
2022-08-06,P105,S2,97,3201,0,0
2022-08-06,P105,S3,140,6860,1,0
2022-08-07,P101,S1,115,3335,1,1
2022-08-07,P101,S2,126,4032,0,1
2022-08-07,P101,S3,154,3850,0,1
2022-08-07,P102,S1,161,6118,0,1
2022-08-07,P102,S2,144,4176,0,1
2022-08-07,P102,S3,154,3080,0,1
2022-08-07,P103,S1,133,3990,0,1
2022-08-07,P103,S2,155,3875,0,1
2022-08-07,P103,S3,127,2794,0,1
2022-08-07,P104,S1,130,6110,0,1
2022-08-07,P104,S2,141,6627,0,1
2022-08-07,P104,S3,120,3720,0,1
2022-08-07,P105,S1,152,6232,0,1
2022-08-07,P105,S2,152,5016,1,1
2022-08-07,P105,S3,91,3640,0,1
2022-08-08,P101,S1,106,4876,0,0
2022-08-08,P101,S2,96,4512,0,0
2022-08-08,P101,S3,126,6174,0,0
2022-08-08,P102,S1,106,4664,0,0
2022-08-08,P102,S2,108,4212,0,0
2022-08-08,P102,S3,145,4930,0,0
2022-08-08,P103,S1,117,4212,0,0
2022-08-08,P103,S2,100,4500,0,0
2022-08-08,P103,S3,101,4545,0,0
2022-08-08,P104,S1,104,3432,1,0
2022-08-08,P104,S2,126,3528,1,0
2022-08-08,P104,S3,95,2185,0,0
2022-08-08,P105,S1,129,6192,0,0
2022-08-08,P105,S2,122,4270,1,0
2022-08-08,P105,S3,122,2806,0,0
2022-08-09,P101,S1,105,2415,1,0
2022-08-09,P101,S2,150,4800,0,0
2022-08-09,P101,S3,151,5134,0,0
2022-08-09,P102,S1,136,3264,1,0
2022-08-09,P102,S2,111,4440,1,0
2022-08-09,P102,S3,109,2943,0,0
2022-08-09,P103,S1,124,2604,1,0
2022-08-09,P103,S2,106,3816,0,0
2022-08-09,P103,S3,103,3090,0,0
2022-08-09,P104,S1,96,2784,0,0
2022-08-09,P104,S2,137,6302,0,0
2022-08-09,P104,S3,96,4416,1,0
2022-08-09,P105,S1,98,4508,0,0
2022-08-09,P105,S2,145,5075,1,0
2022-08-09,P105,S3,106,2862,0,0
2022-08-10,P101,S1,99,3366,1,0
2022-08-10,P101,S2,141,6204,0,0
2022-08-10,P101,S3,108,5184,0,0
2022-08-10,P102,S1,145,6960,1,0
2022-08-10,P102,S2,109,3052,1,0
2022-08-10,P102,S3,124,4960,0,0
2022-08-10,P103,S1,121,4598,0,0
2022-08-10,P103,S2,128,2560,0,0
2022-08-10,P103,S3,110,4400,1,0
2022-08-10,P104,S1,111,2997,1,0
2022-08-10,P104,S2,120,3480,0,0
2022-08-10,P104,S3,111,4773,0,0
2022-08-10,P105,S1,134,6298,0,0
2022-08-10,P105,S2,136,3944,0,0
2022-08-10,P105,S3,118,4130,0,0
2022-08-11,P101,S1,115,3565,0,0
2022-08-11,P101,S2,138,4554,1,0
2022-08-11,P101,S3,127,3302,1,0
2022-08-11,P102,S1,138,3726,1,0
2022-08-11,P102,S2,97,3880,1,0
2022-08-11,P102,S3,134,3216,1,0
2022-08-11,P103,S1,119,3094,0,0
2022-08-11,P103,S2,104,4784,0,0
2022-08-11,P103,S3,117,4446,0,0
2022-08-11,P104,S1,99,4554,1,0
2022-08-11,P104,S2,112,4704,0,0
2022-08-11,P104,S3,114,5016,1,0
2022-08-11,P105,S1,125,4000,0,0
2022-08-11,P105,S2,111,3885,0,0
2022-08-11,P105,S3,123,4428,1,0
2022-08-12,P101,S1,96,4224,1,0
2022-08-12,P101,S2,127,5715,0,0
2022-08-12,P101,S3,108,2592,1,0
2022-08-12,P102,S1,124,3720,1,0
2022-08-12,P102,S2,102,3570,0,0
2022-08-12,P102,S3,102,4182,0,0
2022-08-12,P103,S1,127,4445,0,0
2022-08-12,P103,S2,112,4704,1,0
2022-08-12,P103,S3,110,3520,0,0
2022-08-12,P104,S1,98,2254,1,0
2022-08-12,P104,S2,98,4018,0,0
2022-08-12,P104,S3,121,5687,0,0
2022-08-12,P105,S1,111,4440,0,0
2022-08-12,P105,S2,106,2438,0,0
2022-08-12,P105,S3,145,3335,0,0
2022-08-13,P101,S1,150,3600,0,0
2022-08-13,P101,S2,150,6300,0,0
2022-08-13,P101,S3,126,2520,0,0
2022-08-13,P102,S1,141,3525,0,0
2022-08-13,P102,S2,118,2360,0,0
2022-08-13,P102,S3,160,5120,0,0
2022-08-13,P103,S1,121,3388,1,0
2022-08-13,P103,S2,143,3146,0,0
2022-08-13,P103,S3,138,3174,0,0
2022-08-13,P104,S1,93,3999,1,0
2022-08-13,P104,S2,141,6909,0,0
2022-08-13,P104,S3,130,3380,0,0
2022-08-13,P105,S1,135,3645,0,0
2022-08-13,P105,S2,124,4588,1,0
2022-08-13,P105,S3,136,4488,0,0
2022-08-14,P101,S1,141,3666,0,1
2022-08-14,P101,S2,137,4247,0,1
2022-08-14,P101,S3,128,4096,0,1
2022-08-14,P102,S1,149,7152,0,1
2022-08-14,P102,S2,127,3683,0,1
2022-08-14,P102,S3,122,4758,0,1
2022-08-14,P103,S1,125,3875,1,1
2022-08-14,P103,S2,128,5760,0,1
2022-08-14,P103,S3,148,4588,1,1
2022-08-14,P104,S1,129,2709,0,1
2022-08-14,P104,S2,120,5880,0,1
2022-08-14,P104,S3,125,2500,0,1
2022-08-14,P105,S1,125,3500,0,1
2022-08-14,P105,S2,125,6000,0,1
2022-08-14,P105,S3,138,3588,0,1
2022-08-15,P101,S1,85,2040,0,0
2022-08-15,P101,S2,110,4510,0,0
2022-08-15,P101,S3,100,3700,0,0
2022-08-15,P102,S1,134,2814,0,0
2022-08-15,P102,S2,95,2755,0,0
2022-08-15,P102,S3,128,5120,1,0
2022-08-15,P103,S1,120,3720,0,0
2022-08-15,P103,S2,133,6517,1,0
2022-08-15,P103,S3,115,2645,0,0
2022-08-15,P104,S1,112,5152,0,0
2022-08-15,P104,S2,125,5125,0,0
2022-08-15,P104,S3,100,3700,0,0
2022-08-15,P105,S1,106,5194,0,0
2022-08-15,P105,S2,108,2700,0,0
2022-08-15,P105,S3,105,4830,0,0
2022-08-16,P101,S1,114,4674,1,0
2022-08-16,P101,S2,105,2625,1,0
2022-08-16,P101,S3,145,5220,1,0
2022-08-16,P102,S1,138,5658,0,0
2022-08-16,P102,S2,117,5616,0,0
2022-08-16,P102,S3,106,2862,0,0
2022-08-16,P103,S1,109,4687,0,0
2022-08-16,P103,S2,122,2562,1,0
2022-08-16,P103,S3,115,5635,0,0
2022-08-16,P104,S1,91,3458,0,0
2022-08-16,P104,S2,107,3424,0,0
2022-08-16,P104,S3,136,4760,1,0
2022-08-16,P105,S1,120,5520,1,0
2022-08-16,P105,S2,99,3168,0,0
2022-08-16,P105,S3,131,2882,1,0
2022-08-17,P101,S1,118,3186,0,0
2022-08-17,P101,S2,127,5461,0,0
2022-08-17,P101,S3,106,4452,0,0
2022-08-17,P102,S1,120,4800,0,0
2022-08-17,P102,S2,121,2420,0,0
2022-08-17,P102,S3,86,2838,0,0
2022-08-17,P103,S1,123,4182,1,0
2022-08-17,P103,S2,119,5593,1,0
2022-08-17,P103,S3,113,3164,0,0
2022-08-17,P104,S1,120,5520,0,0
2022-08-17,P104,S2,101,2929,0,0
2022-08-17,P104,S3,119,5474,0,0
2022-08-17,P105,S1,136,3400,0,0
2022-08-17,P105,S2,88,2816,0,0
2022-08-17,P105,S3,89,1869,1,0
2022-08-18,P101,S1,89,4361,0,0
2022-08-18,P101,S2,85,2720,0,0
2022-08-18,P101,S3,111,4884,1,0
2022-08-18,P102,S1,80,2720,0,0
2022-08-18,P102,S2,100,4500,0,0
2022-08-18,P102,S3,120,4080,1,0
2022-08-18,P103,S1,104,4160,0,0
2022-08-18,P103,S2,116,4408,0,0
2022-08-18,P103,S3,130,3510,0,0
2022-08-18,P104,S1,116,4988,1,0
2022-08-18,P104,S2,94,4512,0,0
2022-08-18,P104,S3,115,3795,0,0
2022-08-18,P105,S1,132,3696,0,0
2022-08-18,P105,S2,99,3663,0,0
2022-08-18,P105,S3,112,4480,1,0
2022-08-19,P101,S1,118,3658,1,0
2022-08-19,P101,S2,106,5088,0,0
2022-08-19,P101,S3,105,2520,1,0
2022-08-19,P102,S1,128,5504,0,0
2022-08-19,P102,S2,100,2300,0,0
2022-08-19,P102,S3,119,2618,1,0
2022-08-19,P103,S1,129,4902,0,0
2022-08-19,P103,S2,108,4536,0,0
2022-08-19,P103,S3,95,2565,0,0
2022-08-19,P104,S1,140,4340,1,0
2022-08-19,P104,S2,99,2871,0,0
2022-08-19,P104,S3,129,4257,0,0
2022-08-19,P105,S1,104,2288,1,0
2022-08-19,P105,S2,111,2442,0,0
2022-08-19,P105,S3,102,2040,0,0
2022-08-20,P101,S1,123,3444,0,0
2022-08-20,P101,S2,132,5544,0,0
2022-08-20,P101,S3,140,5600,1,0
2022-08-20,P102,S1,144,4320,0,0
2022-08-20,P102,S2,126,5040,0,0
2022-08-20,P102,S3,133,3591,0,0
2022-08-20,P103,S1,157,7379,0,0
2022-08-20,P103,S2,112,3472,0,0
2022-08-20,P103,S3,155,6045,1,0
2022-08-20,P104,S1,159,3657,0,0
2022-08-20,P104,S2,139,3753,0,0
2022-08-20,P104,S3,130,4160,0,0
2022-08-20,P105,S1,136,5304,0,0
2022-08-20,P105,S2,139,3058,1,0
2022-08-20,P105,S3,145,4785,1,0
2022-08-21,P101,S1,135,5940,0,1
2022-08-21,P101,S2,143,4147,0,1
2022-08-21,P101,S3,144,5328,0,1
2022-08-21,P102,S1,113,2599,0,1
2022-08-21,P102,S2,146,3796,0,1
2022-08-21,P102,S3,130,2860,0,1
2022-08-21,P103,S1,148,7104,1,1
2022-08-21,P103,S2,116,5684,0,1
2022-08-21,P103,S3,138,6072,1,1
2022-08-21,P104,S1,150,5250,0,1
2022-08-21,P104,S2,148,3552,1,1
2022-08-21,P104,S3,121,4840,0,1
2022-08-21,P105,S1,142,3976,1,1
2022-08-21,P105,S2,128,4480,1,1
2022-08-21,P105,S3,126,2520,1,1
2022-08-22,P101,S1,121,3388,0,0
2022-08-22,P101,S2,117,3042,1,0
2022-08-22,P101,S3,155,6975,0,0
2022-08-22,P102,S1,132,3300,1,0
2022-08-22,P102,S2,119,2499,0,0
2022-08-22,P102,S3,102,2448,0,0
2022-08-22,P103,S1,109,3052,0,0
2022-08-22,P103,S2,95,2470,1,0
2022-08-22,P103,S3,133,3591,1,0
2022-08-22,P104,S1,125,3125,0,0
2022-08-22,P104,S2,102,2142,0,0
2022-08-22,P104,S3,75,2250,1,0
2022-08-22,P105,S1,114,2394,0,0
2022-08-22,P105,S2,119,4879,1,0
2022-08-22,P105,S3,135,3645,1,0
2022-08-23,P101,S1,94,2444,0,0
2022-08-23,P101,S2,103,4326,0,0
2022-08-23,P101,S3,125,4875,0,0
2022-08-23,P102,S1,127,5715,0,0
2022-08-23,P102,S2,123,5904,0,0
2022-08-23,P102,S3,110,3740,0,0
2022-08-23,P103,S1,126,3150,1,0
2022-08-23,P103,S2,113,4972,0,0
2022-08-23,P103,S3,125,3125,1,0
2022-08-23,P104,S1,111,5439,0,0
2022-08-23,P104,S2,90,3600,0,0
2022-08-23,P104,S3,108,2160,0,0
2022-08-23,P105,S1,102,4794,0,0
2022-08-23,P105,S2,117,2340,1,0
2022-08-23,P105,S3,112,4704,1,0
2022-08-24,P101,S1,111,4662,0,0
2022-08-24,P101,S2,146,3796,1,0
2022-08-24,P101,S3,111,3663,1,0
2022-08-24,P102,S1,97,3298,0,0
2022-08-24,P102,S2,130,2990,0,0
2022-08-24,P102,S3,73,2482,1,0
2022-08-24,P103,S1,124,4712,0,0
2022-08-24,P103,S2,105,4095,0,0
2022-08-24,P103,S3,108,3132,1,0
2022-08-24,P104,S1,98,3136,1,0
2022-08-24,P104,S2,126,5796,0,0
2022-08-24,P104,S3,108,5076,1,0
2022-08-24,P105,S1,160,5920,0,0
2022-08-24,P105,S2,107,3210,0,0
2022-08-24,P105,S3,121,5566,1,0
2022-08-25,P101,S1,114,4446,0,0
2022-08-25,P101,S2,105,2205,1,0
2022-08-25,P101,S3,118,2714,0,0
2022-08-25,P102,S1,123,3198,0,0
2022-08-25,P102,S2,87,2871,0,0
2022-08-25,P102,S3,125,4125,0,0
2022-08-25,P103,S1,124,4216,1,0
2022-08-25,P103,S2,117,5499,1,0
2022-08-25,P103,S3,122,5368,0,0
2022-08-25,P104,S1,104,2808,0,0
2022-08-25,P104,S2,104,3640,0,0
2022-08-25,P104,S3,124,5704,1,0
2022-08-25,P105,S1,122,4636,1,0
2022-08-25,P105,S2,113,3955,1,0
2022-08-25,P105,S3,127,4191,0,0
2022-08-26,P101,S1,140,4200,0,0
2022-08-26,P101,S2,138,5520,0,0
2022-08-26,P101,S3,85,4165,0,0
2022-08-26,P102,S1,113,5198,0,0
2022-08-26,P102,S2,116,3248,0,0
2022-08-26,P102,S3,95,4180,0,0
2022-08-26,P103,S1,121,5566,1,0
2022-08-26,P103,S2,120,5640,0,0
2022-08-26,P103,S3,127,3048,0,0
2022-08-26,P104,S1,102,4896,1,0
2022-08-26,P104,S2,118,2360,0,0
2022-08-26,P104,S3,138,6348,0,0
2022-08-26,P105,S1,121,5808,0,0
2022-08-26,P105,S2,113,2712,0,0
2022-08-26,P105,S3,136,5304,0,0
2022-08-27,P101,S1,95,3325,1,0
2022-08-27,P101,S2,118,4484,0,0
2022-08-27,P101,S3,114,3876,0,0
2022-08-27,P102,S1,142,4970,0,0
2022-08-27,P102,S2,136,4624,1,0
2022-08-27,P102,S3,160,5120,1,0
2022-08-27,P103,S1,114,4674,0,0
2022-08-27,P103,S2,150,3900,0,0
2022-08-27,P103,S3,126,2520,1,0
2022-08-27,P104,S1,134,4690,0,0
2022-08-27,P104,S2,135,4455,0,0
2022-08-27,P104,S3,168,4200,1,0
2022-08-27,P105,S1,158,5688,0,0
2022-08-27,P105,S2,128,3328,0,0
2022-08-27,P105,S3,151,4983,1,0
2022-08-28,P101,S1,130,3770,0,1
2022-08-28,P101,S2,119,4403,1,1
2022-08-28,P101,S3,122,2562,0,1
2022-08-28,P102,S1,115,4485,0,1
2022-08-28,P102,S2,129,5031,0,1
2022-08-28,P102,S3,152,5016,0,1
2022-08-28,P103,S1,157,5966,0,1
2022-08-28,P103,S2,136,2856,0,1
2022-08-28,P103,S3,132,4884,1,1
2022-08-28,P104,S1,152,4560,0,1
2022-08-28,P104,S2,156,4992,0,1
2022-08-28,P104,S3,122,4514,0,1
2022-08-28,P105,S1,165,4620,0,1
2022-08-28,P105,S2,135,5940,0,1
2022-08-28,P105,S3,120,4680,0,1
2022-08-29,P101,S1,113,3616,0,0
2022-08-29,P101,S2,109,4578,1,0
2022-08-29,P101,S3,106,4982,1,0
2022-08-29,P102,S1,113,4859,1,0
2022-08-29,P102,S2,129,4386,0,0
2022-08-29,P102,S3,112,3920,0,0
2022-08-29,P103,S1,110,5170,0,0
2022-08-29,P103,S2,136,2992,1,0
2022-08-29,P103,S3,118,3068,1,0
2022-08-29,P104,S1,134,5092,0,0
2022-08-29,P104,S2,88,2376,0,0
2022-08-29,P104,S3,101,2121,0,0
2022-08-29,P105,S1,113,5537,0,0
2022-08-29,P105,S2,92,3680,0,0
2022-08-29,P105,S3,111,2775,1,0
2022-08-30,P101,S1,144,5472,0,0
2022-08-30,P101,S2,91,3731,0,0
2022-08-30,P101,S3,119,2737,0,0
2022-08-30,P102,S1,96,3840,0,0
2022-08-30,P102,S2,111,2553,0,0
2022-08-30,P102,S3,114,4446,1,0
2022-08-30,P103,S1,103,4120,0,0
2022-08-30,P103,S2,128,3840,0,0
2022-08-30,P103,S3,101,3939,1,0
2022-08-30,P104,S1,123,3321,1,0
2022-08-30,P104,S2,114,2964,1,0
2022-08-30,P104,S3,128,4608,0,0
2022-08-30,P105,S1,64,1728,1,0
2022-08-30,P105,S2,116,4524,0,0
2022-08-30,P105,S3,144,5328,0,0
2022-08-31,P101,S1,101,4848,0,0
2022-08-31,P101,S2,104,4264,0,0
2022-08-31,P101,S3,146,5402,0,0
2022-08-31,P102,S1,111,3441,0,0
2022-08-31,P102,S2,136,4624,0,0
2022-08-31,P102,S3,89,2225,1,0
2022-08-31,P103,S1,112,4816,1,0
2022-08-31,P103,S2,106,4876,0,0
2022-08-31,P103,S3,116,3480,0,0
2022-08-31,P104,S1,89,2225,0,0
2022-08-31,P104,S2,121,5566,1,0
2022-08-31,P104,S3,107,2247,0,0
2022-08-31,P105,S1,125,2625,0,0
2022-08-31,P105,S2,113,5537,0,0
2022-08-31,P105,S3,133,2660,1,0
2022-09-01,P101,S1,135,4050,1,0
2022-09-01,P101,S2,117,3276,0,0
2022-09-01,P101,S3,109,3379,0,0
2022-09-01,P102,S1,100,2400,1,0
2022-09-01,P102,S2,88,2464,1,0
2022-09-01,P102,S3,152,4408,0,0
2022-09-01,P103,S1,112,4592,0,0
2022-09-01,P103,S2,91,3276,1,0
2022-09-01,P103,S3,98,4312,0,0
2022-09-01,P104,S1,115,4830,1,0
2022-09-01,P104,S2,103,3399,0,0
2022-09-01,P104,S3,114,3648,0,0
2022-09-01,P105,S1,118,4838,0,0
2022-09-01,P105,S2,111,2886,1,0
2022-09-01,P105,S3,116,3480,1,0
2022-09-02,P101,S1,131,4847,0,0
2022-09-02,P101,S2,103,3296,0,0
2022-09-02,P101,S3,122,2562,0,0
2022-09-02,P102,S1,145,5800,1,0
2022-09-02,P102,S2,121,4356,0,0
2022-09-02,P102,S3,97,3395,0,0
2022-09-02,P103,S1,108,4860,1,0
2022-09-02,P103,S2,106,4664,0,0
2022-09-02,P103,S3,123,5535,0,0
2022-09-02,P104,S1,128,6272,0,0
2022-09-02,P104,S2,125,4625,1,0
2022-09-02,P104,S3,109,3379,0,0
2022-09-02,P105,S1,101,4545,1,0
2022-09-02,P105,S2,121,4356,0,0
2022-09-02,P105,S3,129,4257,0,0
2022-09-03,P101,S1,137,4795,0,0
2022-09-03,P101,S2,128,3456,0,0
2022-09-03,P101,S3,142,6248,0,0
2022-09-03,P102,S1,129,3225,0,0
2022-09-03,P102,S2,156,4056,1,0
2022-09-03,P102,S3,155,5115,0,0
2022-09-03,P103,S1,131,4585,0,0
2022-09-03,P103,S2,149,4172,0,0
2022-09-03,P103,S3,134,4154,1,0
2022-09-03,P104,S1,118,5664,0,0
2022-09-03,P104,S2,137,5206,1,0
2022-09-03,P104,S3,148,5180,0,0
2022-09-03,P105,S1,152,4560,1,0
2022-09-03,P105,S2,133,5320,0,0
2022-09-03,P105,S3,134,4154,1,0
2022-09-04,P101,S1,139,5143,0,1
2022-09-04,P101,S2,152,4712,0,1
2022-09-04,P101,S3,138,5934,0,1
2022-09-04,P102,S1,163,7009,0,1
2022-09-04,P102,S2,129,5547,0,1
2022-09-04,P102,S3,125,4500,1,1
2022-09-04,P103,S1,130,5330,0,1
2022-09-04,P103,S2,127,3429,0,1
2022-09-04,P103,S3,147,4704,0,1
2022-09-04,P104,S1,147,3381,1,1
2022-09-04,P104,S2,146,6570,0,1
2022-09-04,P104,S3,151,3473,0,1
2022-09-04,P105,S1,134,3082,1,1
2022-09-04,P105,S2,118,4720,1,1
2022-09-04,P105,S3,130,3900,1,1
2022-09-05,P101,S1,131,3013,1,0
2022-09-05,P101,S2,111,2331,0,0
2022-09-05,P101,S3,150,6450,0,0
2022-09-05,P102,S1,71,1846,1,0
2022-09-05,P102,S2,118,5310,1,0
2022-09-05,P102,S3,131,6026,0,0
2022-09-05,P103,S1,103,3399,0,0
2022-09-05,P103,S2,93,4464,0,0
2022-09-05,P103,S3,113,3616,0,0
2022-09-05,P104,S1,168,4704,0,0
2022-09-05,P104,S2,128,3456,0,0
2022-09-05,P104,S3,101,2020,0,0
2022-09-05,P105,S1,89,3382,0,0
2022-09-05,P105,S2,134,5762,0,0
2022-09-05,P105,S3,121,5929,1,0
2022-09-06,P101,S1,91,4277,0,0
2022-09-06,P101,S2,109,3815,0,0
2022-09-06,P101,S3,130,6240,0,0
2022-09-06,P102,S1,101,2424,0,0
2022-09-06,P102,S2,120,5400,0,0
2022-09-06,P102,S3,126,4788,0,0
2022-09-06,P103,S1,110,5390,0,0
2022-09-06,P103,S2,112,5040,0,0
2022-09-06,P103,S3,93,4278,1,0
2022-09-06,P104,S1,129,2967,0,0
2022-09-06,P104,S2,105,4935,1,0
2022-09-06,P104,S3,135,5400,0,0
2022-09-06,P105,S1,145,6235,0,0
2022-09-06,P105,S2,119,5236,0,0
2022-09-06,P105,S3,108,2808,0,0
2022-09-07,P101,S1,89,2136,0,0
2022-09-07,P101,S2,143,6435,1,0
2022-09-07,P101,S3,122,4148,0,0
2022-09-07,P102,S1,115,5635,1,0
2022-09-07,P102,S2,133,2926,0,0
2022-09-07,P102,S3,128,3200,1,0
2022-09-07,P103,S1,124,3100,1,0
2022-09-07,P103,S2,93,2325,0,0
2022-09-07,P103,S3,105,3780,0,0
2022-09-07,P104,S1,119,5593,0,0
2022-09-07,P104,S2,125,3750,0,0
2022-09-07,P104,S3,110,4950,0,0
2022-09-07,P105,S1,104,4160,1,0
2022-09-07,P105,S2,105,3465,0,0
2022-09-07,P105,S3,110,5390,0,0
2022-09-08,P101,S1,109,4578,0,0
2022-09-08,P101,S2,121,2541,0,0
2022-09-08,P101,S3,90,2430,1,0
2022-09-08,P102,S1,129,5805,1,0
2022-09-08,P102,S2,120,4680,1,0
2022-09-08,P102,S3,118,4012,0,0
2022-09-08,P103,S1,101,4545,1,0
2022-09-08,P103,S2,105,2625,0,0
2022-09-08,P103,S3,106,3180,1,0
2022-09-08,P104,S1,104,3432,1,0
2022-09-08,P104,S2,105,3255,1,0
2022-09-08,P104,S3,109,3052,0,0
2022-09-08,P105,S1,114,3534,0,0
2022-09-08,P105,S2,148,3700,0,0
2022-09-08,P105,S3,117,2691,0,0
2022-09-09,P101,S1,133,2926,0,0
2022-09-09,P101,S2,112,4592,0,0
2022-09-09,P101,S3,117,4563,0,0
2022-09-09,P102,S1,119,3451,0,0
2022-09-09,P102,S2,108,5292,0,0
2022-09-09,P102,S3,126,3780,0,0
2022-09-09,P103,S1,114,3762,0,0
2022-09-09,P103,S2,134,4556,1,0
2022-09-09,P103,S3,99,4554,1,0
2022-09-09,P104,S1,137,6028,1,0
2022-09-09,P104,S2,124,2852,1,0
2022-09-09,P104,S3,117,3861,0,0
2022-09-09,P105,S1,129,3483,0,0
2022-09-09,P105,S2,116,4176,1,0
2022-09-09,P105,S3,113,4633,0,0
2022-09-10,P101,S1,178,6052,1,0
2022-09-10,P101,S2,132,3168,0,0
2022-09-10,P101,S3,151,6644,0,0
2022-09-10,P102,S1,144,6624,1,0
2022-09-10,P102,S2,128,4736,1,0
2022-09-10,P102,S3,145,3915,0,0
2022-09-10,P103,S1,110,4510,1,0
2022-09-10,P103,S2,141,5358,0,0
2022-09-10,P103,S3,137,3562,1,0
2022-09-10,P104,S1,140,4760,1,0
2022-09-10,P104,S2,176,8272,0,0
2022-09-10,P104,S3,136,3944,0,0
2022-09-10,P105,S1,149,6705,0,0
2022-09-10,P105,S2,145,5800,0,0
2022-09-10,P105,S3,128,3328,0,0
2022-09-11,P101,S1,163,7009,0,1
2022-09-11,P101,S2,122,3416,0,1
2022-09-11,P101,S3,102,4896,0,1
2022-09-11,P102,S1,148,6956,1,1
2022-09-11,P102,S2,125,4875,0,1
2022-09-11,P102,S3,139,3892,1,1
2022-09-11,P103,S1,146,3796,0,1
2022-09-11,P103,S2,117,3744,1,1
2022-09-11,P103,S3,129,6063,1,1
2022-09-11,P104,S1,141,5640,0,1
2022-09-11,P104,S2,135,6345,1,1
2022-09-11,P104,S3,135,6615,0,1
2022-09-11,P105,S1,136,3536,0,1
2022-09-11,P105,S2,131,4847,0,1
2022-09-11,P105,S3,141,6486,1,1
2022-09-12,P101,S1,107,4708,0,0
2022-09-12,P101,S2,99,3366,0,0
2022-09-12,P101,S3,115,3335,0,0
2022-09-12,P102,S1,123,3567,0,0
2022-09-12,P102,S2,114,5244,0,0
2022-09-12,P102,S3,121,2420,0,0
2022-09-12,P103,S1,132,6204,0,0
2022-09-12,P103,S2,112,4144,0,0
2022-09-12,P103,S3,127,3810,0,0
2022-09-12,P104,S1,107,3852,0,0
2022-09-12,P104,S2,125,3625,1,0
2022-09-12,P104,S3,109,4687,0,0
2022-09-12,P105,S1,132,3432,0,0
2022-09-12,P105,S2,121,4840,0,0
2022-09-12,P105,S3,146,4234,1,0
2022-09-13,P101,S1,98,3430,0,0
2022-09-13,P101,S2,101,3333,0,0
2022-09-13,P101,S3,125,5000,1,0
2022-09-13,P102,S1,116,3132,1,0
2022-09-13,P102,S2,109,3924,1,0
2022-09-13,P102,S3,135,5940,1,0
2022-09-13,P103,S1,144,3024,0,0
2022-09-13,P103,S2,146,3504,0,0
2022-09-13,P103,S3,114,2508,0,0
2022-09-13,P104,S1,129,3741,0,0
2022-09-13,P104,S2,127,2667,0,0
2022-09-13,P104,S3,121,5324,0,0
2022-09-13,P105,S1,125,5625,0,0
2022-09-13,P105,S2,135,6480,0,0
2022-09-13,P105,S3,108,2916,0,0
2022-09-14,P101,S1,110,5390,0,0
2022-09-14,P101,S2,102,4794,1,0
2022-09-14,P101,S3,113,2825,0,0
2022-09-14,P102,S1,107,3210,1,0
2022-09-14,P102,S2,104,2600,0,0
2022-09-14,P102,S3,96,3744,0,0
2022-09-14,P103,S1,110,4510,0,0
2022-09-14,P103,S2,122,5124,0,0
2022-09-14,P103,S3,122,3294,1,0
2022-09-14,P104,S1,127,3683,0,0
2022-09-14,P104,S2,123,3075,0,0
2022-09-14,P104,S3,106,2968,1,0
2022-09-14,P105,S1,119,3927,0,0
2022-09-14,P105,S2,135,4590,0,0
2022-09-14,P105,S3,118,3894,0,0
2022-09-15,P101,S1,92,2392,1,0
2022-09-15,P101,S2,112,2352,0,0
2022-09-15,P101,S3,150,6750,0,0
2022-09-15,P102,S1,104,3640,0,0
2022-09-15,P102,S2,119,4403,0,0
2022-09-15,P102,S3,135,4050,1,0
2022-09-15,P103,S1,117,5616,0,0
2022-09-15,P103,S2,107,3638,0,0
2022-09-15,P103,S3,124,5084,1,0
2022-09-15,P104,S1,106,3816,0,0
2022-09-15,P104,S2,113,4972,0,0
2022-09-15,P104,S3,126,5418,0,0
2022-09-15,P105,S1,100,4500,1,0
2022-09-15,P105,S2,130,2860,0,0
2022-09-15,P105,S3,131,4061,0,0
2022-09-16,P101,S1,144,3600,0,0
2022-09-16,P101,S2,87,3741,0,0
2022-09-16,P101,S3,128,2560,1,0
2022-09-16,P102,S1,137,6713,0,0
2022-09-16,P102,S2,126,4788,0,0
2022-09-16,P102,S3,104,3640,0,0
2022-09-16,P103,S1,117,4329,0,0
2022-09-16,P103,S2,89,3916,1,0
2022-09-16,P103,S3,124,4836,0,0
2022-09-16,P104,S1,148,3700,0,0
2022-09-16,P104,S2,124,4960,1,0
2022-09-16,P104,S3,102,3060,0,0
2022-09-16,P105,S1,137,6028,1,0
2022-09-16,P105,S2,113,4181,0,0
2022-09-16,P105,S3,107,5029,0,0
2022-09-17,P101,S1,138,4554,0,0
2022-09-17,P101,S2,137,5343,0,0
2022-09-17,P101,S3,133,2926,1,0
2022-09-17,P102,S1,128,2944,1,0
2022-09-17,P102,S2,148,6216,0,0
2022-09-17,P102,S3,113,5424,0,0
2022-09-17,P103,S1,164,6560,0,0
2022-09-17,P103,S2,137,4384,0,0
2022-09-17,P103,S3,155,5115,0,0
2022-09-17,P104,S1,148,4440,1,0
2022-09-17,P104,S2,134,6298,0,0
2022-09-17,P104,S3,117,5148,1,0
2022-09-17,P105,S1,141,6627,1,0
2022-09-17,P105,S2,133,2793,1,0
2022-09-17,P105,S3,120,4440,0,0
2022-09-18,P101,S1,144,4320,1,1
2022-09-18,P101,S2,142,6390,1,1
2022-09-18,P101,S3,141,5781,0,1
2022-09-18,P102,S1,130,5330,0,1
2022-09-18,P102,S2,132,4356,0,1
2022-09-18,P102,S3,148,3700,1,1
2022-09-18,P103,S1,111,4995,0,1
2022-09-18,P103,S2,146,3942,1,1
2022-09-18,P103,S3,141,6204,0,1
2022-09-18,P104,S1,122,2928,0,1
2022-09-18,P104,S2,124,5456,1,1
2022-09-18,P104,S3,146,3942,1,1
2022-09-18,P105,S1,122,3050,0,1
2022-09-18,P105,S2,150,6600,0,1
2022-09-18,P105,S3,112,3360,1,1
2022-09-19,P101,S1,130,3900,1,0
2022-09-19,P101,S2,115,4715,1,0
2022-09-19,P101,S3,113,3842,0,0
2022-09-19,P102,S1,119,5712,1,0
2022-09-19,P102,S2,135,3915,0,0
2022-09-19,P102,S3,109,2398,0,0
2022-09-19,P103,S1,121,2541,1,0
2022-09-19,P103,S2,104,2704,0,0
2022-09-19,P103,S3,116,2320,0,0
2022-09-19,P104,S1,141,5781,0,0
2022-09-19,P104,S2,109,3597,0,0
2022-09-19,P104,S3,121,5566,1,0
2022-09-19,P105,S1,115,3335,0,0
2022-09-19,P105,S2,121,2541,0,0
2022-09-19,P105,S3,124,5456,0,0
2022-09-20,P101,S1,96,2592,1,0
2022-09-20,P101,S2,92,2944,0,0
2022-09-20,P101,S3,134,6030,0,0
2022-09-20,P102,S1,126,2898,0,0
2022-09-20,P102,S2,107,3852,1,0
2022-09-20,P102,S3,97,3492,0,0
2022-09-20,P103,S1,100,4000,0,0
2022-09-20,P103,S2,127,3175,0,0
2022-09-20,P103,S3,87,2697,0,0
2022-09-20,P104,S1,129,5805,0,0
2022-09-20,P104,S2,142,4544,1,0
2022-09-20,P104,S3,122,3782,0,0
2022-09-20,P105,S1,122,3904,1,0
2022-09-20,P105,S2,74,1702,0,0
2022-09-20,P105,S3,112,4704,0,0
2022-09-21,P101,S1,121,3872,1,0
2022-09-21,P101,S2,114,3876,0,0
2022-09-21,P101,S3,143,5434,1,0
2022-09-21,P102,S1,115,4370,1,0
2022-09-21,P102,S2,118,3894,0,0
2022-09-21,P102,S3,116,2900,0,0
2022-09-21,P103,S1,111,5328,1,0
2022-09-21,P103,S2,90,1800,0,0
2022-09-21,P103,S3,122,5612,0,0
2022-09-21,P104,S1,117,5148,0,0
2022-09-21,P104,S2,111,4773,1,0
2022-09-21,P104,S3,142,3408,0,0
2022-09-21,P105,S1,120,4800,0,0
2022-09-21,P105,S2,139,5560,1,0
2022-09-21,P105,S3,97,3880,1,0
2022-09-22,P101,S1,101,2525,0,0
2022-09-22,P101,S2,85,1785,0,0
2022-09-22,P101,S3,135,3375,0,0
2022-09-22,P102,S1,100,4000,0,0
2022-09-22,P102,S2,122,3538,1,0
2022-09-22,P102,S3,127,3175,1,0
2022-09-22,P103,S1,128,3072,0,0
2022-09-22,P103,S2,107,3852,0,0
2022-09-22,P103,S3,131,3406,1,0
2022-09-22,P104,S1,112,3920,0,0
2022-09-22,P104,S2,100,3500,0,0
2022-09-22,P104,S3,90,2160,1,0
2022-09-22,P105,S1,125,4500,0,0
2022-09-22,P105,S2,102,4284,0,0
2022-09-22,P105,S3,125,3375,0,0
2022-09-23,P101,S1,127,4191,0,0
2022-09-23,P101,S2,116,5220,1,0
2022-09-23,P101,S3,95,4085,0,0
2022-09-23,P102,S1,129,3741,0,0
2022-09-23,P102,S2,89,2670,1,0
2022-09-23,P102,S3,113,4294,0,0
2022-09-23,P103,S1,119,2737,1,0
2022-09-23,P103,S2,144,3888,0,0
2022-09-23,P103,S3,130,4550,0,0
2022-09-23,P104,S1,131,5895,1,0
2022-09-23,P104,S2,97,3395,0,0
2022-09-23,P104,S3,100,3400,1,0
2022-09-23,P105,S1,124,3720,1,0
2022-09-23,P105,S2,119,5593,0,0
2022-09-23,P105,S3,89,4361,1,0
2022-09-24,P101,S1,113,5424,0,0
2022-09-24,P101,S2,131,4585,1,0
2022-09-24,P101,S3,149,4768,0,0
2022-09-24,P102,S1,130,4680,0,0
2022-09-24,P102,S2,148,3256,0,0
2022-09-24,P102,S3,136,5032,0,0
2022-09-24,P103,S1,166,6972,0,0
2022-09-24,P103,S2,137,4384,1,0
2022-09-24,P103,S3,114,2280,0,0
2022-09-24,P104,S1,125,5750,0,0
2022-09-24,P104,S2,137,4110,0,0
2022-09-24,P104,S3,130,2860,0,0
2022-09-24,P105,S1,177,6726,0,0
2022-09-24,P105,S2,138,4416,1,0
2022-09-24,P105,S3,105,5145,0,0
2022-09-25,P101,S1,132,3300,0,1
2022-09-25,P101,S2,146,6278,0,1
2022-09-25,P101,S3,142,6958,0,1
2022-09-25,P102,S1,154,4158,0,1
2022-09-25,P102,S2,131,4978,1,1
2022-09-25,P102,S3,107,5243,1,1
2022-09-25,P103,S1,146,6132,0,1
2022-09-25,P103,S2,154,5390,0,1
2022-09-25,P103,S3,116,3944,1,1
2022-09-25,P104,S1,148,6216,0,1
2022-09-25,P104,S2,155,4960,0,1
2022-09-25,P104,S3,144,3600,0,1
2022-09-25,P105,S1,125,5625,0,1
2022-09-25,P105,S2,130,5070,1,1
2022-09-25,P105,S3,139,5699,1,1
2022-09-26,P101,S1,95,3515,0,0
2022-09-26,P101,S2,115,3220,1,0
2022-09-26,P101,S3,106,2226,0,0
2022-09-26,P102,S1,92,2116,0,0
2022-09-26,P102,S2,124,4960,1,0
2022-09-26,P102,S3,106,2862,0,0
2022-09-26,P103,S1,127,3429,1,0
2022-09-26,P103,S2,117,2574,0,0
2022-09-26,P103,S3,86,3096,1,0
2022-09-26,P104,S1,108,3888,0,0
2022-09-26,P104,S2,115,4830,0,0
2022-09-26,P104,S3,123,4428,1,0
2022-09-26,P105,S1,106,3922,0,0
2022-09-26,P105,S2,125,2625,0,0
2022-09-26,P105,S3,113,5085,1,0
2022-09-27,P101,S1,133,4123,0,0
2022-09-27,P101,S2,112,2240,0,0
2022-09-27,P101,S3,131,4061,0,0
2022-09-27,P102,S1,121,2420,0,0
2022-09-27,P102,S2,114,2622,0,0
2022-09-27,P102,S3,137,6439,0,0
2022-09-27,P103,S1,124,5704,1,0
2022-09-27,P103,S2,126,5292,0,0
2022-09-27,P103,S3,140,3220,1,0
2022-09-27,P104,S1,97,3298,0,0
2022-09-27,P104,S2,107,3531,1,0
2022-09-27,P104,S3,127,4699,0,0
2022-09-27,P105,S1,114,3306,1,0
2022-09-27,P105,S2,130,4680,0,0
2022-09-27,P105,S3,116,2552,0,0
2022-09-28,P101,S1,107,2247,0,0
2022-09-28,P101,S2,108,3132,0,0
2022-09-28,P101,S3,101,4343,0,0
2022-09-28,P102,S1,132,5808,1,0
2022-09-28,P102,S2,117,4446,0,0
2022-09-28,P102,S3,119,3451,0,0
2022-09-28,P103,S1,137,5343,0,0
2022-09-28,P103,S2,125,5625,0,0
2022-09-28,P103,S3,125,5500,1,0
2022-09-28,P104,S1,88,2376,1,0
2022-09-28,P104,S2,135,3240,0,0
2022-09-28,P104,S3,113,2938,0,0
2022-09-28,P105,S1,80,3920,1,0
2022-09-28,P105,S2,120,3000,0,0
2022-09-28,P105,S3,115,4945,0,0
2022-09-29,P101,S1,104,2912,0,0
2022-09-29,P101,S2,120,4080,1,0
2022-09-29,P101,S3,142,2840,1,0
2022-09-29,P102,S1,137,5754,0,0
2022-09-29,P102,S2,119,5712,0,0
2022-09-29,P102,S3,117,5499,0,0
2022-09-29,P103,S1,114,3192,1,0
2022-09-29,P103,S2,137,5617,1,0
2022-09-29,P103,S3,115,2415,0,0
2022-09-29,P104,S1,112,2912,0,0
2022-09-29,P104,S2,107,5243,0,0
2022-09-29,P104,S3,107,4601,0,0
2022-09-29,P105,S1,143,6864,1,0
2022-09-29,P105,S2,104,2912,0,0
2022-09-29,P105,S3,103,2781,0,0
2022-09-30,P101,S1,98,3038,1,0
2022-09-30,P101,S2,108,2160,0,0
2022-09-30,P101,S3,121,3388,0,0
2022-09-30,P102,S1,107,3852,0,0
2022-09-30,P102,S2,129,3225,1,0
2022-09-30,P102,S3,98,4410,1,0
2022-09-30,P103,S1,122,5734,1,0
2022-09-30,P103,S2,112,4368,0,0
2022-09-30,P103,S3,103,2369,0,0
2022-09-30,P104,S1,120,3960,0,0
2022-09-30,P104,S2,132,2772,0,0
2022-09-30,P104,S3,119,3451,0,0
2022-09-30,P105,S1,119,5712,0,0
2022-09-30,P105,S2,120,4440,1,0
2022-09-30,P105,S3,112,5488,0,0
2022-10-01,P101,S1,126,2520,0,0
2022-10-01,P101,S2,168,6048,1,0
2022-10-01,P101,S3,134,6298,0,0
2022-10-01,P102,S1,135,6075,1,0
2022-10-01,P102,S2,152,3040,0,0
2022-10-01,P102,S3,175,7350,0,0
2022-10-01,P103,S1,140,3500,0,0
2022-10-01,P103,S2,122,2684,0,0
2022-10-01,P103,S3,134,3082,1,0
2022-10-01,P104,S1,137,5754,0,0
2022-10-01,P104,S2,149,5215,1,0
2022-10-01,P104,S3,126,6174,0,0
2022-10-01,P105,S1,161,6923,0,0
2022-10-01,P105,S2,130,4940,1,0
2022-10-01,P105,S3,157,3611,0,0
2022-10-02,P101,S1,164,6888,1,1
2022-10-02,P101,S2,144,3312,0,1
2022-10-02,P101,S3,138,5382,0,1
2022-10-02,P102,S1,128,4480,0,1
2022-10-02,P102,S2,165,4620,1,1
2022-10-02,P102,S3,148,4884,1,1
2022-10-02,P103,S1,117,4680,0,1
2022-10-02,P103,S2,142,4828,0,1
2022-10-02,P103,S3,127,5207,0,1
2022-10-02,P104,S1,134,4020,0,1
2022-10-02,P104,S2,139,4726,1,1
2022-10-02,P104,S3,137,4521,0,1
2022-10-02,P105,S1,127,3302,0,1
2022-10-02,P105,S2,138,6762,0,1
2022-10-02,P105,S3,149,5811,0,1
2022-10-03,P101,S1,123,2706,0,0
2022-10-03,P101,S2,126,3024,0,0
2022-10-03,P101,S3,115,3910,0,0
2022-10-03,P102,S1,132,6072,0,0
2022-10-03,P102,S2,114,5472,1,0
2022-10-03,P102,S3,116,2784,1,0
2022-10-03,P103,S1,89,2047,0,0
2022-10-03,P103,S2,126,3150,0,0
2022-10-03,P103,S3,107,3745,0,0
2022-10-03,P104,S1,114,5244,0,0
2022-10-03,P104,S2,117,5382,0,0
2022-10-03,P104,S3,123,6027,1,0
2022-10-03,P105,S1,123,2706,0,0
2022-10-03,P105,S2,116,4292,0,0
2022-10-03,P105,S3,126,5292,0,0
2022-10-04,P101,S1,116,5220,0,0
2022-10-04,P101,S2,118,3776,0,0
2022-10-04,P101,S3,115,5405,0,0
2022-10-04,P102,S1,93,3441,0,0
2022-10-04,P102,S2,126,5922,0,0
2022-10-04,P102,S3,132,4752,0,0
2022-10-04,P103,S1,120,3600,1,0
2022-10-04,P103,S2,139,4031,0,0
2022-10-04,P103,S3,103,4841,0,0
2022-10-04,P104,S1,94,4136,0,0
2022-10-04,P104,S2,108,2268,1,0
2022-10-04,P104,S3,122,4880,0,0
2022-10-04,P105,S1,98,3038,0,0
2022-10-04,P105,S2,106,4982,0,0
2022-10-04,P105,S3,129,5805,0,0
2022-10-05,P101,S1,129,2967,1,0
2022-10-05,P101,S2,106,2120,1,0
2022-10-05,P101,S3,113,3955,0,0
2022-10-05,P102,S1,109,3924,0,0
2022-10-05,P102,S2,104,2808,0,0
2022-10-05,P102,S3,112,3136,1,0
2022-10-05,P103,S1,110,4400,1,0
2022-10-05,P103,S2,109,4796,0,0
2022-10-05,P103,S3,119,5831,0,0
2022-10-05,P104,S1,128,3968,1,0
2022-10-05,P104,S2,94,3666,0,0
2022-10-05,P104,S3,113,4407,0,0
2022-10-05,P105,S1,89,4094,0,0
2022-10-05,P105,S2,119,4879,0,0
2022-10-05,P105,S3,103,4326,0,0
2022-10-06,P101,S1,127,4699,0,0
2022-10-06,P101,S2,122,2440,0,0
2022-10-06,P101,S3,107,4708,0,0
2022-10-06,P102,S1,145,6380,0,0
2022-10-06,P102,S2,104,2392,0,0
2022-10-06,P102,S3,132,5940,1,0
2022-10-06,P103,S1,161,5957,1,0
2022-10-06,P103,S2,116,4640,0,0
2022-10-06,P103,S3,111,2775,0,0
2022-10-06,P104,S1,125,3250,0,0
2022-10-06,P104,S2,116,4640,1,0
2022-10-06,P104,S3,91,2912,0,0
2022-10-06,P105,S1,140,6860,0,0
2022-10-06,P105,S2,133,6251,0,0
2022-10-06,P105,S3,113,4633,1,0
2022-10-07,P101,S1,125,3250,0,0
2022-10-07,P101,S2,121,3872,0,0
2022-10-07,P101,S3,104,4160,0,0
2022-10-07,P102,S1,122,4514,0,0
2022-10-07,P102,S2,82,2788,1,0
2022-10-07,P102,S3,149,6109,1,0
2022-10-07,P103,S1,121,3630,0,0
2022-10-07,P103,S2,149,5364,1,0
2022-10-07,P103,S3,105,4830,0,0
2022-10-07,P104,S1,115,4025,0,0
2022-10-07,P104,S2,113,3842,0,0
2022-10-07,P104,S3,121,5445,0,0
2022-10-07,P105,S1,104,4368,0,0
2022-10-07,P105,S2,145,6815,1,0
2022-10-07,P105,S3,127,3048,1,0
2022-10-08,P101,S1,143,7007,0,0
2022-10-08,P101,S2,155,4960,1,0
2022-10-08,P101,S3,157,7222,0,0
2022-10-08,P102,S1,153,4743,1,0
2022-10-08,P102,S2,142,6816,0,0
2022-10-08,P102,S3,132,4752,0,0
2022-10-08,P103,S1,153,7344,1,0
2022-10-08,P103,S2,121,5808,1,0
2022-10-08,P103,S3,132,2772,0,0
2022-10-08,P104,S1,130,5720,0,0
2022-10-08,P104,S2,128,4480,0,0
2022-10-08,P104,S3,156,7176,0,0
2022-10-08,P105,S1,148,3552,0,0
2022-10-08,P105,S2,147,3969,1,0
2022-10-08,P105,S3,160,4640,1,0
2022-10-09,P101,S1,136,3944,0,1
2022-10-09,P101,S2,142,2840,1,1
2022-10-09,P101,S3,126,4032,0,1
2022-10-09,P102,S1,140,3500,0,1
2022-10-09,P102,S2,137,6028,1,1
2022-10-09,P102,S3,131,3537,0,1
2022-10-09,P103,S1,154,5390,0,1
2022-10-09,P103,S2,133,4389,0,1
2022-10-09,P103,S3,160,4000,0,1
2022-10-09,P104,S1,156,3276,1,1
2022-10-09,P104,S2,146,4672,0,1
2022-10-09,P104,S3,140,6020,0,1
2022-10-09,P105,S1,141,2961,1,1
2022-10-09,P105,S2,134,4824,0,1
2022-10-09,P105,S3,166,4482,0,1
2022-10-10,P101,S1,110,2200,0,0
2022-10-10,P101,S2,113,4068,0,0
2022-10-10,P101,S3,125,2875,0,0
2022-10-10,P102,S1,109,2834,0,0
2022-10-10,P102,S2,118,3422,0,0
2022-10-10,P102,S3,128,5120,0,0
2022-10-10,P103,S1,109,3052,0,0
2022-10-10,P103,S2,118,5546,0,0
2022-10-10,P103,S3,161,4186,0,0
2022-10-10,P104,S1,106,4558,0,0
2022-10-10,P104,S2,106,3074,1,0
2022-10-10,P104,S3,120,4560,1,0
2022-10-10,P105,S1,106,4558,0,0
2022-10-10,P105,S2,131,4061,1,0
2022-10-10,P105,S3,129,6321,1,0
2022-10-11,P101,S1,125,3875,0,0
2022-10-11,P101,S2,121,5082,1,0
2022-10-11,P101,S3,111,5328,0,0
2022-10-11,P102,S1,105,5145,0,0
2022-10-11,P102,S2,111,3219,0,0
2022-10-11,P102,S3,132,5544,0,0
2022-10-11,P103,S1,113,2486,1,0
2022-10-11,P103,S2,128,4096,0,0
2022-10-11,P103,S3,134,4690,1,0
2022-10-11,P104,S1,148,4292,0,0
2022-10-11,P104,S2,122,5002,0,0
2022-10-11,P104,S3,111,5439,1,0
2022-10-11,P105,S1,108,2808,0,0
2022-10-11,P105,S2,115,3105,1,0
2022-10-11,P105,S3,109,4033,0,0
2022-10-12,P101,S1,123,5043,0,0
2022-10-12,P101,S2,123,4797,1,0
2022-10-12,P101,S3,113,2712,1,0
2022-10-12,P102,S1,118,4956,0,0
2022-10-12,P102,S2,121,3751,1,0
2022-10-12,P102,S3,122,4270,0,0
2022-10-12,P103,S1,96,3552,0,0
2022-10-12,P103,S2,114,5016,0,0
2022-10-12,P103,S3,121,3025,0,0
2022-10-12,P104,S1,118,4602,0,0
2022-10-12,P104,S2,109,2943,0,0
2022-10-12,P104,S3,113,5198,0,0
2022-10-12,P105,S1,141,3525,1,0
2022-10-12,P105,S2,93,2604,1,0
2022-10-12,P105,S3,125,5500,0,0
2022-10-13,P101,S1,117,4563,0,0
2022-10-13,P101,S2,131,2882,0,0
2022-10-13,P101,S3,109,3052,0,0
2022-10-13,P102,S1,117,4446,0,0
2022-10-13,P102,S2,136,2720,0,0
2022-10-13,P102,S3,128,5376,1,0
2022-10-13,P103,S1,101,4545,1,0
2022-10-13,P103,S2,138,4830,1,0
2022-10-13,P103,S3,104,4992,0,0
2022-10-13,P104,S1,151,3171,0,0
2022-10-13,P104,S2,121,3630,0,0
2022-10-13,P104,S3,134,6566,0,0
2022-10-13,P105,S1,109,2289,0,0
2022-10-13,P105,S2,110,3300,0,0
2022-10-13,P105,S3,151,3322,0,0
2022-10-14,P101,S1,103,3502,0,0
2022-10-14,P101,S2,131,2882,0,0
2022-10-14,P101,S3,132,5544,0,0
2022-10-14,P102,S1,132,6204,0,0
2022-10-14,P102,S2,122,5490,0,0
2022-10-14,P102,S3,104,2288,0,0
2022-10-14,P103,S1,128,4736,0,0
2022-10-14,P103,S2,122,2684,1,0
2022-10-14,P103,S3,113,4181,0,0
2022-10-14,P104,S1,132,5412,0,0
2022-10-14,P104,S2,118,3658,1,0
2022-10-14,P104,S3,127,6223,0,0
2022-10-14,P105,S1,147,6174,0,0
2022-10-14,P105,S2,137,5891,0,0
2022-10-14,P105,S3,133,5320,0,0
2022-10-15,P101,S1,118,4720,0,0
2022-10-15,P101,S2,126,5040,0,0
2022-10-15,P101,S3,127,2794,0,0
2022-10-15,P102,S1,133,3857,1,0
2022-10-15,P102,S2,133,5985,0,0
2022-10-15,P102,S3,117,2340,0,0
2022-10-15,P103,S1,131,2751,0,0
2022-10-15,P103,S2,146,2920,0,0
2022-10-15,P103,S3,149,4321,0,0
2022-10-15,P104,S1,144,3744,1,0
2022-10-15,P104,S2,131,5371,1,0
2022-10-15,P104,S3,139,6394,0,0
2022-10-15,P105,S1,127,4191,1,0
2022-10-15,P105,S2,130,6370,0,0
2022-10-15,P105,S3,109,2834,0,0
2022-10-16,P101,S1,137,3288,0,1
2022-10-16,P101,S2,145,6235,0,1
2022-10-16,P101,S3,117,3393,0,1
2022-10-16,P102,S1,151,3020,0,1
2022-10-16,P102,S2,158,4582,1,1
2022-10-16,P102,S3,129,2709,1,1
2022-10-16,P103,S1,147,5439,1,1
2022-10-16,P103,S2,141,5640,0,1
2022-10-16,P103,S3,137,4932,1,1
2022-10-16,P104,S1,140,3920,0,1
2022-10-16,P104,S2,132,3432,0,1
2022-10-16,P104,S3,98,4018,0,1
2022-10-16,P105,S1,137,5069,0,1
2022-10-16,P105,S2,129,4773,0,1
2022-10-16,P105,S3,117,5616,0,1
2022-10-17,P101,S1,124,4340,1,0
2022-10-17,P101,S2,125,3125,0,0
2022-10-17,P101,S3,143,3718,1,0
2022-10-17,P102,S1,138,5244,0,0
2022-10-17,P102,S2,137,5754,0,0
2022-10-17,P102,S3,115,5635,0,0
2022-10-17,P103,S1,111,4440,0,0
2022-10-17,P103,S2,122,5856,0,0
2022-10-17,P103,S3,114,4788,0,0
2022-10-17,P104,S1,149,6705,0,0
2022-10-17,P104,S2,98,4018,0,0
2022-10-17,P104,S3,112,2688,0,0
2022-10-17,P105,S1,91,2912,0,0
2022-10-17,P105,S2,135,6480,0,0
2022-10-17,P105,S3,110,4400,0,0
2022-10-18,P101,S1,92,3588,1,0
2022-10-18,P101,S2,135,3510,0,0
2022-10-18,P101,S3,107,3959,0,0
2022-10-18,P102,S1,150,6750,0,0
2022-10-18,P102,S2,111,4884,0,0
2022-10-18,P102,S3,116,2320,0,0
2022-10-18,P103,S1,118,3186,0,0
2022-10-18,P103,S2,142,3834,0,0
2022-10-18,P103,S3,131,5764,0,0
2022-10-18,P104,S1,98,3920,0,0
2022-10-18,P104,S2,127,4191,0,0
2022-10-18,P104,S3,119,5712,0,0
2022-10-18,P105,S1,117,3159,1,0
2022-10-18,P105,S2,116,2552,1,0
2022-10-18,P105,S3,122,2440,0,0
2022-10-19,P101,S1,142,6958,0,0
2022-10-19,P101,S2,119,5236,1,0
2022-10-19,P101,S3,121,4840,0,0
2022-10-19,P102,S1,144,6912,0,0
2022-10-19,P102,S2,113,2260,0,0
2022-10-19,P102,S3,128,5248,1,0
2022-10-19,P103,S1,137,6165,1,0
2022-10-19,P103,S2,126,5418,0,0
2022-10-19,P103,S3,137,5206,0,0
2022-10-19,P104,S1,132,6204,0,0
2022-10-19,P104,S2,139,3197,0,0
2022-10-19,P104,S3,110,3630,0,0
2022-10-19,P105,S1,137,4110,0,0
2022-10-19,P105,S2,132,3828,0,0
2022-10-19,P105,S3,124,5580,1,0
2022-10-20,P101,S1,77,2387,0,0
2022-10-20,P101,S2,117,5031,0,0
2022-10-20,P101,S3,103,2575,1,0
2022-10-20,P102,S1,104,2184,1,0
2022-10-20,P102,S2,107,2568,1,0
2022-10-20,P102,S3,92,2484,1,0
2022-10-20,P103,S1,109,2616,0,0
2022-10-20,P103,S2,86,4128,0,0
2022-10-20,P103,S3,117,4446,0,0
2022-10-20,P104,S1,115,4255,0,0
2022-10-20,P104,S2,128,2560,0,0
2022-10-20,P104,S3,105,2730,0,0
2022-10-20,P105,S1,134,2680,0,0
2022-10-20,P105,S2,113,5198,0,0
2022-10-20,P105,S3,107,2568,0,0
2022-10-21,P101,S1,124,3472,1,0
2022-10-21,P101,S2,117,5148,0,0
2022-10-21,P101,S3,123,3198,0,0
2022-10-21,P102,S1,114,3306,0,0
2022-10-21,P102,S2,83,2241,1,0
2022-10-21,P102,S3,96,3744,0,0
2022-10-21,P103,S1,113,3051,0,0
2022-10-21,P103,S2,124,3472,0,0
2022-10-21,P103,S3,114,3078,1,0
2022-10-21,P104,S1,101,4444,1,0
2022-10-21,P104,S2,123,6027,1,0
2022-10-21,P104,S3,134,4556,0,0
2022-10-21,P105,S1,142,4118,0,0
2022-10-21,P105,S2,125,5375,0,0
2022-10-21,P105,S3,95,1900,1,0
2022-10-22,P101,S1,145,2900,0,0
2022-10-22,P101,S2,151,4530,0,0
2022-10-22,P101,S3,131,6288,0,0
2022-10-22,P102,S1,145,3915,0,0
2022-10-22,P102,S2,116,5568,0,0
2022-10-22,P102,S3,143,6006,0,0
2022-10-22,P103,S1,135,4185,0,0
2022-10-22,P103,S2,145,5510,0,0
2022-10-22,P103,S3,146,5402,0,0
2022-10-22,P104,S1,151,6644,1,0
2022-10-22,P104,S2,142,6532,0,0
2022-10-22,P104,S3,147,4263,0,0
2022-10-22,P105,S1,116,3480,0,0
2022-10-22,P105,S2,149,3874,0,0
2022-10-22,P105,S3,142,4828,0,0
2022-10-23,P101,S1,154,5236,0,1
2022-10-23,P101,S2,124,3100,0,1
2022-10-23,P101,S3,131,4061,0,1
2022-10-23,P102,S1,138,4830,0,1
2022-10-23,P102,S2,143,6721,0,1
2022-10-23,P102,S3,150,5100,0,1
2022-10-23,P103,S1,134,4154,1,1
2022-10-23,P103,S2,127,6223,0,1
2022-10-23,P103,S3,133,6517,0,1
2022-10-23,P104,S1,127,3048,1,1
2022-10-23,P104,S2,131,5371,1,1
2022-10-23,P104,S3,169,3380,0,1
2022-10-23,P105,S1,118,2714,1,1
2022-10-23,P105,S2,118,5664,0,1
2022-10-23,P105,S3,136,5032,0,1
2022-10-24,P101,S1,86,3956,0,0
2022-10-24,P101,S2,135,3645,0,0
2022-10-24,P101,S3,124,4340,0,0
2022-10-24,P102,S1,123,4797,1,0
2022-10-24,P102,S2,112,2464,1,0
2022-10-24,P102,S3,100,4800,1,0
2022-10-24,P103,S1,111,2331,0,0
2022-10-24,P103,S2,128,5504,0,0
2022-10-24,P103,S3,143,4433,1,0
2022-10-24,P104,S1,123,6027,0,0
2022-10-24,P104,S2,127,5207,1,0
2022-10-24,P104,S3,103,5047,0,0
2022-10-24,P105,S1,113,5537,0,0
2022-10-24,P105,S2,132,6072,0,0
2022-10-24,P105,S3,115,4600,0,0
2022-10-25,P101,S1,140,5600,0,0
2022-10-25,P101,S2,111,3774,0,0
2022-10-25,P101,S3,122,5612,0,0
2022-10-25,P102,S1,120,5040,0,0
2022-10-25,P102,S2,116,3944,0,0
2022-10-25,P102,S3,124,3968,0,0
2022-10-25,P103,S1,118,4130,0,0
2022-10-25,P103,S2,101,2727,1,0
2022-10-25,P103,S3,113,3842,0,0
2022-10-25,P104,S1,124,5084,1,0
2022-10-25,P104,S2,131,3275,0,0
2022-10-25,P104,S3,123,5412,0,0
2022-10-25,P105,S1,107,4173,1,0
2022-10-25,P105,S2,131,6288,1,0
2022-10-25,P105,S3,81,3645,0,0
2022-10-26,P101,S1,135,4050,0,0
2022-10-26,P101,S2,141,5358,1,0
2022-10-26,P101,S3,132,2904,1,0
2022-10-26,P102,S1,102,3366,1,0
2022-10-26,P102,S2,117,3978,0,0
2022-10-26,P102,S3,121,3993,1,0
2022-10-26,P103,S1,119,4522,0,0
2022-10-26,P103,S2,120,5760,0,0
2022-10-26,P103,S3,120,4560,0,0
2022-10-26,P104,S1,112,4256,1,0
2022-10-26,P104,S2,122,4758,1,0
2022-10-26,P104,S3,123,4674,0,0
2022-10-26,P105,S1,129,5547,0,0
2022-10-26,P105,S2,109,5232,1,0
2022-10-26,P105,S3,100,4500,0,0
2022-10-27,P101,S1,143,5291,0,0
2022-10-27,P101,S2,111,4662,1,0
2022-10-27,P101,S3,147,2940,0,0
2022-10-27,P102,S1,82,1886,0,0
2022-10-27,P102,S2,89,2492,0,0
2022-10-27,P102,S3,133,4389,1,0
2022-10-27,P103,S1,123,5658,0,0
2022-10-27,P103,S2,127,6096,0,0
2022-10-27,P103,S3,116,2320,0,0
2022-10-27,P104,S1,125,3875,0,0
2022-10-27,P104,S2,104,2912,1,0
2022-10-27,P104,S3,110,4510,0,0
2022-10-27,P105,S1,105,4305,1,0
2022-10-27,P105,S2,143,3861,0,0
2022-10-27,P105,S3,127,4064,0,0
2022-10-28,P101,S1,125,5375,0,0
2022-10-28,P101,S2,115,3220,0,0
2022-10-28,P101,S3,131,4847,0,0
2022-10-28,P102,S1,103,2781,0,0
2022-10-28,P102,S2,122,5368,0,0
2022-10-28,P102,S3,122,3538,0,0
2022-10-28,P103,S1,143,3718,0,0
2022-10-28,P103,S2,109,3270,0,0
2022-10-28,P103,S3,135,4860,0,0
2022-10-28,P104,S1,113,4859,0,0
2022-10-28,P104,S2,111,5439,0,0
2022-10-28,P104,S3,121,2662,0,0
2022-10-28,P105,S1,131,5895,0,0
2022-10-28,P105,S2,132,2904,1,0
2022-10-28,P105,S3,100,3400,0,0
2022-10-29,P101,S1,133,5453,0,0
2022-10-29,P101,S2,147,6909,1,0
2022-10-29,P101,S3,125,5125,1,0
2022-10-29,P102,S1,160,3360,0,0
2022-10-29,P102,S2,140,4760,0,0
2022-10-29,P102,S3,139,4170,1,0
2022-10-29,P103,S1,123,2460,1,0
2022-10-29,P103,S2,147,6762,0,0
2022-10-29,P103,S3,131,3275,0,0
2022-10-29,P104,S1,126,6048,0,0
2022-10-29,P104,S2,169,6084,1,0
2022-10-29,P104,S3,140,6300,1,0
2022-10-29,P105,S1,129,6192,0,0
2022-10-29,P105,S2,146,3212,0,0
2022-10-29,P105,S3,143,5148,0,0
2022-10-30,P101,S1,124,2728,0,1
2022-10-30,P101,S2,129,5418,0,1
2022-10-30,P101,S3,136,2856,1,1
2022-10-30,P102,S1,114,4560,1,1
2022-10-30,P102,S2,151,3775,0,1
2022-10-30,P102,S3,157,3140,0,1
2022-10-30,P103,S1,135,3645,0,1
2022-10-30,P103,S2,146,3796,0,1
2022-10-30,P103,S3,135,4590,1,1
2022-10-30,P104,S1,138,3036,0,1
2022-10-30,P104,S2,154,6006,0,1
2022-10-30,P104,S3,146,7008,0,1
2022-10-30,P105,S1,126,4788,0,1
2022-10-30,P105,S2,133,3192,0,1
2022-10-30,P105,S3,144,4464,0,1
2022-10-31,P101,S1,143,3718,0,0
2022-10-31,P101,S2,140,6440,0,0
2022-10-31,P101,S3,106,4346,0,0
2022-10-31,P102,S1,83,3403,1,0
2022-10-31,P102,S2,105,5145,1,0
2022-10-31,P102,S3,150,5100,0,0
2022-10-31,P103,S1,116,4872,0,0
2022-10-31,P103,S2,141,5358,0,0
2022-10-31,P103,S3,123,5658,0,0
2022-10-31,P104,S1,99,3564,0,0
2022-10-31,P104,S2,105,4305,1,0
2022-10-31,P104,S3,128,2560,0,0
2022-10-31,P105,S1,118,5428,0,0
2022-10-31,P105,S2,146,3942,0,0
2022-10-31,P105,S3,90,2970,0,0
2022-11-01,P101,S1,128,5504,1,0
2022-11-01,P101,S2,128,5888,0,0
2022-11-01,P101,S3,98,3626,0,0
2022-11-01,P102,S1,132,3036,0,0
2022-11-01,P102,S2,129,5289,0,0
2022-11-01,P102,S3,81,2835,0,0
2022-11-01,P103,S1,131,4061,0,0
2022-11-01,P103,S2,124,5084,0,0
2022-11-01,P103,S3,109,4578,1,0
2022-11-01,P104,S1,117,4446,0,0
2022-11-01,P104,S2,96,2112,0,0
2022-11-01,P104,S3,111,3663,0,0
2022-11-01,P105,S1,112,3248,0,0
2022-11-01,P105,S2,109,4142,0,0
2022-11-01,P105,S3,119,4284,1,0
2022-11-02,P101,S1,104,2704,1,0
2022-11-02,P101,S2,122,2440,1,0
2022-11-02,P101,S3,109,2834,1,0
2022-11-02,P102,S1,91,2275,1,0
2022-11-02,P102,S2,127,3810,0,0
2022-11-02,P102,S3,136,6528,1,0
2022-11-02,P103,S1,128,5120,1,0
2022-11-02,P103,S2,144,5760,0,0
2022-11-02,P103,S3,112,4704,0,0
2022-11-02,P104,S1,123,2460,0,0
2022-11-02,P104,S2,111,3441,0,0
2022-11-02,P104,S3,135,4860,0,0
2022-11-02,P105,S1,123,4551,0,0
2022-11-02,P105,S2,138,4692,0,0
2022-11-02,P105,S3,122,2562,0,0
2022-11-03,P101,S1,116,2436,1,0
2022-11-03,P101,S2,119,4522,0,0
2022-11-03,P101,S3,91,4277,1,0
2022-11-03,P102,S1,143,6721,0,0
2022-11-03,P102,S2,137,3014,1,0
2022-11-03,P102,S3,118,3422,0,0
2022-11-03,P103,S1,127,3683,1,0
2022-11-03,P103,S2,117,3627,0,0
2022-11-03,P103,S3,123,5535,1,0
2022-11-03,P104,S1,124,5084,0,0
2022-11-03,P104,S2,96,3360,0,0
2022-11-03,P104,S3,131,6419,0,0
2022-11-03,P105,S1,116,3480,0,0
2022-11-03,P105,S2,138,4692,0,0
2022-11-03,P105,S3,142,5680,1,0
2022-11-04,P101,S1,135,5670,0,0
2022-11-04,P101,S2,120,4080,0,0
2022-11-04,P101,S3,121,5203,0,0
2022-11-04,P102,S1,125,5875,0,0
2022-11-04,P102,S2,126,5922,1,0
2022-11-04,P102,S3,112,3248,0,0
2022-11-04,P103,S1,123,3075,0,0
2022-11-04,P103,S2,109,3052,1,0
2022-11-04,P103,S3,135,2835,0,0
2022-11-04,P104,S1,139,5560,0,0
2022-11-04,P104,S2,119,4284,0,0
2022-11-04,P104,S3,117,3276,0,0
2022-11-04,P105,S1,133,5320,0,0
2022-11-04,P105,S2,114,3762,0,0
2022-11-04,P105,S3,129,5418,0,0
2022-11-05,P101,S1,153,5202,1,0
2022-11-05,P101,S2,163,4564,1,0
2022-11-05,P101,S3,133,4256,1,0
2022-11-05,P102,S1,156,6396,0,0
2022-11-05,P102,S2,129,5031,0,0
2022-11-05,P102,S3,150,6900,1,0
2022-11-05,P103,S1,152,5928,1,0
2022-11-05,P103,S2,138,6072,0,0
2022-11-05,P103,S3,129,2838,1,0
2022-11-05,P104,S1,142,2840,1,0
2022-11-05,P104,S2,153,4896,0,0
2022-11-05,P104,S3,148,4144,1,0
2022-11-05,P105,S1,145,5800,1,0
2022-11-05,P105,S2,122,5978,0,0
2022-11-05,P105,S3,143,5434,1,0
2022-11-06,P101,S1,147,6027,0,1
2022-11-06,P101,S2,142,4118,1,1
2022-11-06,P101,S3,147,3822,0,1
2022-11-06,P102,S1,140,4340,0,1
2022-11-06,P102,S2,142,6390,0,1
2022-11-06,P102,S3,129,2580,0,1
2022-11-06,P103,S1,125,3250,0,1
2022-11-06,P103,S2,143,5005,0,1
2022-11-06,P103,S3,137,5069,0,1
2022-11-06,P104,S1,137,5343,1,1
2022-11-06,P104,S2,160,7840,1,1
2022-11-06,P104,S3,170,5780,1,1
2022-11-06,P105,S1,127,3175,1,1
2022-11-06,P105,S2,153,4131,1,1
2022-11-06,P105,S3,142,5822,0,1
2022-11-07,P101,S1,143,6721,0,0
2022-11-07,P101,S2,108,2484,0,0
2022-11-07,P101,S3,104,3328,0,0
2022-11-07,P102,S1,117,3276,0,0
2022-11-07,P102,S2,146,4380,0,0
2022-11-07,P102,S3,144,3888,0,0
2022-11-07,P103,S1,137,5891,1,0
2022-11-07,P103,S2,117,4329,1,0
2022-11-07,P103,S3,139,4031,0,0
2022-11-07,P104,S1,128,3456,1,0
2022-11-07,P104,S2,110,5170,1,0
2022-11-07,P104,S3,114,3762,0,0
2022-11-07,P105,S1,103,3399,1,0
2022-11-07,P105,S2,115,5290,0,0
2022-11-07,P105,S3,115,2645,0,0
2022-11-08,P101,S1,91,3549,0,0
2022-11-08,P101,S2,133,3857,1,0
2022-11-08,P101,S3,136,3400,1,0
2022-11-08,P102,S1,124,2728,0,0
2022-11-08,P102,S2,99,1980,0,0
2022-11-08,P102,S3,91,2093,0,0
2022-11-08,P103,S1,126,5292,0,0
2022-11-08,P103,S2,116,2436,1,0
2022-11-08,P103,S3,123,4182,0,0
2022-11-08,P104,S1,148,6216,1,0
2022-11-08,P104,S2,130,5850,0,0
2022-11-08,P104,S3,136,5712,0,0
2022-11-08,P105,S1,139,4170,0,0
2022-11-08,P105,S2,110,3740,0,0
2022-11-08,P105,S3,118,2478,1,0
2022-11-09,P101,S1,144,5184,1,0
2022-11-09,P101,S2,133,2926,0,0
2022-11-09,P101,S3,119,4641,0,0
2022-11-09,P102,S1,119,5236,0,0
2022-11-09,P102,S2,137,6165,0,0
2022-11-09,P102,S3,156,4992,0,0
2022-11-09,P103,S1,143,6006,0,0
2022-11-09,P103,S2,152,5776,1,0
2022-11-09,P103,S3,111,4551,1,0
2022-11-09,P104,S1,135,5130,0,0
2022-11-09,P104,S2,135,3645,0,0
2022-11-09,P104,S3,93,4464,0,0
2022-11-09,P105,S1,120,5640,1,0
2022-11-09,P105,S2,111,3774,0,0
2022-11-09,P105,S3,107,3638,0,0
2022-11-10,P101,S1,100,2500,0,0
2022-11-10,P101,S2,129,4644,0,0
2022-11-10,P101,S3,111,3996,0,0
2022-11-10,P102,S1,122,4148,1,0
2022-11-10,P102,S2,92,3588,0,0
2022-11-10,P102,S3,132,5148,0,0
2022-11-10,P103,S1,126,5544,1,0
2022-11-10,P103,S2,111,4107,0,0
2022-11-10,P103,S3,125,4875,0,0
2022-11-10,P104,S1,106,3074,1,0
2022-11-10,P104,S2,133,3857,0,0
2022-11-10,P104,S3,99,4257,1,0
2022-11-10,P105,S1,110,3410,0,0
2022-11-10,P105,S2,126,3654,1,0
2022-11-10,P105,S3,138,3864,0,0
2022-11-11,P101,S1,151,5436,0,0
2022-11-11,P101,S2,108,3996,1,0
2022-11-11,P101,S3,122,4026,0,0
2022-11-11,P102,S1,132,4752,0,0
2022-11-11,P102,S2,110,5280,0,0
2022-11-11,P102,S3,93,3348,0,0
2022-11-11,P103,S1,92,3864,0,0
2022-11-11,P103,S2,123,4182,1,0
2022-11-11,P103,S3,102,2142,1,0
2022-11-11,P104,S1,116,2900,1,0
2022-11-11,P104,S2,114,3192,0,0
2022-11-11,P104,S3,107,4815,1,0
2022-11-11,P105,S1,124,5828,0,0
2022-11-11,P105,S2,132,6336,0,0
2022-11-11,P105,S3,103,4017,0,0
2022-11-12,P101,S1,119,3927,1,0
2022-11-12,P101,S2,165,3465,0,0
2022-11-12,P101,S3,148,3996,1,0
2022-11-12,P102,S1,133,3724,0,0
2022-11-12,P102,S2,144,5184,0,0
2022-11-12,P102,S3,134,3886,0,0
2022-11-12,P103,S1,155,6665,0,0
2022-11-12,P103,S2,137,5617,0,0
2022-11-12,P103,S3,148,3404,0,0
2022-11-12,P104,S1,136,5440,0,0
2022-11-12,P104,S2,141,5640,0,0
2022-11-12,P104,S3,142,6106,0,0
2022-11-12,P105,S1,176,4928,0,0
2022-11-12,P105,S2,144,6336,0,0
2022-11-12,P105,S3,156,4680,0,0
2022-11-13,P101,S1,171,3762,0,1
2022-11-13,P101,S2,132,6072,0,1
2022-11-13,P101,S3,145,4930,0,1
2022-11-13,P102,S1,140,5320,0,1
2022-11-13,P102,S2,138,6210,1,1
2022-11-13,P102,S3,157,5495,0,1
2022-11-13,P103,S1,117,3510,0,1
2022-11-13,P103,S2,123,3321,0,1
2022-11-13,P103,S3,152,3344,0,1
2022-11-13,P104,S1,169,3549,0,1
2022-11-13,P104,S2,143,7007,0,1
2022-11-13,P104,S3,99,4554,1,1
2022-11-13,P105,S1,126,3024,0,1
2022-11-13,P105,S2,128,4736,0,1
2022-11-13,P105,S3,157,7536,1,1
2022-11-14,P101,S1,99,4455,1,0
2022-11-14,P101,S2,139,3197,1,0
2022-11-14,P101,S3,120,3360,0,0
2022-11-14,P102,S1,156,5616,0,0
2022-11-14,P102,S2,100,2500,0,0
2022-11-14,P102,S3,118,4366,0,0
2022-11-14,P103,S1,123,3567,0,0
2022-11-14,P103,S2,94,3666,1,0
2022-11-14,P103,S3,114,3306,0,0
2022-11-14,P104,S1,104,2080,1,0
2022-11-14,P104,S2,111,3441,0,0
2022-11-14,P104,S3,105,2730,1,0
2022-11-14,P105,S1,164,5084,1,0
2022-11-14,P105,S2,103,4326,0,0
2022-11-14,P105,S3,143,4433,0,0
2022-11-15,P101,S1,134,4154,0,0
2022-11-15,P101,S2,126,5922,0,0
2022-11-15,P101,S3,109,5014,1,0
2022-11-15,P102,S1,120,3360,1,0
2022-11-15,P102,S2,129,5934,0,0
2022-11-15,P102,S3,135,3915,0,0
2022-11-15,P103,S1,110,4840,0,0
2022-11-15,P103,S2,134,3618,1,0
2022-11-15,P103,S3,124,5084,0,0
2022-11-15,P104,S1,94,3008,0,0
2022-11-15,P104,S2,129,3612,0,0
2022-11-15,P104,S3,127,4699,1,0
2022-11-15,P105,S1,124,3348,1,0
2022-11-15,P105,S2,126,5040,1,0
2022-11-15,P105,S3,143,4433,1,0
2022-11-16,P101,S1,118,5546,0,0
2022-11-16,P101,S2,157,5809,1,0
2022-11-16,P101,S3,120,5040,0,0
2022-11-16,P102,S1,94,2538,1,0
2022-11-16,P102,S2,125,3000,0,0
2022-11-16,P102,S3,108,4644,0,0
2022-11-16,P103,S1,139,2919,0,0
2022-11-16,P103,S2,120,3960,0,0
2022-11-16,P103,S3,118,5546,0,0
2022-11-16,P104,S1,123,4920,0,0
2022-11-16,P104,S2,85,1955,0,0
2022-11-16,P104,S3,130,4550,1,0
2022-11-16,P105,S1,113,2825,0,0
2022-11-16,P105,S2,151,6191,0,0
2022-11-16,P105,S3,127,3556,1,0
2022-11-17,P101,S1,114,4560,1,0
2022-11-17,P101,S2,110,2530,0,0
2022-11-17,P101,S3,143,3003,0,0
2022-11-17,P102,S1,108,3024,0,0
2022-11-17,P102,S2,123,5658,0,0
2022-11-17,P102,S3,133,3458,0,0
2022-11-17,P103,S1,132,4224,0,0
2022-11-17,P103,S2,121,5082,0,0
2022-11-17,P103,S3,97,3686,1,0
2022-11-17,P104,S1,158,7426,0,0
2022-11-17,P104,S2,99,2475,1,0
2022-11-17,P104,S3,114,3648,0,0
2022-11-17,P105,S1,124,4712,0,0
2022-11-17,P105,S2,125,4750,0,0
2022-11-17,P105,S3,119,5593,1,0
2022-11-18,P101,S1,133,5320,0,0
2022-11-18,P101,S2,111,3774,0,0
2022-11-18,P101,S3,101,2626,0,0
2022-11-18,P102,S1,138,2898,1,0
2022-11-18,P102,S2,120,5280,0,0
2022-11-18,P102,S3,134,5628,1,0
2022-11-18,P103,S1,148,4884,0,0
2022-11-18,P103,S2,129,4773,1,0
2022-11-18,P103,S3,90,3690,1,0
2022-11-18,P104,S1,103,3296,0,0
2022-11-18,P104,S2,115,5405,0,0
2022-11-18,P104,S3,119,4879,0,0
2022-11-18,P105,S1,113,3503,0,0
2022-11-18,P105,S2,100,4300,0,0
2022-11-18,P105,S3,116,2900,1,0
2022-11-19,P101,S1,142,5964,0,0
2022-11-19,P101,S2,153,4743,0,0
2022-11-19,P101,S3,149,5215,0,0
2022-11-19,P102,S1,141,6768,0,0
2022-11-19,P102,S2,151,5587,0,0
2022-11-19,P102,S3,131,5109,1,0
2022-11-19,P103,S1,130,6370,1,0
2022-11-19,P103,S2,130,5460,0,0
2022-11-19,P103,S3,146,3212,0,0
2022-11-19,P104,S1,131,6026,0,0
2022-11-19,P104,S2,156,4212,0,0
2022-11-19,P104,S3,170,6120,0,0
2022-11-19,P105,S1,149,5960,0,0
2022-11-19,P105,S2,146,3066,0,0
2022-11-19,P105,S3,136,5168,0,0
2022-11-20,P101,S1,151,6040,1,1
2022-11-20,P101,S2,161,4347,0,1
2022-11-20,P101,S3,143,6721,0,1
2022-11-20,P102,S1,146,6570,0,1
2022-11-20,P102,S2,158,4266,0,1
2022-11-20,P102,S3,134,4154,1,1
2022-11-20,P103,S1,143,5863,0,1
2022-11-20,P103,S2,143,6864,1,1
2022-11-20,P103,S3,155,4495,0,1
2022-11-20,P104,S1,152,4864,0,1
2022-11-20,P104,S2,125,4375,0,1
2022-11-20,P104,S3,124,6076,1,1
2022-11-20,P105,S1,135,4725,0,1
2022-11-20,P105,S2,142,4970,0,1
2022-11-20,P105,S3,142,4118,0,1
2022-11-21,P101,S1,139,5977,0,0
2022-11-21,P101,S2,155,7440,0,0
2022-11-21,P101,S3,134,3484,0,0
2022-11-21,P102,S1,115,3680,0,0
2022-11-21,P102,S2,123,3813,0,0
2022-11-21,P102,S3,99,4158,0,0
2022-11-21,P103,S1,134,3484,0,0
2022-11-21,P103,S2,134,2948,1,0
2022-11-21,P103,S3,129,5805,0,0
2022-11-21,P104,S1,140,4480,0,0
2022-11-21,P104,S2,121,4356,1,0
2022-11-21,P104,S3,137,5206,0,0
2022-11-21,P105,S1,105,4725,0,0
2022-11-21,P105,S2,107,5136,0,0
2022-11-21,P105,S3,138,2760,0,0
2022-11-22,P101,S1,121,5929,1,0
2022-11-22,P101,S2,107,2675,1,0
2022-11-22,P101,S3,160,3840,0,0
2022-11-22,P102,S1,136,4080,0,0
2022-11-22,P102,S2,135,3645,0,0
2022-11-22,P102,S3,98,2744,0,0
2022-11-22,P103,S1,127,6223,0,0
2022-11-22,P103,S2,128,4096,0,0
2022-11-22,P103,S3,114,5244,0,0
2022-11-22,P104,S1,143,5291,1,0
2022-11-22,P104,S2,126,5670,0,0
2022-11-22,P104,S3,117,2691,1,0
2022-11-22,P105,S1,137,4521,0,0
2022-11-22,P105,S2,132,4356,0,0
2022-11-22,P105,S3,108,4644,1,0
2022-11-23,P101,S1,98,3528,1,0
2022-11-23,P101,S2,127,4064,0,0
2022-11-23,P101,S3,118,5074,1,0
2022-11-23,P102,S1,106,2226,1,0
2022-11-23,P102,S2,150,3900,0,0
2022-11-23,P102,S3,129,3741,0,0
2022-11-23,P103,S1,138,6486,0,0
2022-11-23,P103,S2,119,4403,0,0
2022-11-23,P103,S3,138,4140,0,0
2022-11-23,P104,S1,133,4921,0,0
2022-11-23,P104,S2,115,2990,1,0
2022-11-23,P104,S3,128,2560,0,0
2022-11-23,P105,S1,121,2904,0,0
2022-11-23,P105,S2,144,7056,1,0
2022-11-23,P105,S3,126,2898,1,0
2022-11-24,P101,S1,102,2244,1,0
2022-11-24,P101,S2,143,5434,0,0
2022-11-24,P101,S3,92,2024,1,0
2022-11-24,P102,S1,107,2140,1,0
2022-11-24,P102,S2,108,4752,0,0
2022-11-24,P102,S3,134,3886,1,0
2022-11-24,P103,S1,138,6072,0,0
2022-11-24,P103,S2,129,6063,0,0
2022-11-24,P103,S3,127,5969,0,0
2022-11-24,P104,S1,121,5929,0,0
2022-11-24,P104,S2,129,4257,0,0
2022-11-24,P104,S3,137,6439,1,0
2022-11-24,P105,S1,83,1826,0,0
2022-11-24,P105,S2,138,5658,1,0
2022-11-24,P105,S3,118,2714,0,0
2022-11-25,P101,S1,109,5341,0,0
2022-11-25,P101,S2,127,2921,1,0
2022-11-25,P101,S3,145,6235,0,0
2022-11-25,P102,S1,97,4462,0,0
2022-11-25,P102,S2,121,5929,1,0
2022-11-25,P102,S3,114,4788,0,0
2022-11-25,P103,S1,127,5588,1,0
2022-11-25,P103,S2,123,5289,1,0
2022-11-25,P103,S3,122,4392,0,0
2022-11-25,P104,S1,105,2730,0,0
2022-11-25,P104,S2,127,5080,0,0
2022-11-25,P104,S3,110,4180,0,0
2022-11-25,P105,S1,125,3625,0,0
2022-11-25,P105,S2,105,4410,0,0
2022-11-25,P105,S3,123,5658,1,0
2022-11-26,P101,S1,157,3768,0,0
2022-11-26,P101,S2,152,6384,0,0
2022-11-26,P101,S3,136,6528,1,0
2022-11-26,P102,S1,152,6992,0,0
2022-11-26,P102,S2,120,3240,0,0
2022-11-26,P102,S3,154,4620,0,0
2022-11-26,P103,S1,146,5694,0,0
2022-11-26,P103,S2,161,6601,0,0
2022-11-26,P103,S3,124,4712,0,0
2022-11-26,P104,S1,130,3120,1,0
2022-11-26,P104,S2,146,5110,0,0
2022-11-26,P104,S3,158,5688,0,0
2022-11-26,P105,S1,153,6732,1,0
2022-11-26,P105,S2,169,7098,0,0
2022-11-26,P105,S3,149,6705,1,0
2022-11-27,P101,S1,136,6256,0,1
2022-11-27,P101,S2,133,5719,1,1
2022-11-27,P101,S3,106,2226,0,1
2022-11-27,P102,S1,146,5548,1,1
2022-11-27,P102,S2,150,6150,0,1
2022-11-27,P102,S3,135,5265,0,1
2022-11-27,P103,S1,166,5976,1,1
2022-11-27,P103,S2,144,5760,1,1
2022-11-27,P103,S3,138,2898,0,1
2022-11-27,P104,S1,139,5143,0,1
2022-11-27,P104,S2,149,3576,0,1
2022-11-27,P104,S3,140,3500,0,1
2022-11-27,P105,S1,124,2604,1,1
2022-11-27,P105,S2,151,3926,1,1
2022-11-27,P105,S3,158,3634,0,1
2022-11-28,P101,S1,98,3626,1,0
2022-11-28,P101,S2,142,5254,1,0
2022-11-28,P101,S3,102,2652,0,0
2022-11-28,P102,S1,136,4080,1,0
2022-11-28,P102,S2,123,5658,1,0
2022-11-28,P102,S3,115,4600,0,0
2022-11-28,P103,S1,125,5500,0,0
2022-11-28,P103,S2,130,5720,1,0
2022-11-28,P103,S3,97,3783,1,0
2022-11-28,P104,S1,100,4600,0,0
2022-11-28,P104,S2,123,2829,1,0
2022-11-28,P104,S3,104,3536,0,0
2022-11-28,P105,S1,146,4380,1,0
2022-11-28,P105,S2,118,4720,0,0
2022-11-28,P105,S3,109,2289,0,0
2022-11-29,P101,S1,135,3645,0,0
2022-11-29,P101,S2,129,6192,0,0
2022-11-29,P101,S3,117,2574,0,0
2022-11-29,P102,S1,119,2856,0,0
2022-11-29,P102,S2,111,4551,0,0
2022-11-29,P102,S3,108,2376,0,0
2022-11-29,P103,S1,144,4752,0,0
2022-11-29,P103,S2,121,5082,0,0
2022-11-29,P103,S3,127,5080,1,0
2022-11-29,P104,S1,122,3538,0,0
2022-11-29,P104,S2,110,3080,0,0
2022-11-29,P104,S3,135,4050,0,0
2022-11-29,P105,S1,113,5424,0,0
2022-11-29,P105,S2,134,3350,0,0
2022-11-29,P105,S3,141,5076,0,0
2022-11-30,P101,S1,103,4841,0,0
2022-11-30,P101,S2,141,4089,0,0
2022-11-30,P101,S3,117,5148,0,0
2022-11-30,P102,S1,110,5060,0,0
2022-11-30,P102,S2,136,2856,0,0
2022-11-30,P102,S3,112,5488,0,0
2022-11-30,P103,S1,124,2852,0,0
2022-11-30,P103,S2,145,2900,0,0
2022-11-30,P103,S3,106,4346,1,0
2022-11-30,P104,S1,141,5076,0,0
2022-11-30,P104,S2,121,3146,1,0
2022-11-30,P104,S3,122,4758,0,0
2022-11-30,P105,S1,129,4128,1,0
2022-11-30,P105,S2,121,2420,0,0
2022-11-30,P105,S3,124,3348,0,0
2022-12-01,P101,S1,128,5504,0,0
2022-12-01,P101,S2,139,4726,0,0
2022-12-01,P101,S3,108,3996,0,0
2022-12-01,P102,S1,100,2700,0,0
2022-12-01,P102,S2,110,2750,1,0
2022-12-01,P102,S3,136,3128,0,0
2022-12-01,P103,S1,127,3302,1,0
2022-12-01,P103,S2,144,4464,0,0
2022-12-01,P103,S3,152,4104,0,0
2022-12-01,P104,S1,127,5969,0,0
2022-12-01,P104,S2,140,4340,0,0
2022-12-01,P104,S3,117,2574,1,0
2022-12-01,P105,S1,107,4280,1,0
2022-12-01,P105,S2,131,6157,0,0
2022-12-01,P105,S3,123,3075,0,0
2022-12-02,P101,S1,112,3360,0,0
2022-12-02,P101,S2,138,3174,0,0
2022-12-02,P101,S3,80,2160,0,0
2022-12-02,P102,S1,101,3232,0,0
2022-12-02,P102,S2,120,4320,0,0
2022-12-02,P102,S3,109,2289,1,0
2022-12-02,P103,S1,111,5439,0,0
2022-12-02,P103,S2,117,5031,0,0
2022-12-02,P103,S3,114,2850,1,0
2022-12-02,P104,S1,101,2828,0,0
2022-12-02,P104,S2,128,6272,0,0
2022-12-02,P104,S3,135,5130,1,0
2022-12-02,P105,S1,123,5289,0,0
2022-12-02,P105,S2,113,3164,1,0
2022-12-02,P105,S3,140,5320,0,0
2022-12-03,P101,S1,162,6318,0,0
2022-12-03,P101,S2,159,3339,0,0
2022-12-03,P101,S3,139,2780,0,0
2022-12-03,P102,S1,154,4466,0,0
2022-12-03,P102,S2,137,6028,0,0
2022-12-03,P102,S3,138,5934,0,0
2022-12-03,P103,S1,143,4147,0,0
2022-12-03,P103,S2,146,3796,1,0
2022-12-03,P103,S3,143,3289,1,0
2022-12-03,P104,S1,127,2794,0,0
2022-12-03,P104,S2,162,3240,1,0
2022-12-03,P104,S3,167,5344,0,0
2022-12-03,P105,S1,147,6027,1,0
2022-12-03,P105,S2,127,5715,0,0
2022-12-03,P105,S3,130,4940,1,0
2022-12-04,P101,S1,130,5720,0,1
2022-12-04,P101,S2,127,2794,0,1
2022-12-04,P101,S3,145,6380,1,1
2022-12-04,P102,S1,111,5106,0,1
2022-12-04,P102,S2,162,3564,0,1
2022-12-04,P102,S3,147,3087,0,1
2022-12-04,P103,S1,158,4424,1,1
2022-12-04,P103,S2,155,7130,0,1
2022-12-04,P103,S3,117,4797,1,1
2022-12-04,P104,S1,145,4640,0,1
2022-12-04,P104,S2,117,2691,1,1
2022-12-04,P104,S3,140,3080,0,1
2022-12-04,P105,S1,161,3703,0,1
2022-12-04,P105,S2,137,6028,0,1
2022-12-04,P105,S3,166,3652,1,1
2022-12-05,P101,S1,143,5434,0,0
2022-12-05,P101,S2,122,3782,0,0
2022-12-05,P101,S3,122,5124,1,0
2022-12-05,P102,S1,111,4995,1,0
2022-12-05,P102,S2,111,3330,1,0
2022-12-05,P102,S3,134,4288,1,0
2022-12-05,P103,S1,124,5084,1,0
2022-12-05,P103,S2,94,2914,0,0
2022-12-05,P103,S3,115,5290,0,0
2022-12-05,P104,S1,115,3450,1,0
2022-12-05,P104,S2,138,5244,0,0
2022-12-05,P104,S3,126,3528,0,0
2022-12-05,P105,S1,152,7448,0,0
2022-12-05,P105,S2,116,3712,1,0
2022-12-05,P105,S3,135,5535,0,0
2022-12-06,P101,S1,112,4704,0,0
2022-12-06,P101,S2,134,3886,0,0
2022-12-06,P101,S3,135,2970,0,0
2022-12-06,P102,S1,111,4551,0,0
2022-12-06,P102,S2,131,4847,0,0
2022-12-06,P102,S3,156,4212,1,0
2022-12-06,P103,S1,118,4838,0,0
2022-12-06,P103,S2,112,2688,0,0
2022-12-06,P103,S3,113,4181,0,0
2022-12-06,P104,S1,135,5265,1,0
2022-12-06,P104,S2,137,5343,1,0
2022-12-06,P104,S3,124,2852,1,0
2022-12-06,P105,S1,121,5929,1,0
2022-12-06,P105,S2,97,3977,0,0
2022-12-06,P105,S3,105,4725,0,0
2022-12-07,P101,S1,112,2800,1,0
2022-12-07,P101,S2,108,2700,1,0
2022-12-07,P101,S3,113,3729,0,0
2022-12-07,P102,S1,91,3822,0,0
2022-12-07,P102,S2,104,2392,0,0
2022-12-07,P102,S3,119,4403,0,0
2022-12-07,P103,S1,111,2997,1,0
2022-12-07,P103,S2,104,2288,1,0
2022-12-07,P103,S3,135,6075,0,0
2022-12-07,P104,S1,118,3304,1,0
2022-12-07,P104,S2,137,5617,0,0
2022-12-07,P104,S3,130,4940,1,0
2022-12-07,P105,S1,130,3900,1,0
2022-12-07,P105,S2,128,3328,1,0
2022-12-07,P105,S3,113,4294,0,0
2022-12-08,P101,S1,119,4641,0,0
2022-12-08,P101,S2,132,3564,0,0
2022-12-08,P101,S3,108,3672,0,0
2022-12-08,P102,S1,134,3752,0,0
2022-12-08,P102,S2,126,3528,1,0
2022-12-08,P102,S3,133,4655,0,0
2022-12-08,P103,S1,132,3432,1,0
2022-12-08,P103,S2,126,3276,0,0
2022-12-08,P103,S3,124,3844,0,0
2022-12-08,P104,S1,127,3937,0,0
2022-12-08,P104,S2,137,5480,0,0
2022-12-08,P104,S3,110,3410,0,0
2022-12-08,P105,S1,149,7152,0,0
2022-12-08,P105,S2,147,4116,0,0
2022-12-08,P105,S3,144,3456,1,0
2022-12-09,P101,S1,153,5049,0,0
2022-12-09,P101,S2,130,5460,1,0
2022-12-09,P101,S3,111,3885,0,0
2022-12-09,P102,S1,125,3250,0,0
2022-12-09,P102,S2,143,4290,0,0
2022-12-09,P102,S3,110,4840,1,0
2022-12-09,P103,S1,119,5831,0,0
2022-12-09,P103,S2,131,5371,0,0
2022-12-09,P103,S3,123,3198,0,0
2022-12-09,P104,S1,138,4692,1,0
2022-12-09,P104,S2,122,5124,1,0
2022-12-09,P104,S3,104,3224,0,0
2022-12-09,P105,S1,120,3960,0,0
2022-12-09,P105,S2,121,4961,0,0
2022-12-09,P105,S3,129,3096,0,0
2022-12-10,P101,S1,159,6519,1,0
2022-12-10,P101,S2,138,6486,1,0
2022-12-10,P101,S3,146,6570,0,0
2022-12-10,P102,S1,140,5600,0,0
2022-12-10,P102,S2,127,2667,0,0
2022-12-10,P102,S3,145,3480,0,0
2022-12-10,P103,S1,138,3312,1,0
2022-12-10,P103,S2,140,5600,1,0
2022-12-10,P103,S3,138,4830,0,0
2022-12-10,P104,S1,153,3672,0,0
2022-12-10,P104,S2,123,5535,1,0
2022-12-10,P104,S3,163,4238,0,0
2022-12-10,P105,S1,154,6160,0,0
2022-12-10,P105,S2,136,3672,1,0
2022-12-10,P105,S3,144,3744,0,0
2022-12-11,P101,S1,146,4088,1,1
2022-12-11,P101,S2,153,3825,0,1
2022-12-11,P101,S3,135,4995,0,1
2022-12-11,P102,S1,123,3690,0,1
2022-12-11,P102,S2,142,5822,1,1
2022-12-11,P102,S3,152,7144,1,1
2022-12-11,P103,S1,143,5863,0,1
2022-12-11,P103,S2,121,2662,0,1
2022-12-11,P103,S3,141,5499,0,1
2022-12-11,P104,S1,163,5868,0,1
2022-12-11,P104,S2,167,5344,0,1
2022-12-11,P104,S3,142,3976,0,1
2022-12-11,P105,S1,138,3312,0,1
2022-12-11,P105,S2,156,4056,0,1
2022-12-11,P105,S3,134,4690,0,1
2022-12-12,P101,S1,99,2277,0,0
2022-12-12,P101,S2,152,3496,1,0
2022-12-12,P101,S3,136,2856,1,0
2022-12-12,P102,S1,117,4329,0,0
2022-12-12,P102,S2,133,6517,0,0
2022-12-12,P102,S3,119,4760,1,0
2022-12-12,P103,S1,125,4250,0,0
2022-12-12,P103,S2,107,3959,1,0
2022-12-12,P103,S3,116,3016,0,0
2022-12-12,P104,S1,95,3325,1,0
2022-12-12,P104,S2,105,2415,0,0
2022-12-12,P104,S3,111,2997,0,0
2022-12-12,P105,S1,95,1900,0,0
2022-12-12,P105,S2,122,5978,0,0
2022-12-12,P105,S3,101,2626,0,0
2022-12-13,P101,S1,114,3762,0,0
2022-12-13,P101,S2,142,6816,0,0
2022-12-13,P101,S3,128,3456,1,0
2022-12-13,P102,S1,140,6580,0,0
2022-12-13,P102,S2,106,4876,1,0
2022-12-13,P102,S3,133,6384,0,0
2022-12-13,P103,S1,119,5236,0,0
2022-12-13,P103,S2,114,4104,1,0
2022-12-13,P103,S3,130,3250,1,0
2022-12-13,P104,S1,131,3406,1,0
2022-12-13,P104,S2,140,2940,1,0
2022-12-13,P104,S3,118,5546,0,0
2022-12-13,P105,S1,119,3689,0,0
2022-12-13,P105,S2,131,4585,0,0
2022-12-13,P105,S3,119,3808,1,0
2022-12-14,P101,S1,135,6480,0,0
2022-12-14,P101,S2,125,3500,1,0
2022-12-14,P101,S3,118,5546,0,0
2022-12-14,P102,S1,97,3007,0,0
2022-12-14,P102,S2,134,3484,1,0
2022-12-14,P102,S3,107,3852,0,0
2022-12-14,P103,S1,111,4995,0,0
2022-12-14,P103,S2,137,5617,0,0
2022-12-14,P103,S3,119,2856,0,0
2022-12-14,P104,S1,107,2568,0,0
2022-12-14,P104,S2,150,5100,0,0
2022-12-14,P104,S3,135,4320,1,0
2022-12-14,P105,S1,119,4165,0,0
2022-12-14,P105,S2,87,2697,1,0
2022-12-14,P105,S3,162,3240,1,0
2022-12-15,P101,S1,122,3538,0,0
2022-12-15,P101,S2,97,4462,0,0
2022-12-15,P101,S3,128,6016,0,0
2022-12-15,P102,S1,120,2400,0,0
2022-12-15,P102,S2,146,2920,1,0
2022-12-15,P102,S3,128,5760,0,0
2022-12-15,P103,S1,106,3074,1,0
2022-12-15,P103,S2,140,3640,0,0
2022-12-15,P103,S3,125,5375,0,0
2022-12-15,P104,S1,119,4522,0,0
2022-12-15,P104,S2,140,4760,0,0
2022-12-15,P104,S3,118,3894,0,0
2022-12-15,P105,S1,105,2835,1,0
2022-12-15,P105,S2,116,3364,0,0
2022-12-15,P105,S3,102,2040,0,0
2022-12-16,P101,S1,104,5096,0,0
2022-12-16,P101,S2,142,3550,0,0
2022-12-16,P101,S3,117,5616,1,0
2022-12-16,P102,S1,157,6751,0,0
2022-12-16,P102,S2,132,4620,0,0
2022-12-16,P102,S3,127,4445,0,0
2022-12-16,P103,S1,123,4305,0,0
2022-12-16,P103,S2,138,6072,0,0
2022-12-16,P103,S3,107,2247,0,0
2022-12-16,P104,S1,109,4360,0,0
2022-12-16,P104,S2,126,2646,0,0
2022-12-16,P104,S3,138,5796,0,0
2022-12-16,P105,S1,114,2850,0,0
2022-12-16,P105,S2,127,5080,1,0
2022-12-16,P105,S3,137,3151,0,0
2022-12-17,P101,S1,121,5082,1,0
2022-12-17,P101,S2,109,2943,0,0
2022-12-17,P101,S3,140,3780,0,0
2022-12-17,P102,S1,104,3536,0,0
2022-12-17,P102,S2,147,6615,1,0
2022-12-17,P102,S3,140,5880,0,0
2022-12-17,P103,S1,141,6486,0,0
2022-12-17,P103,S2,145,3480,1,0
2022-12-17,P103,S3,188,6016,0,0
2022-12-17,P104,S1,150,5850,1,0
2022-12-17,P104,S2,142,3692,0,0
2022-12-17,P104,S3,160,7040,1,0
2022-12-17,P105,S1,161,5957,1,0
2022-12-17,P105,S2,143,3432,1,0
2022-12-17,P105,S3,122,2440,1,0
2022-12-18,P101,S1,175,5600,0,1
2022-12-18,P101,S2,112,4368,0,1
2022-12-18,P101,S3,133,3990,0,1
2022-12-18,P102,S1,155,6820,0,1
2022-12-18,P102,S2,140,5320,1,1
2022-12-18,P102,S3,117,2808,0,1
2022-12-18,P103,S1,151,6191,1,1
2022-12-18,P103,S2,142,5396,0,1
2022-12-18,P103,S3,118,5546,0,1
2022-12-18,P104,S1,115,4025,1,1
2022-12-18,P104,S2,114,5358,0,1
2022-12-18,P104,S3,150,6000,0,1
2022-12-18,P105,S1,150,3450,0,1
2022-12-18,P105,S2,109,4469,0,1
2022-12-18,P105,S3,104,2496,1,1
2022-12-19,P101,S1,153,3978,0,0
2022-12-19,P101,S2,115,3680,1,0
2022-12-19,P101,S3,135,2970,0,0
2022-12-19,P102,S1,124,4340,1,0
2022-12-19,P102,S2,141,3666,0,0
2022-12-19,P102,S3,144,3024,0,0
2022-12-19,P103,S1,119,2618,0,0
2022-12-19,P103,S2,134,4556,0,0
2022-12-19,P103,S3,138,5520,0,0
2022-12-19,P104,S1,139,5699,0,0
2022-12-19,P104,S2,106,2756,0,0
2022-12-19,P104,S3,132,4752,0,0
2022-12-19,P105,S1,108,5184,0,0
2022-12-19,P105,S2,127,2794,0,0
2022-12-19,P105,S3,111,4218,1,0
2022-12-20,P101,S1,150,6300,0,0
2022-12-20,P101,S2,96,4416,1,0
2022-12-20,P101,S3,104,2808,0,0
2022-12-20,P102,S1,116,2668,0,0
2022-12-20,P102,S2,131,4454,0,0
2022-12-20,P102,S3,121,3751,1,0
2022-12-20,P103,S1,138,3864,0,0
2022-12-20,P103,S2,123,4674,0,0
2022-12-20,P103,S3,112,3472,0,0
2022-12-20,P104,S1,107,5136,0,0
2022-12-20,P104,S2,120,2400,0,0
2022-12-20,P104,S3,137,4795,0,0
2022-12-20,P105,S1,133,3325,0,0
2022-12-20,P105,S2,122,4148,0,0
2022-12-20,P105,S3,121,4477,0,0
2022-12-21,P101,S1,110,4400,0,0
2022-12-21,P101,S2,120,4680,1,0
2022-12-21,P101,S3,149,5066,0,0
2022-12-21,P102,S1,125,3250,0,0
2022-12-21,P102,S2,97,3201,0,0
2022-12-21,P102,S3,125,6125,0,0
2022-12-21,P103,S1,108,4752,1,0
2022-12-21,P103,S2,121,3993,0,0
2022-12-21,P103,S3,132,5016,0,0
2022-12-21,P104,S1,131,3013,0,0
2022-12-21,P104,S2,119,4046,1,0
2022-12-21,P104,S3,120,4680,1,0
2022-12-21,P105,S1,122,5490,0,0
2022-12-21,P105,S2,114,3534,0,0
2022-12-21,P105,S3,130,5200,1,0
2022-12-22,P101,S1,116,3944,1,0
2022-12-22,P101,S2,129,4257,0,0
2022-12-22,P101,S3,140,4340,1,0
2022-12-22,P102,S1,143,6006,1,0
2022-12-22,P102,S2,115,2300,0,0
2022-12-22,P102,S3,101,4949,0,0
2022-12-22,P103,S1,123,2583,0,0
2022-12-22,P103,S2,118,5192,1,0
2022-12-22,P103,S3,138,5796,0,0
2022-12-22,P104,S1,139,3197,1,0
2022-12-22,P104,S2,170,5270,0,0
2022-12-22,P104,S3,134,3618,1,0
2022-12-22,P105,S1,119,2380,0,0
2022-12-22,P105,S2,103,2060,1,0
2022-12-22,P105,S3,127,5842,0,0
2022-12-23,P101,S1,107,4387,1,0
2022-12-23,P101,S2,119,3808,1,0
2022-12-23,P101,S3,148,3256,0,0
2022-12-23,P102,S1,118,4838,0,0
2022-12-23,P102,S2,140,2800,1,0
2022-12-23,P102,S3,122,4392,1,0
2022-12-23,P103,S1,132,4488,0,0
2022-12-23,P103,S2,109,2180,1,0
2022-12-23,P103,S3,125,2500,0,0
2022-12-23,P104,S1,109,5341,0,0
2022-12-23,P104,S2,126,3024,1,0
2022-12-23,P104,S3,122,2684,1,0
2022-12-23,P105,S1,133,3325,0,0
2022-12-23,P105,S2,128,5504,0,0
2022-12-23,P105,S3,140,4060,0,0
2022-12-24,P101,S1,127,5207,0,0
2022-12-24,P101,S2,143,3718,0,0
2022-12-24,P101,S3,132,5544,0,0
2022-12-24,P102,S1,153,5814,1,0
2022-12-24,P102,S2,176,4048,0,0
2022-12-24,P102,S3,143,3718,0,0
2022-12-24,P103,S1,136,2720,0,0
2022-12-24,P103,S2,139,3336,0,0
2022-12-24,P103,S3,131,4847,1,0
2022-12-24,P104,S1,156,4368,0,0
2022-12-24,P104,S2,159,3180,0,0
2022-12-24,P104,S3,131,4061,0,0
2022-12-24,P105,S1,144,6048,0,0
2022-12-24,P105,S2,131,4847,0,0
2022-12-24,P105,S3,135,3240,1,0
2022-12-25,P101,S1,159,6201,0,1
2022-12-25,P101,S2,147,5733,0,1
2022-12-25,P101,S3,128,2816,0,1
2022-12-25,P102,S1,146,3942,0,1
2022-12-25,P102,S2,134,6030,0,1
2022-12-25,P102,S3,140,6720,0,1
2022-12-25,P103,S1,146,5986,0,1
2022-12-25,P103,S2,146,3796,0,1
2022-12-25,P103,S3,149,6705,1,1
2022-12-25,P104,S1,137,2877,0,1
2022-12-25,P104,S2,183,5490,1,1
2022-12-25,P104,S3,126,2646,0,1
2022-12-25,P105,S1,118,5664,1,1
2022-12-25,P105,S2,140,6720,1,1
2022-12-25,P105,S3,139,5560,0,1
2022-12-26,P101,S1,113,2825,0,0
2022-12-26,P101,S2,94,3384,0,0
2022-12-26,P101,S3,111,3219,0,0
2022-12-26,P102,S1,118,4956,0,0
2022-12-26,P102,S2,137,4521,1,0
2022-12-26,P102,S3,109,3270,1,0
2022-12-26,P103,S1,110,5280,1,0
2022-12-26,P103,S2,114,5244,0,0
2022-12-26,P103,S3,148,5328,1,0
2022-12-26,P104,S1,129,4386,0,0
2022-12-26,P104,S2,114,5472,0,0
2022-12-26,P104,S3,154,3080,0,0
2022-12-26,P105,S1,124,5208,0,0
2022-12-26,P105,S2,113,3051,1,0
2022-12-26,P105,S3,95,3325,0,0
2022-12-27,P101,S1,111,3552,0,0
2022-12-27,P101,S2,116,4408,0,0
2022-12-27,P101,S3,115,2645,0,0
2022-12-27,P102,S1,131,3406,0,0
2022-12-27,P102,S2,124,4340,0,0
2022-12-27,P102,S3,124,2976,0,0
2022-12-27,P103,S1,131,4061,0,0
2022-12-27,P103,S2,114,4104,0,0
2022-12-27,P103,S3,129,3354,1,0
2022-12-27,P104,S1,83,1826,1,0
2022-12-27,P104,S2,121,4961,1,0
2022-12-27,P104,S3,118,5192,0,0
2022-12-27,P105,S1,127,5207,0,0
2022-12-27,P105,S2,102,2652,0,0
2022-12-27,P105,S3,115,3220,1,0
2022-12-28,P101,S1,117,4680,0,0
2022-12-28,P101,S2,108,3240,0,0
2022-12-28,P101,S3,125,3750,1,0
2022-12-28,P102,S1,137,4795,1,0
2022-12-28,P102,S2,114,2622,0,0
2022-12-28,P102,S3,130,3640,1,0
2022-12-28,P103,S1,139,3614,0,0
2022-12-28,P103,S2,90,2700,0,0
2022-12-28,P103,S3,143,5720,0,0
2022-12-28,P104,S1,121,3025,0,0
2022-12-28,P104,S2,137,4658,1,0
2022-12-28,P104,S3,113,4972,0,0
2022-12-28,P105,S1,122,4392,0,0
2022-12-28,P105,S2,117,4680,0,0
2022-12-28,P105,S3,110,2200,0,0
2022-12-29,P101,S1,124,4216,0,0
2022-12-29,P101,S2,126,3528,0,0
2022-12-29,P101,S3,123,4797,0,0
2022-12-29,P102,S1,107,3103,1,0
2022-12-29,P102,S2,110,3630,0,0
2022-12-29,P102,S3,116,5452,1,0
2022-12-29,P103,S1,98,4018,0,0
2022-12-29,P103,S2,101,4141,0,0
2022-12-29,P103,S3,132,4884,0,0
2022-12-29,P104,S1,143,6006,0,0
2022-12-29,P104,S2,136,6528,1,0
2022-12-29,P104,S3,101,3030,0,0
2022-12-29,P105,S1,127,5080,1,0
2022-12-29,P105,S2,118,4956,1,0
2022-12-29,P105,S3,143,5863,0,0
2022-12-30,P101,S1,104,3952,1,0
2022-12-30,P101,S2,135,5265,0,0
2022-12-30,P101,S3,108,5184,0,0
2022-12-30,P102,S1,116,2668,0,0
2022-12-30,P102,S2,137,2740,1,0
2022-12-30,P102,S3,126,4410,1,0
2022-12-30,P103,S1,105,3675,0,0
2022-12-30,P103,S2,131,2882,0,0
2022-12-30,P103,S3,93,2790,0,0
2022-12-30,P104,S1,139,6116,0,0
2022-12-30,P104,S2,110,4730,0,0
2022-12-30,P104,S3,155,4495,0,0
2022-12-30,P105,S1,121,4598,0,0
2022-12-30,P105,S2,154,6776,0,0
2022-12-30,P105,S3,135,4995,0,0
2022-12-31,P101,S1,169,8281,0,0
2022-12-31,P101,S2,154,4312,0,0
2022-12-31,P101,S3,140,4340,0,0
2022-12-31,P102,S1,118,5310,0,0
2022-12-31,P102,S2,155,4030,0,0
2022-12-31,P102,S3,151,4379,0,0
2022-12-31,P103,S1,177,5487,0,0
2022-12-31,P103,S2,141,6909,1,0
2022-12-31,P103,S3,154,4466,0,0
2022-12-31,P104,S1,146,4964,1,0
2022-12-31,P104,S2,142,3976,0,0
2022-12-31,P104,S3,143,3146,0,0
2022-12-31,P105,S1,141,4794,0,0
2022-12-31,P105,S2,174,3480,1,0
2022-12-31,P105,S3,155,3565,0,0
2023-01-01,P101,S1,130,2600,0,1
2023-01-01,P101,S2,124,5704,1,1
2023-01-01,P101,S3,129,5289,0,1
2023-01-01,P102,S1,113,3277,0,1
2023-01-01,P102,S2,134,5226,0,1
2023-01-01,P102,S3,139,4448,0,1
2023-01-01,P103,S1,114,5244,0,1
2023-01-01,P103,S2,125,3625,0,1
2023-01-01,P103,S3,118,5546,0,1
2023-01-01,P104,S1,108,2700,0,1
2023-01-01,P104,S2,136,3536,0,1
2023-01-01,P104,S3,123,6027,0,1
2023-01-01,P105,S1,112,4256,0,1
2023-01-01,P105,S2,120,3480,0,1
2023-01-01,P105,S3,114,4218,1,1
2023-01-02,P101,S1,88,2288,1,0
2023-01-02,P101,S2,133,2793,0,0
2023-01-02,P101,S3,105,3885,0,0
2023-01-02,P102,S1,93,3348,0,0
2023-01-02,P102,S2,97,3395,1,0
2023-01-02,P102,S3,116,5452,1,0
2023-01-02,P103,S1,100,3300,0,0
2023-01-02,P103,S2,116,3596,0,0
2023-01-02,P103,S3,105,2310,0,0
2023-01-02,P104,S1,100,2100,0,0
2023-01-02,P104,S2,101,4545,0,0
2023-01-02,P104,S3,105,2625,1,0
2023-01-02,P105,S1,91,2639,1,0
2023-01-02,P105,S2,93,3627,0,0
2023-01-02,P105,S3,94,3948,1,0
2023-01-03,P101,S1,118,3776,0,0
2023-01-03,P101,S2,105,3780,1,0
2023-01-03,P101,S3,113,2712,0,0
2023-01-03,P102,S1,110,3190,0,0
2023-01-03,P102,S2,121,2541,1,0
2023-01-03,P102,S3,84,2688,0,0
2023-01-03,P103,S1,78,2886,0,0
2023-01-03,P103,S2,90,3690,1,0
2023-01-03,P103,S3,98,2842,0,0
2023-01-03,P104,S1,108,2916,0,0
2023-01-03,P104,S2,71,1988,1,0
2023-01-03,P104,S3,121,5929,0,0
2023-01-03,P105,S1,91,2457,0,0
2023-01-03,P105,S2,115,3680,1,0
2023-01-03,P105,S3,79,2844,0,0
2023-01-04,P101,S1,104,5096,0,0
2023-01-04,P101,S2,91,4368,0,0
2023-01-04,P101,S3,106,3180,0,0
2023-01-04,P102,S1,79,3397,0,0
2023-01-04,P102,S2,122,3782,0,0
2023-01-04,P102,S3,81,2025,0,0
2023-01-04,P103,S1,115,5520,0,0
2023-01-04,P103,S2,93,2604,1,0
2023-01-04,P103,S3,97,3201,0,0
2023-01-04,P104,S1,104,2392,0,0
2023-01-04,P104,S2,79,3713,0,0
2023-01-04,P104,S3,91,3094,1,0
2023-01-04,P105,S1,98,2940,0,0
2023-01-04,P105,S2,123,5043,0,0
2023-01-04,P105,S3,114,4902,0,0
2023-01-05,P101,S1,103,3399,0,0
2023-01-05,P101,S2,97,4074,1,0
2023-01-05,P101,S3,140,6720,1,0
2023-01-05,P102,S1,117,4095,1,0
2023-01-05,P102,S2,114,2850,0,0
2023-01-05,P102,S3,123,3690,1,0
2023-01-05,P103,S1,96,2208,1,0
2023-01-05,P103,S2,93,4371,0,0
2023-01-05,P103,S3,110,4400,0,0
2023-01-05,P104,S1,104,3016,0,0
2023-01-05,P104,S2,112,4928,1,0
2023-01-05,P104,S3,115,4830,0,0
2023-01-05,P105,S1,115,2760,0,0
2023-01-05,P105,S2,106,3286,0,0
2023-01-05,P105,S3,103,2884,0,0
2023-01-06,P101,S1,76,2128,0,0
2023-01-06,P101,S2,101,2424,0,0
2023-01-06,P101,S3,55,1265,0,0
2023-01-06,P102,S1,106,4452,0,0
2023-01-06,P102,S2,99,3366,0,0
2023-01-06,P102,S3,92,1932,0,0
2023-01-06,P103,S1,96,2016,1,0
2023-01-06,P103,S2,91,1911,0,0
2023-01-06,P103,S3,99,3465,1,0
2023-01-06,P104,S1,104,3848,0,0
2023-01-06,P104,S2,112,4928,0,0
2023-01-06,P104,S3,117,5499,0,0
2023-01-06,P105,S1,88,2464,1,0
2023-01-06,P105,S2,115,4255,0,0
2023-01-06,P105,S3,129,3741,0,0
2023-01-07,P101,S1,128,5632,0,0
2023-01-07,P101,S2,127,5080,1,0
2023-01-07,P101,S3,128,4480,0,0
2023-01-07,P102,S1,136,6392,0,0
2023-01-07,P102,S2,126,4032,0,0
2023-01-07,P102,S3,128,3072,0,0
2023-01-07,P103,S1,121,5687,0,0
2023-01-07,P103,S2,106,2120,1,0
2023-01-07,P103,S3,128,6016,0,0
2023-01-07,P104,S1,117,5616,0,0
2023-01-07,P104,S2,130,4940,1,0
2023-01-07,P104,S3,114,3534,0,0
2023-01-07,P105,S1,129,2580,0,0
2023-01-07,P105,S2,111,4107,0,0
2023-01-07,P105,S3,133,3724,0,0
2023-01-08,P101,S1,99,2178,0,1
2023-01-08,P101,S2,108,4644,0,1
2023-01-08,P101,S3,135,6615,0,1
2023-01-08,P102,S1,130,4680,0,1
2023-01-08,P102,S2,124,5704,0,1
2023-01-08,P102,S3,113,5537,1,1
2023-01-08,P103,S1,133,2793,1,1
2023-01-08,P103,S2,96,4128,1,1
2023-01-08,P103,S3,133,4655,0,1
2023-01-08,P104,S1,133,2926,0,1
2023-01-08,P104,S2,126,5544,1,1
2023-01-08,P104,S3,119,2499,0,1
2023-01-08,P105,S1,118,5428,0,1
2023-01-08,P105,S2,115,4255,1,1
2023-01-08,P105,S3,120,5520,0,1
2023-01-09,P101,S1,137,5891,0,0
2023-01-09,P101,S2,73,2774,0,0
2023-01-09,P101,S3,78,2340,0,0
2023-01-09,P102,S1,122,3538,1,0
2023-01-09,P102,S2,90,3420,1,0
2023-01-09,P102,S3,101,3636,0,0
2023-01-09,P103,S1,92,3036,0,0
2023-01-09,P103,S2,113,3051,0,0
2023-01-09,P103,S3,112,3248,0,0
2023-01-09,P104,S1,82,3034,1,0
2023-01-09,P104,S2,90,1890,0,0
2023-01-09,P104,S3,125,2875,1,0
2023-01-09,P105,S1,91,3094,0,0
2023-01-09,P105,S2,111,4329,0,0
2023-01-09,P105,S3,120,4080,0,0
2023-01-10,P101,S1,121,5324,0,0
2023-01-10,P101,S2,99,3762,1,0
2023-01-10,P101,S3,109,2507,0,0
2023-01-10,P102,S1,116,5684,0,0
2023-01-10,P102,S2,97,4171,0,0
2023-01-10,P102,S3,92,3588,0,0
2023-01-10,P103,S1,108,3564,1,0
2023-01-10,P103,S2,85,3315,0,0
2023-01-10,P103,S3,109,4578,0,0
2023-01-10,P104,S1,105,4725,0,0
2023-01-10,P104,S2,111,5328,0,0
2023-01-10,P104,S3,103,3605,0,0
2023-01-10,P105,S1,91,4277,0,0
2023-01-10,P105,S2,124,5704,0,0
2023-01-10,P105,S3,106,2862,0,0
2023-01-11,P101,S1,100,4400,0,0
2023-01-11,P101,S2,95,2090,0,0
2023-01-11,P101,S3,107,2247,1,0
2023-01-11,P102,S1,75,3075,0,0
2023-01-11,P102,S2,101,3030,0,0
2023-01-11,P102,S3,95,3515,0,0
2023-01-11,P103,S1,97,3395,1,0
2023-01-11,P103,S2,124,4588,0,0
2023-01-11,P103,S3,86,1720,0,0
2023-01-11,P104,S1,106,4346,0,0
2023-01-11,P104,S2,107,3317,0,0
2023-01-11,P104,S3,110,2860,0,0
2023-01-11,P105,S1,75,1725,1,0
2023-01-11,P105,S2,95,2565,0,0
2023-01-11,P105,S3,74,1628,0,0
2023-01-12,P101,S1,101,3232,1,0
2023-01-12,P101,S2,116,4408,0,0
2023-01-12,P101,S3,99,4257,0,0
2023-01-12,P102,S1,109,3052,0,0
2023-01-12,P102,S2,115,4140,0,0
2023-01-12,P102,S3,113,3616,0,0
2023-01-12,P103,S1,87,3741,0,0
2023-01-12,P103,S2,108,2268,0,0
2023-01-12,P103,S3,99,3069,0,0
2023-01-12,P104,S1,119,3332,0,0
2023-01-12,P104,S2,102,3570,0,0
2023-01-12,P104,S3,105,2415,0,0
2023-01-12,P105,S1,96,3168,1,0
2023-01-12,P105,S2,114,3762,0,0
2023-01-12,P105,S3,67,1809,0,0
2023-01-13,P101,S1,131,5109,0,0
2023-01-13,P101,S2,102,4794,0,0
2023-01-13,P101,S3,94,3666,1,0
2023-01-13,P102,S1,111,5106,0,0
2023-01-13,P102,S2,86,1720,1,0
2023-01-13,P102,S3,102,3366,0,0
2023-01-13,P103,S1,93,2232,0,0
2023-01-13,P103,S2,126,6174,0,0
2023-01-13,P103,S3,88,2464,0,0
2023-01-13,P104,S1,101,2727,0,0
2023-01-13,P104,S2,103,4635,0,0
2023-01-13,P104,S3,104,2704,0,0
2023-01-13,P105,S1,93,1860,1,0
2023-01-13,P105,S2,94,2162,0,0
2023-01-13,P105,S3,101,2525,0,0
2023-01-14,P101,S1,121,5203,1,0
2023-01-14,P101,S2,115,2300,0,0
2023-01-14,P101,S3,141,6768,1,0
2023-01-14,P102,S1,89,3916,1,0
2023-01-14,P102,S2,105,4830,0,0
2023-01-14,P102,S3,100,2900,0,0
2023-01-14,P103,S1,115,4255,0,0
2023-01-14,P103,S2,112,4368,0,0
2023-01-14,P103,S3,137,3014,0,0
2023-01-14,P104,S1,135,4320,0,0
2023-01-14,P104,S2,108,2700,0,0
2023-01-14,P104,S3,111,2775,1,0
2023-01-14,P105,S1,118,5428,0,0
2023-01-14,P105,S2,118,5192,1,0
2023-01-14,P105,S3,125,2625,0,0
2023-01-15,P101,S1,128,6272,0,1
2023-01-15,P101,S2,144,2880,0,1
2023-01-15,P101,S3,117,5382,0,1
2023-01-15,P102,S1,129,5805,1,1
2023-01-15,P102,S2,99,3168,0,1
2023-01-15,P102,S3,118,2832,1,1
2023-01-15,P103,S1,128,3200,0,1
2023-01-15,P103,S2,115,4830,1,1
2023-01-15,P103,S3,136,4896,1,1
2023-01-15,P104,S1,95,2470,0,1
2023-01-15,P104,S2,131,3275,0,1
2023-01-15,P104,S3,110,4400,1,1
2023-01-15,P105,S1,122,5978,1,1
2023-01-15,P105,S2,126,2520,1,1
2023-01-15,P105,S3,109,2616,1,1
2023-01-16,P101,S1,113,2712,1,0
2023-01-16,P101,S2,88,3520,0,0
2023-01-16,P101,S3,114,4332,0,0
2023-01-16,P102,S1,95,4275,0,0
2023-01-16,P102,S2,67,2948,1,0
2023-01-16,P102,S3,85,3060,0,0
2023-01-16,P103,S1,98,2646,0,0
2023-01-16,P103,S2,88,3872,0,0
2023-01-16,P103,S3,120,3600,0,0
2023-01-16,P104,S1,121,2904,0,0
2023-01-16,P104,S2,117,4095,0,0
2023-01-16,P104,S3,99,3465,1,0
2023-01-16,P105,S1,78,2028,0,0
2023-01-16,P105,S2,88,2464,0,0
2023-01-16,P105,S3,109,2834,0,0
2023-01-17,P101,S1,91,4186,0,0
2023-01-17,P101,S2,114,4218,1,0
2023-01-17,P101,S3,88,2200,0,0
2023-01-17,P102,S1,118,2360,1,0
2023-01-17,P102,S2,94,4230,0,0
2023-01-17,P102,S3,104,2288,1,0
2023-01-17,P103,S1,97,4074,0,0
2023-01-17,P103,S2,85,2635,1,0
2023-01-17,P103,S3,91,1911,1,0
2023-01-17,P104,S1,112,4816,0,0
2023-01-17,P104,S2,71,2130,1,0
2023-01-17,P104,S3,88,4048,0,0
2023-01-17,P105,S1,97,1940,1,0
2023-01-17,P105,S2,90,3330,1,0
2023-01-17,P105,S3,95,3800,0,0
2023-01-18,P101,S1,103,4635,1,0
2023-01-18,P101,S2,118,4484,0,0
2023-01-18,P101,S3,90,1980,1,0
2023-01-18,P102,S1,94,2914,0,0
2023-01-18,P102,S2,104,2080,1,0
2023-01-18,P102,S3,87,4263,0,0
2023-01-18,P103,S1,97,4074,0,0
2023-01-18,P103,S2,85,2975,1,0
2023-01-18,P103,S3,99,4158,0,0
2023-01-18,P104,S1,109,5123,1,0
2023-01-18,P104,S2,113,3051,1,0
2023-01-18,P104,S3,87,3567,1,0
2023-01-18,P105,S1,94,3948,1,0
2023-01-18,P105,S2,95,4085,1,0
2023-01-18,P105,S3,87,2610,0,0
2023-01-19,P101,S1,100,2600,0,0
2023-01-19,P101,S2,109,2289,0,0
2023-01-19,P101,S3,100,2200,1,0
2023-01-19,P102,S1,87,4263,0,0
2023-01-19,P102,S2,101,3030,1,0
2023-01-19,P102,S3,102,3774,1,0
2023-01-19,P103,S1,108,3348,0,0
2023-01-19,P103,S2,75,1875,0,0
2023-01-19,P103,S3,93,2697,0,0
2023-01-19,P104,S1,136,4216,0,0
2023-01-19,P104,S2,116,3364,1,0
2023-01-19,P104,S3,83,3403,0,0
2023-01-19,P105,S1,111,2997,0,0
2023-01-19,P105,S2,86,2150,1,0
2023-01-19,P105,S3,88,2464,0,0
2023-01-20,P101,S1,113,5311,0,0
2023-01-20,P101,S2,108,3024,0,0
2023-01-20,P101,S3,94,3854,0,0
2023-01-20,P102,S1,101,2828,0,0
2023-01-20,P102,S2,93,2697,0,0
2023-01-20,P102,S3,96,2784,0,0
2023-01-20,P103,S1,129,3999,0,0
2023-01-20,P103,S2,106,3498,1,0
2023-01-20,P103,S3,112,3808,0,0
2023-01-20,P104,S1,112,4368,1,0
2023-01-20,P104,S2,117,3276,0,0
2023-01-20,P104,S3,85,3995,0,0
2023-01-20,P105,S1,60,1860,0,0
2023-01-20,P105,S2,100,4200,0,0
2023-01-20,P105,S3,107,2675,0,0
2023-01-21,P101,S1,126,5544,0,0
2023-01-21,P101,S2,107,2675,0,0
2023-01-21,P101,S3,136,6392,0,0
2023-01-21,P102,S1,120,2880,1,0
2023-01-21,P102,S2,133,4921,0,0
2023-01-21,P102,S3,107,2889,1,0
2023-01-21,P103,S1,112,4592,0,0
2023-01-21,P103,S2,140,6300,0,0
2023-01-21,P103,S3,138,5658,0,0
2023-01-21,P104,S1,109,2507,1,0
2023-01-21,P104,S2,142,6248,0,0
2023-01-21,P104,S3,138,5244,0,0
2023-01-21,P105,S1,109,4251,0,0
2023-01-21,P105,S2,99,2178,1,0
2023-01-21,P105,S3,148,5920,0,0
2023-01-22,P101,S1,123,2583,1,1
2023-01-22,P101,S2,123,5412,1,1
2023-01-22,P101,S3,135,6075,0,1
2023-01-22,P102,S1,108,3240,1,1
2023-01-22,P102,S2,154,5236,1,1
2023-01-22,P102,S3,136,5440,0,1
2023-01-22,P103,S1,148,6068,1,1
2023-01-22,P103,S2,139,2919,1,1
2023-01-22,P103,S3,111,2331,0,1
2023-01-22,P104,S1,128,3072,1,1
2023-01-22,P104,S2,126,2898,0,1
2023-01-22,P104,S3,119,3570,0,1
2023-01-22,P105,S1,103,5047,0,1
2023-01-22,P105,S2,138,5382,0,1
2023-01-22,P105,S3,116,3016,0,1
2023-01-23,P101,S1,98,2352,1,0
2023-01-23,P101,S2,102,4998,0,0
2023-01-23,P101,S3,72,2880,0,0
2023-01-23,P102,S1,97,4559,1,0
2023-01-23,P102,S2,101,2020,0,0
2023-01-23,P102,S3,120,3600,0,0
2023-01-23,P103,S1,93,3069,1,0
2023-01-23,P103,S2,113,2712,0,0
2023-01-23,P103,S3,103,4223,0,0
2023-01-23,P104,S1,106,4558,0,0
2023-01-23,P104,S2,108,3240,1,0
2023-01-23,P104,S3,114,5586,1,0
2023-01-23,P105,S1,114,2964,0,0
2023-01-23,P105,S2,102,2040,0,0
2023-01-23,P105,S3,97,3977,0,0
2023-01-24,P101,S1,99,4851,1,0
2023-01-24,P101,S2,116,4524,0,0
2023-01-24,P101,S3,94,2350,0,0
2023-01-24,P102,S1,97,3492,0,0
2023-01-24,P102,S2,121,3630,0,0
2023-01-24,P102,S3,90,1800,1,0
2023-01-24,P103,S1,84,1680,0,0
2023-01-24,P103,S2,96,2592,0,0
2023-01-24,P103,S3,97,2910,0,0
2023-01-24,P104,S1,100,2400,0,0
2023-01-24,P104,S2,86,2666,0,0
2023-01-24,P104,S3,99,4554,0,0
2023-01-24,P105,S1,107,3210,0,0
2023-01-24,P105,S2,127,3556,0,0
2023-01-24,P105,S3,86,3526,0,0
2023-01-25,P101,S1,105,2100,0,0
2023-01-25,P101,S2,109,4578,1,0
2023-01-25,P101,S3,98,4018,1,0
2023-01-25,P102,S1,113,4294,0,0
2023-01-25,P102,S2,95,3515,0,0
2023-01-25,P102,S3,85,2890,0,0
2023-01-25,P103,S1,106,4770,0,0
2023-01-25,P103,S2,103,2575,1,0
2023-01-25,P103,S3,66,3036,1,0
2023-01-25,P104,S1,124,3100,0,0
2023-01-25,P104,S2,93,3627,1,0
2023-01-25,P104,S3,131,2882,0,0
2023-01-25,P105,S1,105,5040,0,0
2023-01-25,P105,S2,78,2652,1,0
2023-01-25,P105,S3,113,3616,0,0
2023-01-26,P101,S1,117,3393,1,0
2023-01-26,P101,S2,82,3854,0,0
2023-01-26,P101,S3,78,3042,0,0
2023-01-26,P102,S1,78,3510,0,0
2023-01-26,P102,S2,105,3255,0,0
2023-01-26,P102,S3,105,3150,1,0
2023-01-26,P103,S1,89,1958,0,0
2023-01-26,P103,S2,114,2736,1,0
2023-01-26,P103,S3,109,3597,1,0
2023-01-26,P104,S1,88,2376,0,0
2023-01-26,P104,S2,109,3597,0,0
2023-01-26,P104,S3,90,2430,0,0
2023-01-26,P105,S1,92,3496,0,0
2023-01-26,P105,S2,109,2398,0,0
2023-01-26,P105,S3,101,2525,0,0
2023-01-27,P101,S1,116,4408,1,0
2023-01-27,P101,S2,123,4059,0,0
2023-01-27,P101,S3,91,2821,0,0
2023-01-27,P102,S1,104,4680,0,0
2023-01-27,P102,S2,91,4004,0,0
2023-01-27,P102,S3,73,3212,0,0
2023-01-27,P103,S1,90,4050,1,0
2023-01-27,P103,S2,118,4602,0,0
2023-01-27,P103,S3,87,3480,0,0
2023-01-27,P104,S1,120,4440,0,0
2023-01-27,P104,S2,75,2775,0,0
2023-01-27,P104,S3,99,3663,0,0
2023-01-27,P105,S1,117,2574,0,0
2023-01-27,P105,S2,109,2943,1,0
2023-01-27,P105,S3,78,3510,0,0
2023-01-28,P101,S1,121,2783,0,0
2023-01-28,P101,S2,119,3689,1,0
2023-01-28,P101,S3,162,5346,0,0
2023-01-28,P102,S1,139,6394,1,0
2023-01-28,P102,S2,125,2750,0,0
2023-01-28,P102,S3,110,3960,0,0
2023-01-28,P103,S1,86,2666,0,0
2023-01-28,P103,S2,112,2912,0,0
2023-01-28,P103,S3,128,3712,0,0
2023-01-28,P104,S1,88,2112,0,0
2023-01-28,P104,S2,106,4876,0,0
2023-01-28,P104,S3,122,2928,1,0
2023-01-28,P105,S1,116,4988,0,0
2023-01-28,P105,S2,124,6076,0,0
2023-01-28,P105,S3,126,5922,1,0
2023-01-29,P101,S1,118,5428,0,1
2023-01-29,P101,S2,129,3870,0,1
2023-01-29,P101,S3,111,2442,0,1
2023-01-29,P102,S1,113,3390,1,1
2023-01-29,P102,S2,115,3220,0,1
2023-01-29,P102,S3,95,3325,0,1
2023-01-29,P103,S1,124,3596,0,1
2023-01-29,P103,S2,109,3597,0,1
2023-01-29,P103,S3,125,3500,1,1
2023-01-29,P104,S1,144,6768,1,1
2023-01-29,P104,S2,141,5640,0,1
2023-01-29,P104,S3,158,6794,0,1
2023-01-29,P105,S1,129,4902,1,1
2023-01-29,P105,S2,117,4914,1,1
2023-01-29,P105,S3,120,4920,1,1
2023-01-30,P101,S1,105,3780,0,0
2023-01-30,P101,S2,80,3760,0,0
2023-01-30,P101,S3,69,1380,0,0
2023-01-30,P102,S1,106,3286,0,0
2023-01-30,P102,S2,74,2368,0,0
2023-01-30,P102,S3,114,5130,0,0
2023-01-30,P103,S1,114,4788,0,0
2023-01-30,P103,S2,91,2821,0,0
2023-01-30,P103,S3,86,3698,1,0
2023-01-30,P104,S1,106,2438,0,0
2023-01-30,P104,S2,79,3871,0,0
2023-01-30,P104,S3,97,2134,1,0
2023-01-30,P105,S1,122,2440,0,0
2023-01-30,P105,S2,96,4032,1,0
2023-01-30,P105,S3,109,5123,1,0
2023-01-31,P101,S1,106,3074,0,0
2023-01-31,P101,S2,117,4563,0,0
2023-01-31,P101,S3,106,2544,0,0
2023-01-31,P102,S1,102,4080,1,0
2023-01-31,P102,S2,144,4176,0,0
2023-01-31,P102,S3,94,2162,0,0
2023-01-31,P103,S1,130,3900,1,0
2023-01-31,P103,S2,107,4601,0,0
2023-01-31,P103,S3,118,2478,0,0
2023-01-31,P104,S1,106,4346,0,0
2023-01-31,P104,S2,109,3270,0,0
2023-01-31,P104,S3,83,2075,1,0
2023-01-31,P105,S1,130,4550,0,0
2023-01-31,P105,S2,112,3360,1,0
2023-01-31,P105,S3,99,2574,1,0
2023-02-01,P101,S1,90,2700,1,0
2023-02-01,P101,S2,91,2730,0,0
2023-02-01,P101,S3,131,4585,0,0
2023-02-01,P102,S1,102,4794,0,0
2023-02-01,P102,S2,113,4972,0,0
2023-02-01,P102,S3,120,4920,0,0
2023-02-01,P103,S1,90,2070,0,0
2023-02-01,P103,S2,94,2256,0,0
2023-02-01,P103,S3,126,6174,1,0
2023-02-01,P104,S1,114,2394,0,0
2023-02-01,P104,S2,113,3390,0,0
2023-02-01,P104,S3,91,2093,0,0
2023-02-01,P105,S1,102,2346,0,0
2023-02-01,P105,S2,115,2300,0,0
2023-02-01,P105,S3,97,4074,0,0
2023-02-02,P101,S1,118,5664,1,0
2023-02-02,P101,S2,111,5439,0,0
2023-02-02,P101,S3,96,2016,0,0
2023-02-02,P102,S1,126,3906,0,0
2023-02-02,P102,S2,90,4140,0,0
2023-02-02,P102,S3,94,4512,0,0
2023-02-02,P103,S1,95,3230,1,0
2023-02-02,P103,S2,94,3572,0,0
2023-02-02,P103,S3,115,3335,0,0
2023-02-02,P104,S1,97,2037,1,0
2023-02-02,P104,S2,94,3008,1,0
2023-02-02,P104,S3,128,5504,0,0
2023-02-02,P105,S1,101,3636,0,0
2023-02-02,P105,S2,92,2944,0,0
2023-02-02,P105,S3,121,2420,0,0
2023-02-03,P101,S1,85,2550,0,0
2023-02-03,P101,S2,95,2755,1,0
2023-02-03,P101,S3,101,3333,0,0
2023-02-03,P102,S1,90,2700,0,0
2023-02-03,P102,S2,90,3330,0,0
2023-02-03,P102,S3,112,3696,0,0
2023-02-03,P103,S1,106,3816,1,0
2023-02-03,P103,S2,85,1955,0,0
2023-02-03,P103,S3,90,2610,0,0
2023-02-03,P104,S1,97,4074,0,0
2023-02-03,P104,S2,105,3150,0,0
2023-02-03,P104,S3,117,2691,1,0
2023-02-03,P105,S1,113,4294,0,0
2023-02-03,P105,S2,102,2550,0,0
2023-02-03,P105,S3,113,2712,0,0
2023-02-04,P101,S1,128,3584,0,0
2023-02-04,P101,S2,116,2552,1,0
2023-02-04,P101,S3,121,4961,0,0
2023-02-04,P102,S1,133,2793,0,0
2023-02-04,P102,S2,139,5560,0,0
2023-02-04,P102,S3,128,4352,0,0
2023-02-04,P103,S1,117,3978,0,0
2023-02-04,P103,S2,141,3243,0,0
2023-02-04,P103,S3,127,2794,0,0
2023-02-04,P104,S1,120,2520,1,0
2023-02-04,P104,S2,125,5000,1,0
2023-02-04,P104,S3,132,4356,0,0
2023-02-04,P105,S1,134,4288,1,0
2023-02-04,P105,S2,105,5145,1,0
2023-02-04,P105,S3,141,2820,0,0
2023-02-05,P101,S1,126,2646,0,1
2023-02-05,P101,S2,125,3250,0,1
2023-02-05,P101,S3,117,2925,1,1
2023-02-05,P102,S1,97,4753,0,1
2023-02-05,P102,S2,146,6716,1,1
2023-02-05,P102,S3,103,4326,0,1
2023-02-05,P103,S1,142,4970,0,1
2023-02-05,P103,S2,142,4828,1,1
2023-02-05,P103,S3,158,6952,0,1
2023-02-05,P104,S1,130,4550,0,1
2023-02-05,P104,S2,130,4680,0,1
2023-02-05,P104,S3,146,3504,0,1
2023-02-05,P105,S1,136,3536,0,1
2023-02-05,P105,S2,129,3096,1,1
2023-02-05,P105,S3,129,4644,1,1
2023-02-06,P101,S1,119,3570,0,0
2023-02-06,P101,S2,127,5080,1,0
2023-02-06,P101,S3,125,6000,0,0
2023-02-06,P102,S1,79,2923,0,0
2023-02-06,P102,S2,113,4633,0,0
2023-02-06,P102,S3,108,2484,0,0
2023-02-06,P103,S1,122,5612,0,0
2023-02-06,P103,S2,94,3102,0,0
2023-02-06,P103,S3,104,2704,1,0
2023-02-06,P104,S1,111,3330,0,0
2023-02-06,P104,S2,85,3570,0,0
2023-02-06,P104,S3,104,2808,0,0
2023-02-06,P105,S1,118,2596,0,0
2023-02-06,P105,S2,96,2112,0,0
2023-02-06,P105,S3,88,2024,1,0
2023-02-07,P101,S1,69,1932,0,0
2023-02-07,P101,S2,97,2910,0,0
2023-02-07,P101,S3,89,3649,0,0
2023-02-07,P102,S1,109,2289,1,0
2023-02-07,P102,S2,109,4578,1,0
2023-02-07,P102,S3,96,3168,0,0
2023-02-07,P103,S1,109,2834,1,0
2023-02-07,P103,S2,102,3774,1,0
2023-02-07,P103,S3,103,3193,0,0
2023-02-07,P104,S1,110,2750,1,0
2023-02-07,P104,S2,107,3638,1,0
2023-02-07,P104,S3,115,3680,0,0
2023-02-07,P105,S1,120,5640,0,0
2023-02-07,P105,S2,88,3344,1,0
2023-02-07,P105,S3,153,7191,0,0
2023-02-08,P101,S1,115,3680,0,0
2023-02-08,P101,S2,84,2940,1,0
2023-02-08,P101,S3,87,3045,0,0
2023-02-08,P102,S1,112,4480,0,0
2023-02-08,P102,S2,85,3825,0,0
2023-02-08,P102,S3,111,3552,0,0
2023-02-08,P103,S1,85,1870,0,0
2023-02-08,P103,S2,110,3190,0,0
2023-02-08,P103,S3,118,4602,0,0
2023-02-08,P104,S1,125,3125,1,0
2023-02-08,P104,S2,139,6811,0,0
2023-02-08,P104,S3,105,3045,0,0
2023-02-08,P105,S1,100,2800,0,0
2023-02-08,P105,S2,99,4356,0,0
2023-02-08,P105,S3,123,2829,0,0
2023-02-09,P101,S1,126,3150,0,0
2023-02-09,P101,S2,120,5160,1,0
2023-02-09,P101,S3,127,4064,0,0
2023-02-09,P102,S1,86,3354,0,0
2023-02-09,P102,S2,107,4280,1,0
2023-02-09,P102,S3,90,2160,0,0
2023-02-09,P103,S1,122,5978,0,0
2023-02-09,P103,S2,106,3180,1,0
2023-02-09,P103,S3,130,6240,0,0
2023-02-09,P104,S1,109,4905,0,0
2023-02-09,P104,S2,112,4592,0,0
2023-02-09,P104,S3,93,3534,0,0
2023-02-09,P105,S1,100,4300,0,0
2023-02-09,P105,S2,98,2744,0,0
2023-02-09,P105,S3,105,4095,0,0
2023-02-10,P101,S1,115,2415,0,0
2023-02-10,P101,S2,96,2976,0,0
2023-02-10,P101,S3,104,4576,0,0
2023-02-10,P102,S1,111,3663,0,0
2023-02-10,P102,S2,105,3360,0,0
2023-02-10,P102,S3,135,5940,1,0
2023-02-10,P103,S1,118,5664,0,0
2023-02-10,P103,S2,98,3822,0,0
2023-02-10,P103,S3,89,1780,0,0
2023-02-10,P104,S1,92,2944,1,0
2023-02-10,P104,S2,108,4212,1,0
2023-02-10,P104,S3,94,4418,1,0
2023-02-10,P105,S1,115,5060,0,0
2023-02-10,P105,S2,106,3816,0,0
2023-02-10,P105,S3,104,4576,1,0
2023-02-11,P101,S1,111,3219,0,0
2023-02-11,P101,S2,135,6345,1,0
2023-02-11,P101,S3,129,3870,0,0
2023-02-11,P102,S1,139,3614,1,0
2023-02-11,P102,S2,130,4550,0,0
2023-02-11,P102,S3,127,5715,1,0
2023-02-11,P103,S1,107,3210,0,0
2023-02-11,P103,S2,152,5928,0,0
2023-02-11,P103,S3,116,2552,0,0
2023-02-11,P104,S1,112,3024,0,0
2023-02-11,P104,S2,130,5590,1,0
2023-02-11,P104,S3,116,4408,0,0
2023-02-11,P105,S1,110,3850,1,0
2023-02-11,P105,S2,98,4214,0,0
2023-02-11,P105,S3,105,2520,1,0
2023-02-12,P101,S1,116,4756,0,1
2023-02-12,P101,S2,121,4961,0,1
2023-02-12,P101,S3,122,2684,0,1
2023-02-12,P102,S1,134,6298,0,1
2023-02-12,P102,S2,122,4880,0,1
2023-02-12,P102,S3,125,4875,1,1
2023-02-12,P103,S1,132,2772,1,1
2023-02-12,P103,S2,104,4784,0,1
2023-02-12,P103,S3,114,3876,0,1
2023-02-12,P104,S1,122,3538,0,1
2023-02-12,P104,S2,113,5537,0,1
2023-02-12,P104,S3,119,2975,1,1
2023-02-12,P105,S1,119,4522,1,1
2023-02-12,P105,S2,90,2700,0,1
2023-02-12,P105,S3,146,3650,0,1
2023-02-13,P101,S1,119,4522,0,0
2023-02-13,P101,S2,112,4144,0,0
2023-02-13,P101,S3,82,2050,0,0
2023-02-13,P102,S1,102,4182,0,0
2023-02-13,P102,S2,101,4444,1,0
2023-02-13,P102,S3,110,3960,0,0
2023-02-13,P103,S1,92,3312,0,0
2023-02-13,P103,S2,103,2678,0,0
2023-02-13,P103,S3,100,3300,0,0
2023-02-13,P104,S1,89,1869,1,0
2023-02-13,P104,S2,100,3700,0,0
2023-02-13,P104,S3,108,5076,0,0
2023-02-13,P105,S1,102,2448,0,0
2023-02-13,P105,S2,110,2530,0,0
2023-02-13,P105,S3,99,3564,0,0
2023-02-14,P101,S1,90,2340,1,0
2023-02-14,P101,S2,101,2222,0,0
2023-02-14,P101,S3,119,5593,0,0
2023-02-14,P102,S1,110,2970,1,0
2023-02-14,P102,S2,98,2156,0,0
2023-02-14,P102,S3,105,2205,0,0
2023-02-14,P103,S1,112,3024,0,0
2023-02-14,P103,S2,117,4446,0,0
2023-02-14,P103,S3,115,3680,0,0
2023-02-14,P104,S1,124,4588,0,0
2023-02-14,P104,S2,96,4704,0,0
2023-02-14,P104,S3,88,2552,1,0
2023-02-14,P105,S1,93,4557,0,0
2023-02-14,P105,S2,113,2373,0,0
2023-02-14,P105,S3,111,4995,0,0
2023-02-15,P101,S1,76,1596,1,0
2023-02-15,P101,S2,91,3640,0,0
2023-02-15,P101,S3,116,2668,0,0
2023-02-15,P102,S1,115,3335,0,0
2023-02-15,P102,S2,110,4290,1,0
2023-02-15,P102,S3,77,2695,0,0
2023-02-15,P103,S1,105,3045,0,0
2023-02-15,P103,S2,121,3993,0,0
2023-02-15,P103,S3,118,2950,0,0
2023-02-15,P104,S1,116,3596,0,0
2023-02-15,P104,S2,102,3366,0,0
2023-02-15,P104,S3,78,3588,0,0
2023-02-15,P105,S1,83,3071,1,0
2023-02-15,P105,S2,113,2712,0,0
2023-02-15,P105,S3,100,3600,0,0
2023-02-16,P101,S1,107,3852,0,0
2023-02-16,P101,S2,113,3616,0,0
2023-02-16,P101,S3,127,2794,1,0
2023-02-16,P102,S1,115,2875,0,0
2023-02-16,P102,S2,99,2574,1,0
2023-02-16,P102,S3,88,1760,1,0
2023-02-16,P103,S1,130,5720,0,0
2023-02-16,P103,S2,110,5280,0,0
2023-02-16,P103,S3,92,4232,0,0
2023-02-16,P104,S1,108,3564,1,0
2023-02-16,P104,S2,97,2425,0,0
2023-02-16,P104,S3,71,3053,1,0
2023-02-16,P105,S1,100,3900,0,0
2023-02-16,P105,S2,90,2250,1,0
2023-02-16,P105,S3,114,2736,0,0
2023-02-17,P101,S1,117,2808,0,0
2023-02-17,P101,S2,120,4440,0,0
2023-02-17,P101,S3,92,2576,0,0
2023-02-17,P102,S1,133,5453,0,0
2023-02-17,P102,S2,114,2736,0,0
2023-02-17,P102,S3,117,2574,0,0
2023-02-17,P103,S1,81,2835,1,0
2023-02-17,P103,S2,92,3312,0,0
2023-02-17,P103,S3,102,4080,0,0
2023-02-17,P104,S1,129,5934,0,0
2023-02-17,P104,S2,93,4278,0,0
2023-02-17,P104,S3,83,2158,1,0
2023-02-17,P105,S1,83,3403,0,0
2023-02-17,P105,S2,122,5002,0,0
2023-02-17,P105,S3,97,4171,0,0
2023-02-18,P101,S1,114,3306,0,0
2023-02-18,P101,S2,112,3472,0,0
2023-02-18,P101,S3,134,4824,0,0
2023-02-18,P102,S1,132,5280,0,0
2023-02-18,P102,S2,129,4902,0,0
2023-02-18,P102,S3,123,4674,0,0
2023-02-18,P103,S1,126,4914,1,0
2023-02-18,P103,S2,139,6394,0,0
2023-02-18,P103,S3,136,5168,1,0
2023-02-18,P104,S1,105,2310,1,0
2023-02-18,P104,S2,138,4278,0,0
2023-02-18,P104,S3,113,3277,0,0
2023-02-18,P105,S1,105,4410,0,0
2023-02-18,P105,S2,124,5208,1,0
2023-02-18,P105,S3,136,4488,0,0
2023-02-19,P101,S1,129,4257,0,1
2023-02-19,P101,S2,133,4389,0,1
2023-02-19,P101,S3,118,4484,1,1
2023-02-19,P102,S1,126,3654,0,1
2023-02-19,P102,S2,135,5130,1,1
2023-02-19,P102,S3,114,4332,1,1
2023-02-19,P103,S1,152,5624,0,1
2023-02-19,P103,S2,129,5418,0,1
2023-02-19,P103,S3,93,1860,0,1
2023-02-19,P104,S1,126,5292,0,1
2023-02-19,P104,S2,110,4620,0,1
2023-02-19,P104,S3,125,2500,1,1
2023-02-19,P105,S1,114,3762,0,1
2023-02-19,P105,S2,121,4598,0,1
2023-02-19,P105,S3,114,4446,1,1
2023-02-20,P101,S1,106,2756,0,0
2023-02-20,P101,S2,122,3538,0,0
2023-02-20,P101,S3,95,3325,0,0
2023-02-20,P102,S1,116,4524,0,0
2023-02-20,P102,S2,99,4059,0,0
2023-02-20,P102,S3,108,2268,0,0
2023-02-20,P103,S1,113,3164,0,0
2023-02-20,P103,S2,126,3528,0,0
2023-02-20,P103,S3,64,1600,1,0
2023-02-20,P104,S1,62,2294,0,0
2023-02-20,P104,S2,135,2970,1,0
2023-02-20,P104,S3,91,4095,1,0
2023-02-20,P105,S1,90,3960,0,0
2023-02-20,P105,S2,104,3224,0,0
2023-02-20,P105,S3,134,4690,1,0
2023-02-21,P101,S1,99,3465,0,0
2023-02-21,P101,S2,88,3432,0,0
2023-02-21,P101,S3,115,4255,0,0
2023-02-21,P102,S1,105,3465,0,0
2023-02-21,P102,S2,121,4114,1,0
2023-02-21,P102,S3,99,3366,1,0
2023-02-21,P103,S1,137,6302,0,0
2023-02-21,P103,S2,106,3816,1,0
2023-02-21,P103,S3,101,3535,0,0
2023-02-21,P104,S1,111,3885,0,0
2023-02-21,P104,S2,103,4635,0,0
2023-02-21,P104,S3,106,2544,0,0
2023-02-21,P105,S1,106,2756,0,0
2023-02-21,P105,S2,121,3025,0,0
2023-02-21,P105,S3,99,2970,0,0
2023-02-22,P101,S1,103,2163,1,0
2023-02-22,P101,S2,129,4515,0,0
2023-02-22,P101,S3,141,3384,1,0
2023-02-22,P102,S1,86,3698,0,0
2023-02-22,P102,S2,106,2968,1,0
2023-02-22,P102,S3,113,4859,1,0
2023-02-22,P103,S1,108,2160,0,0
2023-02-22,P103,S2,90,3330,0,0
2023-02-22,P103,S3,102,4998,0,0
2023-02-22,P104,S1,112,3920,1,0
2023-02-22,P104,S2,97,4753,0,0
2023-02-22,P104,S3,102,2652,0,0
2023-02-22,P105,S1,105,4305,1,0
2023-02-22,P105,S2,113,5085,0,0
2023-02-22,P105,S3,97,2522,1,0
2023-02-23,P101,S1,102,2448,1,0
2023-02-23,P101,S2,99,2475,1,0
2023-02-23,P101,S3,111,5328,0,0
2023-02-23,P102,S1,91,4095,0,0
2023-02-23,P102,S2,99,3069,0,0
2023-02-23,P102,S3,129,2838,0,0
2023-02-23,P103,S1,123,3936,0,0
2023-02-23,P103,S2,93,2046,1,0
2023-02-23,P103,S3,92,3588,0,0
2023-02-23,P104,S1,93,2976,0,0
2023-02-23,P104,S2,60,1860,1,0
2023-02-23,P104,S3,82,3444,0,0
2023-02-23,P105,S1,109,2725,0,0
2023-02-23,P105,S2,112,3136,0,0
2023-02-23,P105,S3,74,2294,0,0
2023-02-24,P101,S1,72,2088,0,0
2023-02-24,P101,S2,95,4370,0,0
2023-02-24,P101,S3,116,3828,0,0
2023-02-24,P102,S1,107,3745,0,0
2023-02-24,P102,S2,98,4508,0,0
2023-02-24,P102,S3,109,4033,0,0
2023-02-24,P103,S1,81,3645,1,0
2023-02-24,P103,S2,101,4949,1,0
2023-02-24,P103,S3,93,2046,1,0
2023-02-24,P104,S1,107,4280,0,0
2023-02-24,P104,S2,100,4400,0,0
2023-02-24,P104,S3,115,3335,1,0
2023-02-24,P105,S1,120,4800,0,0
2023-02-24,P105,S2,130,6370,1,0
2023-02-24,P105,S3,131,2751,0,0
2023-02-25,P101,S1,124,3720,0,0
2023-02-25,P101,S2,96,3552,0,0
2023-02-25,P101,S3,130,5070,1,0
2023-02-25,P102,S1,125,6000,0,0
2023-02-25,P102,S2,128,3328,1,0
2023-02-25,P102,S3,143,5148,0,0
2023-02-25,P103,S1,128,5632,0,0
2023-02-25,P103,S2,129,3225,1,0
2023-02-25,P103,S3,130,3510,0,0
2023-02-25,P104,S1,122,4880,1,0
2023-02-25,P104,S2,133,6517,0,0
2023-02-25,P104,S3,130,5070,0,0
2023-02-25,P105,S1,104,3120,0,0
2023-02-25,P105,S2,106,2226,1,0
2023-02-25,P105,S3,109,2834,0,0
2023-02-26,P101,S1,115,5520,1,1
2023-02-26,P101,S2,120,5760,0,1
2023-02-26,P101,S3,120,3720,0,1
2023-02-26,P102,S1,105,3570,0,1
2023-02-26,P102,S2,129,6192,0,1
2023-02-26,P102,S3,116,2668,1,1
2023-02-26,P103,S1,152,5928,0,1
2023-02-26,P103,S2,117,5499,1,1
2023-02-26,P103,S3,138,4554,0,1
2023-02-26,P104,S1,119,3689,1,1
2023-02-26,P104,S2,110,2640,0,1
2023-02-26,P104,S3,109,3924,0,1
2023-02-26,P105,S1,120,4920,0,1
2023-02-26,P105,S2,134,3082,0,1
2023-02-26,P105,S3,131,6157,1,1
2023-02-27,P101,S1,113,2938,0,0
2023-02-27,P101,S2,103,4738,0,0
2023-02-27,P101,S3,101,2929,0,0
2023-02-27,P102,S1,90,3600,0,0
2023-02-27,P102,S2,94,2068,0,0
2023-02-27,P102,S3,115,3680,0,0
2023-02-27,P103,S1,86,1892,0,0
2023-02-27,P103,S2,124,4960,1,0
2023-02-27,P103,S3,114,3420,0,0
2023-02-27,P104,S1,110,5280,0,0
2023-02-27,P104,S2,98,2254,1,0
2023-02-27,P104,S3,110,4510,0,0
2023-02-27,P105,S1,108,4968,0,0
2023-02-27,P105,S2,86,3010,0,0
2023-02-27,P105,S3,110,3630,0,0
2023-02-28,P101,S1,87,3132,0,0
2023-02-28,P101,S2,114,2280,0,0
2023-02-28,P101,S3,89,3649,1,0
2023-02-28,P102,S1,114,3648,0,0
2023-02-28,P102,S2,81,3807,0,0
2023-02-28,P102,S3,95,2090,0,0
2023-02-28,P103,S1,115,4025,0,0
2023-02-28,P103,S2,116,4408,0,0
2023-02-28,P103,S3,94,3384,1,0
2023-02-28,P104,S1,83,3486,0,0
2023-02-28,P104,S2,81,2187,0,0
2023-02-28,P104,S3,102,3570,0,0
2023-02-28,P105,S1,115,4715,0,0
2023-02-28,P105,S2,107,5136,0,0
2023-02-28,P105,S3,82,1722,1,0
2023-03-01,P101,S1,107,2996,0,0
2023-03-01,P101,S2,97,4171,0,0
2023-03-01,P101,S3,103,2678,0,0
2023-03-01,P102,S1,82,1886,0,0
2023-03-01,P102,S2,87,3828,0,0
2023-03-01,P102,S3,108,4212,1,0
2023-03-01,P103,S1,120,5520,0,0
2023-03-01,P103,S2,111,4218,0,0
2023-03-01,P103,S3,108,4320,0,0
2023-03-01,P104,S1,120,2880,0,0
2023-03-01,P104,S2,97,2813,0,0
2023-03-01,P104,S3,69,1725,0,0
2023-03-01,P105,S1,103,4017,0,0
2023-03-01,P105,S2,85,2040,1,0
2023-03-01,P105,S3,117,4212,0,0
2023-03-02,P101,S1,115,5175,0,0
2023-03-02,P101,S2,110,3190,0,0
2023-03-02,P101,S3,76,2128,0,0
2023-03-02,P102,S1,111,2886,1,0
2023-03-02,P102,S2,108,3672,0,0
2023-03-02,P102,S3,70,2870,0,0
2023-03-02,P103,S1,111,3552,1,0
2023-03-02,P103,S2,105,4830,0,0
2023-03-02,P103,S3,99,4356,0,0
2023-03-02,P104,S1,89,3560,1,0
2023-03-02,P104,S2,141,4512,0,0
2023-03-02,P104,S3,97,4559,0,0
2023-03-02,P105,S1,87,2610,0,0
2023-03-02,P105,S2,94,2632,1,0
2023-03-02,P105,S3,118,4956,0,0
2023-03-03,P101,S1,105,4725,1,0
2023-03-03,P101,S2,95,2755,0,0
2023-03-03,P101,S3,98,3724,1,0
2023-03-03,P102,S1,106,4664,1,0
2023-03-03,P102,S2,121,2662,0,0
2023-03-03,P102,S3,119,5712,0,0
2023-03-03,P103,S1,109,4142,0,0
2023-03-03,P103,S2,100,3600,1,0
2023-03-03,P103,S3,107,2461,0,0
2023-03-03,P104,S1,112,3920,0,0
2023-03-03,P104,S2,90,3510,1,0
2023-03-03,P104,S3,123,2583,0,0
2023-03-03,P105,S1,58,2436,1,0
2023-03-03,P105,S2,93,4185,1,0
2023-03-03,P105,S3,101,3838,0,0
2023-03-04,P101,S1,116,4756,0,0
2023-03-04,P101,S2,114,2964,0,0
2023-03-04,P101,S3,94,1880,1,0
2023-03-04,P102,S1,129,6192,0,0
2023-03-04,P102,S2,116,5336,0,0
2023-03-04,P102,S3,143,4433,0,0
2023-03-04,P103,S1,123,3690,0,0
2023-03-04,P103,S2,151,6342,1,0
2023-03-04,P103,S3,131,6288,1,0
2023-03-04,P104,S1,139,5977,0,0
2023-03-04,P104,S2,134,6432,0,0
2023-03-04,P104,S3,123,3567,0,0
2023-03-04,P105,S1,133,5453,0,0
2023-03-04,P105,S2,123,3690,1,0
2023-03-04,P105,S3,88,1936,0,0
2023-03-05,P101,S1,134,5896,0,1
2023-03-05,P101,S2,121,2541,0,1
2023-03-05,P101,S3,133,5320,1,1
2023-03-05,P102,S1,129,3225,0,1
2023-03-05,P102,S2,148,3996,1,1
2023-03-05,P102,S3,142,6248,0,1
2023-03-05,P103,S1,125,3250,1,1
2023-03-05,P103,S2,117,5616,0,1
2023-03-05,P103,S3,134,6566,0,1
2023-03-05,P104,S1,117,2808,1,1
2023-03-05,P104,S2,139,4726,1,1
2023-03-05,P104,S3,132,5148,1,1
2023-03-05,P105,S1,131,5633,0,1
2023-03-05,P105,S2,120,3240,0,1
2023-03-05,P105,S3,137,6576,0,1
2023-03-06,P101,S1,110,4620,0,0
2023-03-06,P101,S2,128,4224,1,0
2023-03-06,P101,S3,113,5198,1,0
2023-03-06,P102,S1,130,3640,0,0
2023-03-06,P102,S2,96,2016,0,0
2023-03-06,P102,S3,71,2840,0,0
2023-03-06,P103,S1,101,2828,1,0
2023-03-06,P103,S2,103,2266,0,0
2023-03-06,P103,S3,125,5750,0,0
2023-03-06,P104,S1,90,2880,1,0
2023-03-06,P104,S2,109,3052,0,0
2023-03-06,P104,S3,108,3672,0,0
2023-03-06,P105,S1,94,3008,0,0
2023-03-06,P105,S2,93,2511,1,0
2023-03-06,P105,S3,110,4620,0,0
2023-03-07,P101,S1,93,3534,1,0
2023-03-07,P101,S2,106,5194,0,0
2023-03-07,P101,S3,103,2575,1,0
2023-03-07,P102,S1,93,2604,0,0
2023-03-07,P102,S2,133,4123,0,0
2023-03-07,P102,S3,122,3050,0,0
2023-03-07,P103,S1,84,4032,0,0
2023-03-07,P103,S2,107,3959,0,0
2023-03-07,P103,S3,116,3828,0,0
2023-03-07,P104,S1,118,4720,0,0
2023-03-07,P104,S2,101,2525,1,0
2023-03-07,P104,S3,95,3800,0,0
2023-03-07,P105,S1,116,4988,0,0
2023-03-07,P105,S2,139,2919,0,0
2023-03-07,P105,S3,105,2520,0,0
2023-03-08,P101,S1,100,4300,0,0
2023-03-08,P101,S2,96,3840,1,0
2023-03-08,P101,S3,131,4323,0,0
2023-03-08,P102,S1,122,3172,1,0
2023-03-08,P102,S2,126,2898,0,0
2023-03-08,P102,S3,90,3960,1,0
2023-03-08,P103,S1,110,2530,0,0
2023-03-08,P103,S2,78,2262,0,0
2023-03-08,P103,S3,132,4620,1,0
2023-03-08,P104,S1,107,4922,0,0
2023-03-08,P104,S2,105,2100,0,0
2023-03-08,P104,S3,79,1896,0,0
2023-03-08,P105,S1,134,6030,0,0
2023-03-08,P105,S2,112,3696,0,0
2023-03-08,P105,S3,83,3486,1,0
2023-03-09,P101,S1,97,2231,0,0
2023-03-09,P101,S2,135,2970,1,0
2023-03-09,P101,S3,116,3596,0,0
2023-03-09,P102,S1,78,2808,1,0
2023-03-09,P102,S2,93,2697,1,0
2023-03-09,P102,S3,97,2619,0,0
2023-03-09,P103,S1,121,4961,0,0
2023-03-09,P103,S2,82,3280,1,0
2023-03-09,P103,S3,127,5588,0,0
2023-03-09,P104,S1,89,3560,0,0
2023-03-09,P104,S2,132,3432,0,0
2023-03-09,P104,S3,104,4888,0,0
2023-03-09,P105,S1,111,5439,0,0
2023-03-09,P105,S2,86,1720,0,0
2023-03-09,P105,S3,91,1820,1,0
2023-03-10,P101,S1,121,2541,0,0
2023-03-10,P101,S2,79,2054,1,0
2023-03-10,P101,S3,123,2583,0,0
2023-03-10,P102,S1,95,3990,0,0
2023-03-10,P102,S2,110,5060,0,0
2023-03-10,P102,S3,99,4158,0,0
2023-03-10,P103,S1,136,5576,0,0
2023-03-10,P103,S2,121,2904,0,0
2023-03-10,P103,S3,94,4512,0,0
2023-03-10,P104,S1,127,3429,0,0
2023-03-10,P104,S2,109,3706,1,0
2023-03-10,P104,S3,101,2525,0,0
2023-03-10,P105,S1,101,4141,0,0
2023-03-10,P105,S2,107,2354,0,0
2023-03-10,P105,S3,95,3135,1,0
2023-03-11,P101,S1,115,2415,1,0
2023-03-11,P101,S2,126,2772,0,0
2023-03-11,P101,S3,130,3900,0,0
2023-03-11,P102,S1,144,5184,0,0
2023-03-11,P102,S2,120,3240,1,0
2023-03-11,P102,S3,112,5488,0,0
2023-03-11,P103,S1,138,2898,0,0
2023-03-11,P103,S2,157,5966,0,0
2023-03-11,P103,S3,122,2562,0,0
2023-03-11,P104,S1,123,5535,0,0
2023-03-11,P104,S2,112,4144,1,0
2023-03-11,P104,S3,141,5640,0,0
2023-03-11,P105,S1,147,2940,0,0
2023-03-11,P105,S2,119,5236,1,0
2023-03-11,P105,S3,141,3102,0,0
2023-03-12,P101,S1,116,3596,0,1
2023-03-12,P101,S2,135,4590,0,1
2023-03-12,P101,S3,113,3503,0,1
2023-03-12,P102,S1,142,4402,0,1
2023-03-12,P102,S2,106,2650,0,1
2023-03-12,P102,S3,132,5544,0,1
2023-03-12,P103,S1,124,4712,0,1
2023-03-12,P103,S2,138,4830,1,1
2023-03-12,P103,S3,141,4230,1,1
2023-03-12,P104,S1,140,5740,0,1
2023-03-12,P104,S2,116,5336,0,1
2023-03-12,P104,S3,123,5535,0,1
2023-03-12,P105,S1,118,2950,0,1
2023-03-12,P105,S2,122,3294,0,1
2023-03-12,P105,S3,94,3666,1,1
2023-03-13,P101,S1,99,2376,1,0
2023-03-13,P101,S2,107,4708,1,0
2023-03-13,P101,S3,133,4522,1,0
2023-03-13,P102,S1,122,3416,0,0
2023-03-13,P102,S2,108,2808,0,0
2023-03-13,P102,S3,132,5808,0,0
2023-03-13,P103,S1,117,5265,1,0
2023-03-13,P103,S2,134,3082,0,0
2023-03-13,P103,S3,119,4403,1,0
2023-03-13,P104,S1,119,4760,0,0
2023-03-13,P104,S2,90,3420,0,0
2023-03-13,P104,S3,104,4056,0,0
2023-03-13,P105,S1,76,3572,0,0
2023-03-13,P105,S2,122,4270,0,0
2023-03-13,P105,S3,109,2398,0,0
2023-03-14,P101,S1,122,3660,0,0
2023-03-14,P101,S2,102,2346,0,0
2023-03-14,P101,S3,141,6204,1,0
2023-03-14,P102,S1,114,2850,0,0
2023-03-14,P102,S2,98,4312,0,0
2023-03-14,P102,S3,108,4644,0,0
2023-03-14,P103,S1,94,3572,0,0
2023-03-14,P103,S2,84,2352,0,0
2023-03-14,P103,S3,84,3948,1,0
2023-03-14,P104,S1,125,5875,1,0
2023-03-14,P104,S2,81,3321,1,0
2023-03-14,P104,S3,114,3990,1,0
2023-03-14,P105,S1,90,2700,1,0
2023-03-14,P105,S2,75,3525,0,0
2023-03-14,P105,S3,106,2650,0,0
2023-03-15,P101,S1,125,3375,1,0
2023-03-15,P101,S2,112,5264,1,0
2023-03-15,P101,S3,109,4033,0,0
2023-03-15,P102,S1,107,5029,1,0
2023-03-15,P102,S2,111,4218,0,0
2023-03-15,P102,S3,104,4784,1,0
2023-03-15,P103,S1,111,3330,0,0
2023-03-15,P103,S2,97,2716,0,0
2023-03-15,P103,S3,108,2700,0,0
2023-03-15,P104,S1,118,5428,0,0
2023-03-15,P104,S2,77,2310,1,0
2023-03-15,P104,S3,126,5670,1,0
2023-03-15,P105,S1,74,2738,0,0
2023-03-15,P105,S2,137,4384,1,0
2023-03-15,P105,S3,121,4477,0,0
2023-03-16,P101,S1,104,4368,0,0
2023-03-16,P101,S2,94,2538,0,0
2023-03-16,P101,S3,106,2226,1,0
2023-03-16,P102,S1,85,4080,1,0
2023-03-16,P102,S2,100,2600,1,0
2023-03-16,P102,S3,99,3861,0,0
2023-03-16,P103,S1,85,4080,0,0
2023-03-16,P103,S2,106,3604,1,0
2023-03-16,P103,S3,81,2430,1,0
2023-03-16,P104,S1,88,2816,0,0
2023-03-16,P104,S2,102,2040,1,0
2023-03-16,P104,S3,140,2800,0,0
2023-03-16,P105,S1,91,2730,0,0
2023-03-16,P105,S2,110,2420,0,0
2023-03-16,P105,S3,125,2500,1,0
2023-03-17,P101,S1,101,4040,1,0
2023-03-17,P101,S2,89,3738,1,0
2023-03-17,P101,S3,91,3822,1,0
2023-03-17,P102,S1,88,1848,0,0
2023-03-17,P102,S2,90,3600,0,0
2023-03-17,P102,S3,120,3000,0,0
2023-03-17,P103,S1,101,2222,1,0
2023-03-17,P103,S2,101,2222,0,0
2023-03-17,P103,S3,116,4408,0,0
2023-03-17,P104,S1,102,2142,1,0
2023-03-17,P104,S2,111,3885,0,0
2023-03-17,P104,S3,102,4284,1,0
2023-03-17,P105,S1,126,3276,1,0
2023-03-17,P105,S2,106,3392,0,0
2023-03-17,P105,S3,88,4224,0,0
2023-03-18,P101,S1,126,6174,1,0
2023-03-18,P101,S2,133,3724,0,0
2023-03-18,P101,S3,113,3616,0,0
2023-03-18,P102,S1,109,2289,0,0
2023-03-18,P102,S2,108,4212,1,0
2023-03-18,P102,S3,115,4485,0,0
2023-03-18,P103,S1,134,4154,1,0
2023-03-18,P103,S2,119,3689,0,0
2023-03-18,P103,S3,120,3840,1,0
2023-03-18,P104,S1,130,5720,0,0
2023-03-18,P104,S2,128,4736,0,0
2023-03-18,P104,S3,112,4704,0,0
2023-03-18,P105,S1,107,3531,0,0
2023-03-18,P105,S2,142,5112,0,0
2023-03-18,P105,S3,104,4368,1,0
2023-03-19,P101,S1,138,2898,0,1
2023-03-19,P101,S2,126,3024,0,1
2023-03-19,P101,S3,133,4655,0,1
2023-03-19,P102,S1,146,6132,0,1
2023-03-19,P102,S2,133,6384,0,1
2023-03-19,P102,S3,106,4876,0,1
2023-03-19,P103,S1,122,3050,0,1
2023-03-19,P103,S2,121,3509,1,1
2023-03-19,P103,S3,142,4686,0,1
2023-03-19,P104,S1,112,4256,0,1
2023-03-19,P104,S2,120,3960,0,1
2023-03-19,P104,S3,160,7200,1,1
2023-03-19,P105,S1,125,3625,1,1
2023-03-19,P105,S2,147,3381,0,1
2023-03-19,P105,S3,126,3276,1,1
2023-03-20,P101,S1,81,3321,1,0
2023-03-20,P101,S2,94,3760,0,0
2023-03-20,P101,S3,114,5358,0,0
2023-03-20,P102,S1,89,2314,0,0
2023-03-20,P102,S2,101,4949,0,0
2023-03-20,P102,S3,81,2349,1,0
2023-03-20,P103,S1,120,2640,1,0
2023-03-20,P103,S2,121,5929,0,0
2023-03-20,P103,S3,86,2150,0,0
2023-03-20,P104,S1,100,2600,1,0
2023-03-20,P104,S2,128,5120,0,0
2023-03-20,P104,S3,101,3333,0,0
2023-03-20,P105,S1,113,5198,1,0
2023-03-20,P105,S2,110,4180,1,0
2023-03-20,P105,S3,108,4212,0,0
2023-03-21,P101,S1,112,3584,0,0
2023-03-21,P101,S2,114,2964,0,0
2023-03-21,P101,S3,94,3102,0,0
2023-03-21,P102,S1,125,5875,1,0
2023-03-21,P102,S2,104,2704,0,0
2023-03-21,P102,S3,98,4704,1,0
2023-03-21,P103,S1,125,5625,0,0
2023-03-21,P103,S2,103,4120,1,0
2023-03-21,P103,S3,109,2616,0,0
2023-03-21,P104,S1,99,3267,0,0
2023-03-21,P104,S2,104,5096,0,0
2023-03-21,P104,S3,103,5047,1,0
2023-03-21,P105,S1,116,5684,0,0
2023-03-21,P105,S2,108,5292,0,0
2023-03-21,P105,S3,112,3136,0,0
2023-03-22,P101,S1,102,2346,0,0
2023-03-22,P101,S2,113,4859,0,0
2023-03-22,P101,S3,96,3552,0,0
2023-03-22,P102,S1,111,2775,0,0
2023-03-22,P102,S2,98,4116,0,0
2023-03-22,P102,S3,132,5676,1,0
2023-03-22,P103,S1,120,3840,0,0
2023-03-22,P103,S2,117,2808,0,0
2023-03-22,P103,S3,100,2500,0,0
2023-03-22,P104,S1,118,3068,1,0
2023-03-22,P104,S2,113,3955,1,0
2023-03-22,P104,S3,79,2528,1,0
2023-03-22,P105,S1,116,5336,1,0
2023-03-22,P105,S2,113,2938,0,0
2023-03-22,P105,S3,113,4972,0,0
2023-03-23,P101,S1,113,3955,1,0
2023-03-23,P101,S2,110,2970,1,0
2023-03-23,P101,S3,105,2205,1,0
2023-03-23,P102,S1,109,4687,1,0
2023-03-23,P102,S2,131,4847,0,0
2023-03-23,P102,S3,116,3596,1,0
2023-03-23,P103,S1,125,4125,0,0
2023-03-23,P103,S2,106,5194,0,0
2023-03-23,P103,S3,112,4480,0,0
2023-03-23,P104,S1,123,2829,1,0
2023-03-23,P104,S2,79,3871,0,0
2023-03-23,P104,S3,79,3713,1,0
2023-03-23,P105,S1,59,1357,0,0
2023-03-23,P105,S2,111,5328,0,0
2023-03-23,P105,S3,85,2465,0,0
2023-03-24,P101,S1,94,2162,0,0
2023-03-24,P101,S2,121,4840,0,0
2023-03-24,P101,S3,120,2400,0,0
2023-03-24,P102,S1,99,2970,1,0
2023-03-24,P102,S2,96,3072,0,0
2023-03-24,P102,S3,111,5328,1,0
2023-03-24,P103,S1,129,5031,0,0
2023-03-24,P103,S2,119,3451,0,0
2023-03-24,P103,S3,123,2460,1,0
2023-03-24,P104,S1,98,4802,0,0
2023-03-24,P104,S2,106,4346,1,0
2023-03-24,P104,S3,115,2645,1,0
2023-03-24,P105,S1,80,2880,0,0
2023-03-24,P105,S2,73,2482,0,0
2023-03-24,P105,S3,123,5781,0,0
2023-03-25,P101,S1,112,2352,1,0
2023-03-25,P101,S2,118,4366,0,0
2023-03-25,P101,S3,133,5586,0,0
2023-03-25,P102,S1,105,3885,0,0
2023-03-25,P102,S2,116,2784,1,0
2023-03-25,P102,S3,133,5852,0,0
2023-03-25,P103,S1,115,2875,0,0
2023-03-25,P103,S2,123,5166,0,0
2023-03-25,P103,S3,148,3108,0,0
2023-03-25,P104,S1,109,2834,1,0
2023-03-25,P104,S2,124,4588,1,0
2023-03-25,P104,S3,156,7488,0,0
2023-03-25,P105,S1,134,3350,0,0
2023-03-25,P105,S2,117,5265,0,0
2023-03-25,P105,S3,133,3325,0,0
2023-03-26,P101,S1,115,5175,0,1
2023-03-26,P101,S2,123,4059,1,1
2023-03-26,P101,S3,111,4662,1,1
2023-03-26,P102,S1,149,3725,0,1
2023-03-26,P102,S2,133,3458,0,1
2023-03-26,P102,S3,117,2574,0,1
2023-03-26,P103,S1,132,3168,0,1
2023-03-26,P103,S2,89,3293,0,1
2023-03-26,P103,S3,132,3432,1,1
2023-03-26,P104,S1,134,5092,0,1
2023-03-26,P104,S2,132,4356,0,1
2023-03-26,P104,S3,138,3864,0,1
2023-03-26,P105,S1,126,2898,0,1
2023-03-26,P105,S2,118,2950,0,1
2023-03-26,P105,S3,116,3712,0,1
2023-03-27,P101,S1,146,2920,0,0
2023-03-27,P101,S2,73,3139,0,0
2023-03-27,P101,S3,100,4300,0,0
2023-03-27,P102,S1,118,4720,0,0
2023-03-27,P102,S2,88,2816,0,0
2023-03-27,P102,S3,101,3939,0,0
2023-03-27,P103,S1,110,4620,0,0
2023-03-27,P103,S2,51,2142,1,0
2023-03-27,P103,S3,118,3186,1,0
2023-03-27,P104,S1,101,3939,0,0
2023-03-27,P104,S2,103,4738,0,0
2023-03-27,P104,S3,107,2461,0,0
2023-03-27,P105,S1,92,3312,0,0
2023-03-27,P105,S2,103,3502,1,0
2023-03-27,P105,S3,123,5166,1,0
2023-03-28,P101,S1,107,3317,0,0
2023-03-28,P101,S2,100,3600,0,0
2023-03-28,P101,S3,122,2684,0,0
2023-03-28,P102,S1,104,2808,1,0
2023-03-28,P102,S2,107,3424,0,0
2023-03-28,P102,S3,112,2576,0,0
2023-03-28,P103,S1,89,2136,1,0
2023-03-28,P103,S2,108,5184,0,0
2023-03-28,P103,S3,96,3552,0,0
2023-03-28,P104,S1,111,3663,1,0
2023-03-28,P104,S2,109,3161,1,0
2023-03-28,P104,S3,106,4240,0,0
2023-03-28,P105,S1,100,2300,0,0
2023-03-28,P105,S2,104,2392,0,0
2023-03-28,P105,S3,115,3105,0,0
2023-03-29,P101,S1,87,3741,1,0
2023-03-29,P101,S2,96,2304,1,0
2023-03-29,P101,S3,116,4060,0,0
2023-03-29,P102,S1,98,3234,1,0
2023-03-29,P102,S2,120,3960,0,0
2023-03-29,P102,S3,90,3510,0,0
2023-03-29,P103,S1,92,2392,1,0
2023-03-29,P103,S2,118,3658,0,0
2023-03-29,P103,S3,107,2889,0,0
2023-03-29,P104,S1,138,3174,0,0
2023-03-29,P104,S2,79,1817,0,0
2023-03-29,P104,S3,107,2782,1,0
2023-03-29,P105,S1,96,3360,0,0
2023-03-29,P105,S2,110,3190,0,0
2023-03-29,P105,S3,104,3224,1,0
2023-03-30,P101,S1,114,4332,0,0
2023-03-30,P101,S2,105,5145,1,0
2023-03-30,P101,S3,109,2616,0,0
2023-03-30,P102,S1,118,5546,1,0
2023-03-30,P102,S2,113,3616,0,0
2023-03-30,P102,S3,104,3640,0,0
2023-03-30,P103,S1,107,4173,0,0
2023-03-30,P103,S2,111,5217,0,0
2023-03-30,P103,S3,107,4173,1,0
2023-03-30,P104,S1,117,4563,0,0
2023-03-30,P104,S2,104,4056,1,0
2023-03-30,P104,S3,83,2158,0,0
2023-03-30,P105,S1,99,4554,1,0
2023-03-30,P105,S2,124,2604,0,0
2023-03-30,P105,S3,100,4500,0,0
2023-03-31,P101,S1,109,4469,0,0
2023-03-31,P101,S2,86,2838,1,0
2023-03-31,P101,S3,119,2856,1,0
2023-03-31,P102,S1,113,2599,0,0
2023-03-31,P102,S2,116,5568,0,0
2023-03-31,P102,S3,86,3354,0,0
2023-03-31,P103,S1,84,2940,0,0
2023-03-31,P103,S2,117,3744,1,0
2023-03-31,P103,S3,115,4255,1,0
2023-03-31,P104,S1,133,5187,0,0
2023-03-31,P104,S2,106,5194,0,0
2023-03-31,P104,S3,118,4248,0,0
2023-03-31,P105,S1,100,4600,0,0
2023-03-31,P105,S2,112,3360,0,0
2023-03-31,P105,S3,98,2940,0,0
2023-04-01,P101,S1,131,6419,0,0
2023-04-01,P101,S2,122,2806,0,0
2023-04-01,P101,S3,119,3332,1,0
2023-04-01,P102,S1,112,4592,0,0
2023-04-01,P102,S2,141,4935,0,0
2023-04-01,P102,S3,119,5831,0,0
2023-04-01,P103,S1,155,4650,1,0
2023-04-01,P103,S2,106,4134,1,0
2023-04-01,P103,S3,102,4182,1,0
2023-04-01,P104,S1,147,6174,1,0
2023-04-01,P104,S2,87,2523,1,0
2023-04-01,P104,S3,140,4060,0,0
2023-04-01,P105,S1,157,3454,1,0
2023-04-01,P105,S2,163,3749,0,0
2023-04-01,P105,S3,107,2461,1,0
2023-04-02,P101,S1,137,6302,1,1
2023-04-02,P101,S2,138,3588,0,1
2023-04-02,P101,S3,154,3850,1,1
2023-04-02,P102,S1,134,6432,0,1
2023-04-02,P102,S2,130,3120,1,1
2023-04-02,P102,S3,148,5180,1,1
2023-04-02,P103,S1,94,4136,1,1
2023-04-02,P103,S2,111,3219,1,1
2023-04-02,P103,S3,116,2436,0,1
2023-04-02,P104,S1,138,3174,1,1
2023-04-02,P104,S2,149,5364,0,1
2023-04-02,P104,S3,136,2856,1,1
2023-04-02,P105,S1,123,2952,1,1
2023-04-02,P105,S2,142,4260,1,1
2023-04-02,P105,S3,137,6302,0,1
2023-04-03,P101,S1,90,2520,1,0
2023-04-03,P101,S2,110,4400,1,0
2023-04-03,P101,S3,139,5838,0,0
2023-04-03,P102,S1,97,4559,0,0
2023-04-03,P102,S2,114,2850,0,0
2023-04-03,P102,S3,103,2060,0,0
2023-04-03,P103,S1,118,5782,0,0
2023-04-03,P103,S2,136,5848,0,0
2023-04-03,P103,S3,116,2668,0,0
2023-04-03,P104,S1,89,3382,0,0
2023-04-03,P104,S2,99,3465,0,0
2023-04-03,P104,S3,117,4095,0,0
2023-04-03,P105,S1,100,2400,0,0
2023-04-03,P105,S2,81,3807,0,0
2023-04-03,P105,S3,95,2375,0,0
2023-04-04,P101,S1,112,2240,1,0
2023-04-04,P101,S2,88,3432,1,0
2023-04-04,P101,S3,109,3706,1,0
2023-04-04,P102,S1,109,3815,0,0
2023-04-04,P102,S2,107,4922,0,0
2023-04-04,P102,S3,88,3696,0,0
2023-04-04,P103,S1,101,3333,1,0
2023-04-04,P103,S2,117,3159,0,0
2023-04-04,P103,S3,120,4920,0,0
2023-04-04,P104,S1,86,2236,1,0
2023-04-04,P104,S2,107,3852,0,0
2023-04-04,P104,S3,103,4738,1,0
2023-04-04,P105,S1,102,2550,1,0
2023-04-04,P105,S2,109,3270,0,0
2023-04-04,P105,S3,111,3663,0,0
2023-04-05,P101,S1,125,3250,0,0
2023-04-05,P101,S2,87,3480,0,0
2023-04-05,P101,S3,121,3872,0,0
2023-04-05,P102,S1,106,2862,0,0
2023-04-05,P102,S2,104,5096,0,0
2023-04-05,P102,S3,128,4608,0,0
2023-04-05,P103,S1,108,2160,0,0
2023-04-05,P103,S2,125,3250,0,0
2023-04-05,P103,S3,83,3569,0,0
2023-04-05,P104,S1,134,3216,0,0
2023-04-05,P104,S2,120,2760,1,0
2023-04-05,P104,S3,116,4292,1,0
2023-04-05,P105,S1,98,3234,1,0
2023-04-05,P105,S2,105,2730,1,0
2023-04-05,P105,S3,102,3774,0,0
2023-04-06,P101,S1,84,3696,1,0
2023-04-06,P101,S2,99,3267,0,0
2023-04-06,P101,S3,126,3780,0,0
2023-04-06,P102,S1,94,3478,1,0
2023-04-06,P102,S2,83,2075,0,0
2023-04-06,P102,S3,117,3861,1,0
2023-04-06,P103,S1,92,3312,0,0
2023-04-06,P103,S2,125,4375,1,0
2023-04-06,P103,S3,108,2916,1,0
2023-04-06,P104,S1,109,3379,0,0
2023-04-06,P104,S2,111,3441,0,0
2023-04-06,P104,S3,97,2522,0,0
2023-04-06,P105,S1,89,1780,1,0
2023-04-06,P105,S2,118,5782,0,0
2023-04-06,P105,S3,109,2289,0,0
2023-04-07,P101,S1,123,5904,0,0
2023-04-07,P101,S2,73,3504,0,0
2023-04-07,P101,S3,110,2310,0,0
2023-04-07,P102,S1,115,4255,0,0
2023-04-07,P102,S2,111,5217,0,0
2023-04-07,P102,S3,61,1708,1,0
2023-04-07,P103,S1,101,2626,0,0
2023-04-07,P103,S2,114,3648,1,0
2023-04-07,P103,S3,110,3740,0,0
2023-04-07,P104,S1,96,1920,0,0
2023-04-07,P104,S2,87,3915,0,0
2023-04-07,P104,S3,116,3132,0,0
2023-04-07,P105,S1,104,2808,0,0
2023-04-07,P105,S2,99,3861,0,0
2023-04-07,P105,S3,98,2940,0,0
2023-04-08,P101,S1,144,6480,0,0
2023-04-08,P101,S2,120,5880,0,0
2023-04-08,P101,S3,138,3864,0,0
2023-04-08,P102,S1,154,7238,0,0
2023-04-08,P102,S2,114,5130,1,0
2023-04-08,P102,S3,146,6132,0,0
2023-04-08,P103,S1,134,5360,0,0
2023-04-08,P103,S2,139,6255,0,0
2023-04-08,P103,S3,133,3990,0,0
2023-04-08,P104,S1,129,3612,0,0
2023-04-08,P104,S2,137,4932,0,0
2023-04-08,P104,S3,140,6440,0,0
2023-04-08,P105,S1,148,5772,1,0
2023-04-08,P105,S2,145,3190,0,0
2023-04-08,P105,S3,132,6204,0,0
2023-04-09,P101,S1,111,5106,1,1
2023-04-09,P101,S2,154,3080,0,1
2023-04-09,P101,S3,98,3920,0,1
2023-04-09,P102,S1,133,5985,0,1
2023-04-09,P102,S2,96,2112,1,1
2023-04-09,P102,S3,109,3379,0,1
2023-04-09,P103,S1,150,6750,1,1
2023-04-09,P103,S2,95,2470,0,1
2023-04-09,P103,S3,121,2541,0,1
2023-04-09,P104,S1,153,5355,0,1
2023-04-09,P104,S2,140,5600,0,1
2023-04-09,P104,S3,138,3036,0,1
2023-04-09,P105,S1,111,3774,0,1
2023-04-09,P105,S2,148,3996,0,1
2023-04-09,P105,S3,116,3712,0,1
2023-04-10,P101,S1,109,3379,0,0
2023-04-10,P101,S2,119,5831,1,0
2023-04-10,P101,S3,128,6272,0,0
2023-04-10,P102,S1,121,5929,0,0
2023-04-10,P102,S2,93,2883,0,0
2023-04-10,P102,S3,105,2310,0,0
2023-04-10,P103,S1,103,4635,0,0
2023-04-10,P103,S2,94,2726,0,0
2023-04-10,P103,S3,133,2926,0,0
2023-04-10,P104,S1,99,4752,1,0
2023-04-10,P104,S2,102,3162,0,0
2023-04-10,P104,S3,109,4469,1,0
2023-04-10,P105,S1,106,3816,0,0
2023-04-10,P105,S2,116,5220,1,0
2023-04-10,P105,S3,82,2788,0,0
2023-04-11,P101,S1,105,4830,1,0
2023-04-11,P101,S2,117,4329,0,0
2023-04-11,P101,S3,94,3666,0,0
2023-04-11,P102,S1,94,3478,0,0
2023-04-11,P102,S2,96,2976,1,0
2023-04-11,P102,S3,114,3762,1,0
2023-04-11,P103,S1,103,4429,1,0
2023-04-11,P103,S2,90,3600,1,0
2023-04-11,P103,S3,89,2403,1,0
2023-04-11,P104,S1,129,3612,0,0
2023-04-11,P104,S2,143,4004,0,0
2023-04-11,P104,S3,122,3660,1,0
2023-04-11,P105,S1,124,3844,0,0
2023-04-11,P105,S2,119,5712,0,0
2023-04-11,P105,S3,103,3502,0,0
2023-04-12,P101,S1,107,4601,0,0
2023-04-12,P101,S2,105,2520,0,0
2023-04-12,P101,S3,121,3388,0,0
2023-04-12,P102,S1,98,1960,0,0
2023-04-12,P102,S2,121,5687,0,0
2023-04-12,P102,S3,98,4214,0,0
2023-04-12,P103,S1,109,5123,0,0
2023-04-12,P103,S2,119,3332,1,0
2023-04-12,P103,S3,73,3212,0,0
2023-04-12,P104,S1,88,3960,0,0
2023-04-12,P104,S2,86,1806,0,0
2023-04-12,P104,S3,100,4300,0,0
2023-04-12,P105,S1,137,4932,1,0
2023-04-12,P105,S2,105,4095,1,0
2023-04-12,P105,S3,91,3003,0,0
2023-04-13,P101,S1,111,3774,0,0
2023-04-13,P101,S2,111,4551,0,0
2023-04-13,P101,S3,83,1826,1,0
2023-04-13,P102,S1,106,3286,0,0
2023-04-13,P102,S2,124,5952,0,0
2023-04-13,P102,S3,128,5632,0,0
2023-04-13,P103,S1,83,2988,0,0
2023-04-13,P103,S2,112,4256,0,0
2023-04-13,P103,S3,104,2392,0,0
2023-04-13,P104,S1,88,2464,0,0
2023-04-13,P104,S2,114,2850,0,0
2023-04-13,P104,S3,100,2600,0,0
2023-04-13,P105,S1,118,4130,0,0
2023-04-13,P105,S2,61,2806,1,0
2023-04-13,P105,S3,111,2997,0,0
2023-04-14,P101,S1,106,3498,0,0
2023-04-14,P101,S2,100,4400,0,0
2023-04-14,P101,S3,91,4459,0,0
2023-04-14,P102,S1,120,5160,0,0
2023-04-14,P102,S2,124,2976,0,0
2023-04-14,P102,S3,84,3696,0,0
2023-04-14,P103,S1,95,2280,0,0
2023-04-14,P103,S2,106,3180,0,0
2023-04-14,P103,S3,111,5217,0,0
2023-04-14,P104,S1,107,4494,0,0
2023-04-14,P104,S2,140,6300,0,0
2023-04-14,P104,S3,107,4280,0,0
2023-04-14,P105,S1,123,4920,1,0
2023-04-14,P105,S2,104,2912,0,0
2023-04-14,P105,S3,104,2704,0,0
2023-04-15,P101,S1,104,3744,0,0
2023-04-15,P101,S2,134,4690,0,0
2023-04-15,P101,S3,105,4410,0,0
2023-04-15,P102,S1,105,3780,0,0
2023-04-15,P102,S2,136,4624,0,0
2023-04-15,P102,S3,146,3942,0,0
2023-04-15,P103,S1,129,5418,0,0
2023-04-15,P103,S2,118,2832,1,0
2023-04-15,P103,S3,123,4059,0,0
2023-04-15,P104,S1,112,5488,0,0
2023-04-15,P104,S2,106,4770,0,0
2023-04-15,P104,S3,110,3190,0,0
2023-04-15,P105,S1,143,5863,0,0
2023-04-15,P105,S2,124,5580,0,0
2023-04-15,P105,S3,137,6576,0,0
2023-04-16,P101,S1,121,5445,0,1
2023-04-16,P101,S2,136,6528,1,1
2023-04-16,P101,S3,113,5537,0,1
2023-04-16,P102,S1,161,5313,0,1
2023-04-16,P102,S2,131,4585,0,1
2023-04-16,P102,S3,108,4968,0,1
2023-04-16,P103,S1,128,5632,0,1
2023-04-16,P103,S2,112,4144,0,1
2023-04-16,P103,S3,137,3014,0,1
2023-04-16,P104,S1,139,3336,0,1
2023-04-16,P104,S2,165,4620,0,1
2023-04-16,P104,S3,122,2562,0,1
2023-04-16,P105,S1,128,2944,1,1
2023-04-16,P105,S2,124,5332,1,1
2023-04-16,P105,S3,123,5535,0,1
2023-04-17,P101,S1,116,4872,1,0
2023-04-17,P101,S2,105,4515,0,0
2023-04-17,P101,S3,116,2320,0,0
2023-04-17,P102,S1,108,5076,0,0
2023-04-17,P102,S2,118,3894,0,0
2023-04-17,P102,S3,115,3680,0,0
2023-04-17,P103,S1,105,2310,0,0
2023-04-17,P103,S2,114,2736,0,0
2023-04-17,P103,S3,108,2916,0,0
2023-04-17,P104,S1,91,3913,1,0
2023-04-17,P104,S2,102,2244,0,0
2023-04-17,P104,S3,115,4025,0,0
2023-04-17,P105,S1,113,5198,0,0
2023-04-17,P105,S2,94,3196,0,0
2023-04-17,P105,S3,84,3864,0,0
2023-04-18,P101,S1,120,3600,0,0
2023-04-18,P101,S2,98,3332,1,0
2023-04-18,P101,S3,122,3538,0,0
2023-04-18,P102,S1,121,3993,1,0
2023-04-18,P102,S2,119,4403,0,0
2023-04-18,P102,S3,121,3630,0,0
2023-04-18,P103,S1,130,4420,1,0
2023-04-18,P103,S2,121,4235,0,0
2023-04-18,P103,S3,96,2016,1,0
2023-04-18,P104,S1,99,2475,0,0
2023-04-18,P104,S2,119,5236,1,0
2023-04-18,P104,S3,121,4598,0,0
2023-04-18,P105,S1,124,3968,0,0
2023-04-18,P105,S2,111,5106,0,0
2023-04-18,P105,S3,95,4560,0,0
2023-04-19,P101,S1,121,4840,0,0
2023-04-19,P101,S2,103,3811,1,0
2023-04-19,P101,S3,104,2392,0,0
2023-04-19,P102,S1,80,3840,0,0
2023-04-19,P102,S2,97,4171,0,0
2023-04-19,P102,S3,102,3672,0,0
2023-04-19,P103,S1,104,2392,0,0
2023-04-19,P103,S2,89,4005,0,0
2023-04-19,P103,S3,87,1827,0,0
2023-04-19,P104,S1,116,5104,0,0
2023-04-19,P104,S2,109,2616,1,0
2023-04-19,P104,S3,121,4356,0,0
2023-04-19,P105,S1,95,2850,1,0
2023-04-19,P105,S2,120,4320,0,0
2023-04-19,P105,S3,93,2325,0,0
2023-04-20,P101,S1,110,4180,0,0
2023-04-20,P101,S2,95,3325,0,0
2023-04-20,P101,S3,81,1863,0,0
2023-04-20,P102,S1,112,4480,0,0
2023-04-20,P102,S2,117,2340,0,0
2023-04-20,P102,S3,108,4860,0,0
2023-04-20,P103,S1,104,3328,0,0
2023-04-20,P103,S2,122,3050,0,0
2023-04-20,P103,S3,117,4680,1,0
2023-04-20,P104,S1,112,2464,1,0
2023-04-20,P104,S2,119,2737,0,0
2023-04-20,P104,S3,86,4042,1,0
2023-04-20,P105,S1,124,5704,0,0
2023-04-20,P105,S2,110,2530,0,0
2023-04-20,P105,S3,103,3193,0,0
2023-04-21,P101,S1,105,2940,0,0
2023-04-21,P101,S2,101,4848,1,0
2023-04-21,P101,S3,121,2783,1,0
2023-04-21,P102,S1,80,3440,0,0
2023-04-21,P102,S2,94,3666,0,0
2023-04-21,P102,S3,108,3672,0,0
2023-04-21,P103,S1,114,4674,1,0
2023-04-21,P103,S2,101,4646,0,0
2023-04-21,P103,S3,115,5290,1,0
2023-04-21,P104,S1,128,3456,0,0
2023-04-21,P104,S2,129,3741,0,0
2023-04-21,P104,S3,97,4656,0,0
2023-04-21,P105,S1,105,2940,1,0
2023-04-21,P105,S2,95,1900,0,0
2023-04-21,P105,S3,98,4704,0,0
2023-04-22,P101,S1,145,5510,0,0
2023-04-22,P101,S2,110,4510,0,0
2023-04-22,P101,S3,131,5633,0,0
2023-04-22,P102,S1,123,5904,0,0
2023-04-22,P102,S2,105,5145,0,0
2023-04-22,P102,S3,134,5226,0,0
2023-04-22,P103,S1,140,4620,0,0
2023-04-22,P103,S2,143,4862,1,0
2023-04-22,P103,S3,113,3164,0,0
2023-04-22,P104,S1,118,3068,0,0
2023-04-22,P104,S2,134,6164,1,0
2023-04-22,P104,S3,150,7200,1,0
2023-04-22,P105,S1,118,4130,0,0
2023-04-22,P105,S2,136,5032,0,0
2023-04-22,P105,S3,146,5840,0,0
2023-04-23,P101,S1,113,5424,0,1
2023-04-23,P101,S2,139,5699,0,1
2023-04-23,P101,S3,133,3192,0,1
2023-04-23,P102,S1,138,6072,0,1
2023-04-23,P102,S2,111,2220,1,1
2023-04-23,P102,S3,118,4012,0,1
2023-04-23,P103,S1,144,4752,0,1
2023-04-23,P103,S2,114,4788,1,1
2023-04-23,P103,S3,106,3074,1,1
2023-04-23,P104,S1,130,4290,0,1
2023-04-23,P104,S2,118,4012,0,1
2023-04-23,P104,S3,126,3528,0,1
2023-04-23,P105,S1,162,3402,1,1
2023-04-23,P105,S2,134,6566,0,1
2023-04-23,P105,S3,150,6900,0,1
2023-04-24,P101,S1,113,5537,0,0
2023-04-24,P101,S2,99,4752,0,0
2023-04-24,P101,S3,107,2996,1,0
2023-04-24,P102,S1,117,4563,0,0
2023-04-24,P102,S2,104,4992,0,0
2023-04-24,P102,S3,121,4356,0,0
2023-04-24,P103,S1,89,2492,1,0
2023-04-24,P103,S2,124,3596,0,0
2023-04-24,P103,S3,108,2484,0,0
2023-04-24,P104,S1,121,5082,0,0
2023-04-24,P104,S2,114,2508,0,0
2023-04-24,P104,S3,122,4270,0,0
2023-04-24,P105,S1,102,3876,1,0
2023-04-24,P105,S2,104,4576,0,0
2023-04-24,P105,S3,112,3360,0,0
2023-04-25,P101,S1,106,3180,1,0
2023-04-25,P101,S2,129,6321,0,0
2023-04-25,P101,S3,93,2511,1,0
2023-04-25,P102,S1,121,3872,0,0
2023-04-25,P102,S2,87,4089,0,0
2023-04-25,P102,S3,95,3040,1,0
2023-04-25,P103,S1,73,3066,1,0
2023-04-25,P103,S2,113,3277,0,0
2023-04-25,P103,S3,107,2782,0,0
2023-04-25,P104,S1,109,4469,0,0
2023-04-25,P104,S2,121,3146,1,0
2023-04-25,P104,S3,122,2684,0,0
2023-04-25,P105,S1,102,4386,0,0
2023-04-25,P105,S2,116,3016,0,0
2023-04-25,P105,S3,119,4046,0,0
2023-04-26,P101,S1,125,6125,1,0
2023-04-26,P101,S2,100,2900,1,0
2023-04-26,P101,S3,103,2266,0,0
2023-04-26,P102,S1,71,3053,0,0
2023-04-26,P102,S2,117,4446,0,0
2023-04-26,P102,S3,124,5704,0,0
2023-04-26,P103,S1,97,2813,1,0
2023-04-26,P103,S2,81,3402,0,0
2023-04-26,P103,S3,112,4368,1,0
2023-04-26,P104,S1,89,4183,0,0
2023-04-26,P104,S2,104,4472,0,0
2023-04-26,P104,S3,120,4920,1,0
2023-04-26,P105,S1,101,4040,0,0
2023-04-26,P105,S2,90,3780,1,0
2023-04-26,P105,S3,86,2580,1,0
2023-04-27,P101,S1,93,3999,1,0
2023-04-27,P101,S2,92,4140,0,0
2023-04-27,P101,S3,93,2418,1,0
2023-04-27,P102,S1,86,2322,0,0
2023-04-27,P102,S2,116,2900,0,0
2023-04-27,P102,S3,104,4264,1,0
2023-04-27,P103,S1,115,2645,1,0
2023-04-27,P103,S2,87,2175,1,0
2023-04-27,P103,S3,118,2832,0,0
2023-04-27,P104,S1,131,3275,0,0
2023-04-27,P104,S2,120,5040,0,0
2023-04-27,P104,S3,111,4884,0,0
2023-04-27,P105,S1,94,2256,0,0
2023-04-27,P105,S2,126,4032,1,0
2023-04-27,P105,S3,102,2958,0,0
2023-04-28,P101,S1,124,4340,0,0
2023-04-28,P101,S2,132,3168,0,0
2023-04-28,P101,S3,117,5382,1,0
2023-04-28,P102,S1,118,5428,0,0
2023-04-28,P102,S2,115,3450,0,0
2023-04-28,P102,S3,121,4719,0,0
2023-04-28,P103,S1,117,5382,0,0
2023-04-28,P103,S2,111,3441,0,0
2023-04-28,P103,S3,108,5292,0,0
2023-04-28,P104,S1,101,2727,1,0
2023-04-28,P104,S2,102,4590,0,0
2023-04-28,P104,S3,143,5148,1,0
2023-04-28,P105,S1,90,3780,0,0
2023-04-28,P105,S2,95,2090,0,0
2023-04-28,P105,S3,97,2910,0,0
2023-04-29,P101,S1,133,3724,0,0
2023-04-29,P101,S2,140,5320,0,0
2023-04-29,P101,S3,124,5704,0,0
2023-04-29,P102,S1,135,3240,0,0
2023-04-29,P102,S2,149,6854,0,0
2023-04-29,P102,S3,117,3510,0,0
2023-04-29,P103,S1,146,5840,1,0
2023-04-29,P103,S2,128,3584,0,0
2023-04-29,P103,S3,120,5160,0,0
2023-04-29,P104,S1,117,3159,0,0
2023-04-29,P104,S2,126,4662,0,0
2023-04-29,P104,S3,101,3939,0,0
2023-04-29,P105,S1,131,4716,0,0
2023-04-29,P105,S2,147,3675,0,0
2023-04-29,P105,S3,125,2875,1,0
2023-04-30,P101,S1,111,3330,0,1
2023-04-30,P101,S2,110,3300,1,1
2023-04-30,P101,S3,128,2944,0,1
2023-04-30,P102,S1,139,5838,0,1
2023-04-30,P102,S2,148,5920,0,1
2023-04-30,P102,S3,122,5124,0,1
2023-04-30,P103,S1,144,5184,0,1
2023-04-30,P103,S2,131,3275,0,1
2023-04-30,P103,S3,111,4329,0,1
2023-04-30,P104,S1,112,3248,0,1
2023-04-30,P104,S2,142,4260,0,1
2023-04-30,P104,S3,134,5092,0,1
2023-04-30,P105,S1,138,4554,1,1
2023-04-30,P105,S2,121,4114,0,1
2023-04-30,P105,S3,133,6384,1,1
2023-05-01,P101,S1,126,5670,1,0
2023-05-01,P101,S2,100,2900,0,0
2023-05-01,P101,S3,135,6615,0,0
2023-05-01,P102,S1,99,4059,0,0
2023-05-01,P102,S2,135,4455,0,0
2023-05-01,P102,S3,145,4350,0,0
2023-05-01,P103,S1,110,2970,1,0
2023-05-01,P103,S2,105,3255,0,0
2023-05-01,P103,S3,120,4440,0,0
2023-05-01,P104,S1,121,3025,0,0
2023-05-01,P104,S2,111,2220,0,0
2023-05-01,P104,S3,107,4815,0,0
2023-05-01,P105,S1,121,2662,0,0
2023-05-01,P105,S2,86,2666,0,0
2023-05-01,P105,S3,122,4636,0,0
2023-05-02,P101,S1,100,3500,1,0
2023-05-02,P101,S2,97,3589,0,0
2023-05-02,P101,S3,100,3300,1,0
2023-05-02,P102,S1,114,4218,1,0
2023-05-02,P102,S2,130,3640,0,0
2023-05-02,P102,S3,127,5588,0,0
2023-05-02,P103,S1,121,3025,0,0
2023-05-02,P103,S2,104,2184,0,0
2023-05-02,P103,S3,128,4608,1,0
2023-05-02,P104,S1,122,5978,0,0
2023-05-02,P104,S2,116,4176,0,0
2023-05-02,P104,S3,123,2706,0,0
2023-05-02,P105,S1,100,4200,0,0
2023-05-02,P105,S2,125,5875,0,0
2023-05-02,P105,S3,89,4183,0,0
2023-05-03,P101,S1,101,4747,1,0
2023-05-03,P101,S2,113,4859,0,0
2023-05-03,P101,S3,113,3390,1,0
2023-05-03,P102,S1,115,4140,0,0
2023-05-03,P102,S2,97,3007,0,0
2023-05-03,P102,S3,107,4494,0,0
2023-05-03,P103,S1,99,4059,0,0
2023-05-03,P103,S2,110,3520,1,0
2023-05-03,P103,S3,102,2958,1,0
2023-05-03,P104,S1,119,5593,0,0
2023-05-03,P104,S2,116,4408,0,0
2023-05-03,P104,S3,124,4216,0,0
2023-05-03,P105,S1,98,2548,1,0
2023-05-03,P105,S2,85,3400,0,0
2023-05-03,P105,S3,109,2507,0,0
2023-05-04,P101,S1,137,2740,0,0
2023-05-04,P101,S2,97,4171,0,0
2023-05-04,P101,S3,120,4800,0,0
2023-05-04,P102,S1,129,2580,0,0
2023-05-04,P102,S2,131,3930,0,0
2023-05-04,P102,S3,116,4988,1,0
2023-05-04,P103,S1,111,3219,0,0
2023-05-04,P103,S2,122,3782,0,0
2023-05-04,P103,S3,131,6026,1,0
2023-05-04,P104,S1,102,4488,0,0
2023-05-04,P104,S2,110,3190,0,0
2023-05-04,P104,S3,100,3100,0,0
2023-05-04,P105,S1,93,4278,0,0
2023-05-04,P105,S2,129,2967,1,0
2023-05-04,P105,S3,119,3332,1,0
2023-05-05,P101,S1,112,4592,0,0
2023-05-05,P101,S2,115,3795,0,0
2023-05-05,P101,S3,109,4033,0,0
2023-05-05,P102,S1,134,6164,0,0
2023-05-05,P102,S2,111,3996,0,0
2023-05-05,P102,S3,135,3510,1,0
2023-05-05,P103,S1,108,4212,0,0
2023-05-05,P103,S2,107,4494,0,0
2023-05-05,P103,S3,131,3144,0,0
2023-05-05,P104,S1,117,4212,0,0
2023-05-05,P104,S2,104,3640,1,0
2023-05-05,P104,S3,94,4042,0,0
2023-05-05,P105,S1,118,4484,0,0
2023-05-05,P105,S2,116,2900,0,0
2023-05-05,P105,S3,102,3774,1,0
2023-05-06,P101,S1,125,3500,0,0
2023-05-06,P101,S2,137,3288,0,0
2023-05-06,P101,S3,147,6909,1,0
2023-05-06,P102,S1,136,5984,0,0
2023-05-06,P102,S2,126,2772,1,0
2023-05-06,P102,S3,119,3332,1,0
2023-05-06,P103,S1,128,3584,0,0
2023-05-06,P103,S2,116,5336,0,0
2023-05-06,P103,S3,116,5452,1,0
2023-05-06,P104,S1,113,4407,1,0
2023-05-06,P104,S2,127,4826,1,0
2023-05-06,P104,S3,117,5616,0,0
2023-05-06,P105,S1,148,4884,0,0
2023-05-06,P105,S2,116,3828,1,0
2023-05-06,P105,S3,140,3080,1,0
2023-05-07,P101,S1,140,4620,0,1
2023-05-07,P101,S2,142,5964,1,1
2023-05-07,P101,S3,142,6674,0,1
2023-05-07,P102,S1,125,5125,1,1
2023-05-07,P102,S2,125,5250,0,1
2023-05-07,P102,S3,160,7200,0,1
2023-05-07,P103,S1,133,6118,0,1
2023-05-07,P103,S2,136,3128,0,1
2023-05-07,P103,S3,113,2260,0,1
2023-05-07,P104,S1,122,5368,0,1
2023-05-07,P104,S2,128,3584,0,1
2023-05-07,P104,S3,103,3193,0,1
2023-05-07,P105,S1,135,3105,0,1
2023-05-07,P105,S2,132,3564,1,1
2023-05-07,P105,S3,148,5772,1,1
2023-05-08,P101,S1,88,2200,1,0
2023-05-08,P101,S2,97,4268,0,0
2023-05-08,P101,S3,104,2184,0,0
2023-05-08,P102,S1,121,4961,1,0
2023-05-08,P102,S2,132,3696,0,0
2023-05-08,P102,S3,72,2304,0,0
2023-05-08,P103,S1,120,5760,0,0
2023-05-08,P103,S2,68,2788,0,0
2023-05-08,P103,S3,129,3741,0,0
2023-05-08,P104,S1,104,3328,0,0
2023-05-08,P104,S2,97,2910,0,0
2023-05-08,P104,S3,121,5082,1,0
2023-05-08,P105,S1,60,2460,0,0
2023-05-08,P105,S2,118,4602,0,0
2023-05-08,P105,S3,82,3034,0,0
2023-05-09,P101,S1,113,5537,1,0
2023-05-09,P101,S2,124,4712,0,0
2023-05-09,P101,S3,129,5418,0,0
2023-05-09,P102,S1,115,4140,0,0
2023-05-09,P102,S2,115,3220,1,0
2023-05-09,P102,S3,102,4182,0,0
2023-05-09,P103,S1,93,3162,1,0
2023-05-09,P103,S2,83,3901,0,0
2023-05-09,P103,S3,128,3712,1,0
2023-05-09,P104,S1,90,3870,1,0
2023-05-09,P104,S2,99,2970,0,0
2023-05-09,P104,S3,89,4005,0,0
2023-05-09,P105,S1,127,4953,1,0
2023-05-09,P105,S2,111,5217,0,0
2023-05-09,P105,S3,89,4272,0,0
2023-05-10,P101,S1,118,4956,0,0
2023-05-10,P101,S2,105,3465,0,0
2023-05-10,P101,S3,133,5586,1,0
2023-05-10,P102,S1,110,2640,0,0
2023-05-10,P102,S2,114,5244,1,0
2023-05-10,P102,S3,92,2116,0,0
2023-05-10,P103,S1,117,4914,1,0
2023-05-10,P103,S2,139,6394,1,0
2023-05-10,P103,S3,106,2120,1,0
2023-05-10,P104,S1,112,4032,0,0
2023-05-10,P104,S2,107,3852,0,0
2023-05-10,P104,S3,111,5439,0,0
2023-05-10,P105,S1,120,2760,0,0
2023-05-10,P105,S2,103,4841,1,0
2023-05-10,P105,S3,92,4324,0,0
2023-05-11,P101,S1,124,2480,0,0
2023-05-11,P101,S2,107,4387,1,0
2023-05-11,P101,S3,130,5200,0,0
2023-05-11,P102,S1,111,4218,1,0
2023-05-11,P102,S2,103,3502,0,0
2023-05-11,P102,S3,103,4120,1,0
2023-05-11,P103,S1,123,3444,0,0
2023-05-11,P103,S2,128,4096,1,0
2023-05-11,P103,S3,132,4092,0,0
2023-05-11,P104,S1,116,2668,0,0
2023-05-11,P104,S2,101,2020,0,0
2023-05-11,P104,S3,93,2697,0,0
2023-05-11,P105,S1,120,5160,1,0
2023-05-11,P105,S2,121,3751,0,0
2023-05-11,P105,S3,108,4644,1,0
2023-05-12,P101,S1,130,2990,0,0
2023-05-12,P101,S2,126,4284,1,0
2023-05-12,P101,S3,121,4356,0,0
2023-05-12,P102,S1,99,4653,0,0
2023-05-12,P102,S2,94,3572,0,0
2023-05-12,P102,S3,107,4815,0,0
2023-05-12,P103,S1,125,3875,0,0
2023-05-12,P103,S2,93,3255,0,0
2023-05-12,P103,S3,115,2645,0,0
2023-05-12,P104,S1,108,4104,0,0
2023-05-12,P104,S2,117,5499,1,0
2023-05-12,P104,S3,124,4464,0,0
2023-05-12,P105,S1,111,4995,0,0
2023-05-12,P105,S2,106,3392,0,0
2023-05-12,P105,S3,103,2884,1,0
2023-05-13,P101,S1,119,5236,0,0
2023-05-13,P101,S2,153,7038,1,0
2023-05-13,P101,S3,113,3390,0,0
2023-05-13,P102,S1,133,4788,1,0
2023-05-13,P102,S2,154,4620,1,0
2023-05-13,P102,S3,117,3861,0,0
2023-05-13,P103,S1,126,2898,0,0
2023-05-13,P103,S2,114,2280,0,0
2023-05-13,P103,S3,105,4305,0,0
2023-05-13,P104,S1,147,5439,0,0
2023-05-13,P104,S2,157,6908,0,0
2023-05-13,P104,S3,125,4500,0,0
2023-05-13,P105,S1,118,4956,0,0
2023-05-13,P105,S2,138,3312,1,0
2023-05-13,P105,S3,140,3500,1,0
2023-05-14,P101,S1,121,4356,1,1
2023-05-14,P101,S2,121,3509,1,1
2023-05-14,P101,S3,137,5891,0,1
2023-05-14,P102,S1,148,3108,0,1
2023-05-14,P102,S2,127,3937,0,1
2023-05-14,P102,S3,135,5400,0,1
2023-05-14,P103,S1,130,3250,1,1
2023-05-14,P103,S2,140,4620,1,1
2023-05-14,P103,S3,164,5084,0,1
2023-05-14,P104,S1,125,4750,0,1
2023-05-14,P104,S2,135,4455,0,1
2023-05-14,P104,S3,126,6174,0,1
2023-05-14,P105,S1,125,3000,0,1
2023-05-14,P105,S2,138,3864,1,1
2023-05-14,P105,S3,135,6480,0,1
2023-05-15,P101,S1,102,4998,1,0
2023-05-15,P101,S2,139,5004,0,0
2023-05-15,P101,S3,118,4366,0,0
2023-05-15,P102,S1,92,3312,0,0
2023-05-15,P102,S2,107,2568,1,0
2023-05-15,P102,S3,131,5633,1,0
2023-05-15,P103,S1,97,4365,1,0
2023-05-15,P103,S2,102,3264,0,0
2023-05-15,P103,S3,95,4370,0,0
2023-05-15,P104,S1,121,4356,0,0
2023-05-15,P104,S2,124,2728,0,0
2023-05-15,P104,S3,98,4312,1,0
2023-05-15,P105,S1,115,5405,1,0
2023-05-15,P105,S2,87,2697,1,0
2023-05-15,P105,S3,111,5328,0,0
2023-05-16,P101,S1,87,3045,0,0
2023-05-16,P101,S2,118,4720,1,0
2023-05-16,P101,S3,97,4171,0,0
2023-05-16,P102,S1,100,2600,1,0
2023-05-16,P102,S2,122,3538,0,0
2023-05-16,P102,S3,94,3196,1,0
2023-05-16,P103,S1,115,2760,1,0
2023-05-16,P103,S2,117,3042,1,0
2023-05-16,P103,S3,110,3740,0,0
2023-05-16,P104,S1,103,2678,0,0
2023-05-16,P104,S2,131,4061,0,0
2023-05-16,P104,S3,142,5538,1,0
2023-05-16,P105,S1,100,4500,1,0
2023-05-16,P105,S2,82,1886,0,0
2023-05-16,P105,S3,132,5148,1,0
2023-05-17,P101,S1,137,4932,0,0
2023-05-17,P101,S2,95,3325,1,0
2023-05-17,P101,S3,114,4560,0,0
2023-05-17,P102,S1,121,3388,0,0
2023-05-17,P102,S2,91,2275,1,0
2023-05-17,P102,S3,100,2800,0,0
2023-05-17,P103,S1,124,3720,0,0
2023-05-17,P103,S2,140,4480,0,0
2023-05-17,P103,S3,103,4429,0,0
2023-05-17,P104,S1,123,5658,1,0
2023-05-17,P104,S2,109,3379,0,0
2023-05-17,P104,S3,143,5577,0,0
2023-05-17,P105,S1,104,3432,0,0
2023-05-17,P105,S2,99,4752,0,0
2023-05-17,P105,S3,111,5217,0,0
2023-05-18,P101,S1,111,3774,1,0
2023-05-18,P101,S2,91,3549,0,0
2023-05-18,P101,S3,101,4040,0,0
2023-05-18,P102,S1,97,2522,0,0
2023-05-18,P102,S2,111,2886,0,0
2023-05-18,P102,S3,86,4042,1,0
2023-05-18,P103,S1,126,4914,0,0
2023-05-18,P103,S2,100,3000,1,0
2023-05-18,P103,S3,109,2398,0,0
2023-05-18,P104,S1,105,2730,0,0
2023-05-18,P104,S2,111,4773,0,0
2023-05-18,P104,S3,114,5130,1,0
2023-05-18,P105,S1,138,5244,0,0
2023-05-18,P105,S2,130,3510,1,0
2023-05-18,P105,S3,116,3016,0,0
2023-05-19,P101,S1,112,3472,0,0
2023-05-19,P101,S2,146,6278,0,0
2023-05-19,P101,S3,130,3640,0,0
2023-05-19,P102,S1,100,4200,0,0
2023-05-19,P102,S2,116,2436,0,0
2023-05-19,P102,S3,116,4292,1,0
2023-05-19,P103,S1,104,2808,0,0
2023-05-19,P103,S2,109,5341,1,0
2023-05-19,P103,S3,109,3597,0,0
2023-05-19,P104,S1,99,4851,1,0
2023-05-19,P104,S2,134,5226,1,0
2023-05-19,P104,S3,107,2247,1,0
2023-05-19,P105,S1,105,3150,0,0
2023-05-19,P105,S2,107,4601,1,0
2023-05-19,P105,S3,116,3480,0,0
2023-05-20,P101,S1,122,4148,0,0
2023-05-20,P101,S2,137,4110,1,0
2023-05-20,P101,S3,145,3045,0,0
2023-05-20,P102,S1,134,5092,0,0
2023-05-20,P102,S2,146,6862,1,0
2023-05-20,P102,S3,144,3888,0,0
2023-05-20,P103,S1,155,3565,1,0
2023-05-20,P103,S2,140,4620,0,0
2023-05-20,P103,S3,145,4205,1,0
2023-05-20,P104,S1,117,4680,0,0
2023-05-20,P104,S2,129,6321,0,0
2023-05-20,P104,S3,138,3864,0,0
2023-05-20,P105,S1,116,4872,1,0
2023-05-20,P105,S2,127,3937,1,0
2023-05-20,P105,S3,139,4170,0,0
2023-05-21,P101,S1,115,2645,0,1
2023-05-21,P101,S2,124,3348,0,1
2023-05-21,P101,S3,146,5548,0,1
2023-05-21,P102,S1,123,3567,1,1
2023-05-21,P102,S2,122,2806,0,1
2023-05-21,P102,S3,131,4585,0,1
2023-05-21,P103,S1,113,3164,0,1
2023-05-21,P103,S2,131,3013,0,1
2023-05-21,P103,S3,103,4841,0,1
2023-05-21,P104,S1,153,4743,1,1
2023-05-21,P104,S2,117,4446,1,1
2023-05-21,P104,S3,128,6272,0,1
2023-05-21,P105,S1,178,6764,0,1
2023-05-21,P105,S2,128,3072,1,1
2023-05-21,P105,S3,130,5850,0,1
2023-05-22,P101,S1,99,3465,0,0
2023-05-22,P101,S2,96,3168,1,0
2023-05-22,P101,S3,117,3276,0,0
2023-05-22,P102,S1,106,3710,0,0
2023-05-22,P102,S2,93,4371,0,0
2023-05-22,P102,S3,91,3458,0,0
2023-05-22,P103,S1,96,2112,0,0
2023-05-22,P103,S2,83,3071,0,0
2023-05-22,P103,S3,115,3450,0,0
2023-05-22,P104,S1,101,4747,0,0
2023-05-22,P104,S2,113,2938,1,0
2023-05-22,P104,S3,129,2709,1,0
2023-05-22,P105,S1,124,4092,0,0
2023-05-22,P105,S2,119,3332,0,0
2023-05-22,P105,S3,108,3564,0,0
2023-05-23,P101,S1,114,2736,0,0
2023-05-23,P101,S2,125,5000,1,0
2023-05-23,P101,S3,117,3276,1,0
2023-05-23,P102,S1,111,2553,0,0
2023-05-23,P102,S2,116,5568,1,0
2023-05-23,P102,S3,110,5280,0,0
2023-05-23,P103,S1,105,2625,0,0
2023-05-23,P103,S2,119,3927,0,0
2023-05-23,P103,S3,100,4900,0,0
2023-05-23,P104,S1,114,3762,1,0
2023-05-23,P104,S2,119,5593,0,0
2023-05-23,P104,S3,104,2600,1,0
2023-05-23,P105,S1,120,2400,0,0
2023-05-23,P105,S2,92,2208,0,0
2023-05-23,P105,S3,113,5085,0,0
2023-05-24,P101,S1,114,5586,0,0
2023-05-24,P101,S2,144,4032,0,0
2023-05-24,P101,S3,101,3333,0,0
2023-05-24,P102,S1,86,2494,1,0
2023-05-24,P102,S2,141,6063,0,0
2023-05-24,P102,S3,101,2323,1,0
2023-05-24,P103,S1,113,4407,0,0
2023-05-24,P103,S2,104,4160,1,0
2023-05-24,P103,S3,118,2596,0,0
2023-05-24,P104,S1,85,3485,0,0
2023-05-24,P104,S2,95,3420,1,0
2023-05-24,P104,S3,107,2996,1,0
2023-05-24,P105,S1,110,3080,1,0
2023-05-24,P105,S2,107,5029,1,0
2023-05-24,P105,S3,111,4440,1,0
2023-05-25,P101,S1,114,4332,1,0
2023-05-25,P101,S2,93,3348,1,0
2023-05-25,P101,S3,98,2450,1,0
2023-05-25,P102,S1,98,2254,0,0
2023-05-25,P102,S2,131,6288,0,0
2023-05-25,P102,S3,100,3600,0,0
2023-05-25,P103,S1,118,5310,0,0
2023-05-25,P103,S2,99,3267,1,0
2023-05-25,P103,S3,124,5208,0,0
2023-05-25,P104,S1,76,2888,1,0
2023-05-25,P104,S2,106,4876,0,0
2023-05-25,P104,S3,100,4700,1,0
2023-05-25,P105,S1,124,3224,0,0
2023-05-25,P105,S2,112,2688,1,0
2023-05-25,P105,S3,138,4140,1,0
2023-05-26,P101,S1,123,4674,0,0
2023-05-26,P101,S2,105,4305,1,0
2023-05-26,P101,S3,115,3680,0,0
2023-05-26,P102,S1,96,1920,1,0
2023-05-26,P102,S2,127,4572,1,0
2023-05-26,P102,S3,120,3480,1,0
2023-05-26,P103,S1,109,3379,1,0
2023-05-26,P103,S2,109,2507,0,0
2023-05-26,P103,S3,112,3584,0,0
2023-05-26,P104,S1,101,3333,1,0
2023-05-26,P104,S2,90,3240,0,0
2023-05-26,P104,S3,114,4560,0,0
2023-05-26,P105,S1,117,2691,0,0
2023-05-26,P105,S2,112,4816,1,0
2023-05-26,P105,S3,114,4674,1,0
2023-05-27,P101,S1,118,4366,1,0
2023-05-27,P101,S2,143,5434,1,0
2023-05-27,P101,S3,146,6570,0,0
2023-05-27,P102,S1,125,5375,1,0
2023-05-27,P102,S2,139,5004,0,0
2023-05-27,P102,S3,122,2806,0,0
2023-05-27,P103,S1,140,3080,0,0
2023-05-27,P103,S2,119,2618,0,0
2023-05-27,P103,S3,138,5382,0,0
2023-05-27,P104,S1,118,4248,0,0
2023-05-27,P104,S2,134,5762,0,0
2023-05-27,P104,S3,118,3422,0,0
2023-05-27,P105,S1,132,3300,0,0
2023-05-27,P105,S2,123,4305,0,0
2023-05-27,P105,S3,149,5960,1,0
2023-05-28,P101,S1,121,5687,1,1
2023-05-28,P101,S2,130,3900,1,1
2023-05-28,P101,S3,147,6321,1,1
2023-05-28,P102,S1,129,5547,1,1
2023-05-28,P102,S2,143,6435,1,1
2023-05-28,P102,S3,138,5796,0,1
2023-05-28,P103,S1,143,5291,1,1
2023-05-28,P103,S2,101,2121,0,1
2023-05-28,P103,S3,124,5704,1,1
2023-05-28,P104,S1,118,4248,1,1
2023-05-28,P104,S2,125,5375,0,1
2023-05-28,P104,S3,111,5106,0,1
2023-05-28,P105,S1,147,3528,1,1
2023-05-28,P105,S2,107,3424,1,1
2023-05-28,P105,S3,128,4608,1,1
2023-05-29,P101,S1,96,2496,0,0
2023-05-29,P101,S2,122,5246,0,0
2023-05-29,P101,S3,120,2400,0,0
2023-05-29,P102,S1,107,4066,0,0
2023-05-29,P102,S2,127,3048,1,0
2023-05-29,P102,S3,117,3627,0,0
2023-05-29,P103,S1,102,2958,1,0
2023-05-29,P103,S2,137,3014,1,0
2023-05-29,P103,S3,123,5289,1,0
2023-05-29,P104,S1,116,5104,0,0
2023-05-29,P104,S2,119,2737,1,0
2023-05-29,P104,S3,130,6110,0,0
2023-05-29,P105,S1,109,4578,1,0
2023-05-29,P105,S2,115,5405,0,0
2023-05-29,P105,S3,116,2668,0,0
2023-05-30,P101,S1,109,2943,0,0
2023-05-30,P101,S2,104,4264,1,0
2023-05-30,P101,S3,138,4554,1,0
2023-05-30,P102,S1,125,5500,1,0
2023-05-30,P102,S2,123,3567,0,0
2023-05-30,P102,S3,110,5280,1,0
2023-05-30,P103,S1,105,3255,1,0
2023-05-30,P103,S2,102,4488,0,0
2023-05-30,P103,S3,105,2625,0,0
2023-05-30,P104,S1,117,3978,0,0
2023-05-30,P104,S2,87,2175,0,0
2023-05-30,P104,S3,109,2616,0,0
2023-05-30,P105,S1,110,2310,0,0
2023-05-30,P105,S2,110,4290,0,0
2023-05-30,P105,S3,120,4080,0,0
2023-05-31,P101,S1,98,2646,0,0
2023-05-31,P101,S2,103,4120,0,0
2023-05-31,P101,S3,95,2850,0,0
2023-05-31,P102,S1,93,2604,0,0
2023-05-31,P102,S2,119,5593,0,0
2023-05-31,P102,S3,119,4641,0,0
2023-05-31,P103,S1,139,2780,0,0
2023-05-31,P103,S2,132,3564,1,0
2023-05-31,P103,S3,107,2889,1,0
2023-05-31,P104,S1,102,2652,0,0
2023-05-31,P104,S2,94,3008,0,0
2023-05-31,P104,S3,116,2900,1,0
2023-05-31,P105,S1,107,3745,0,0
2023-05-31,P105,S2,124,2480,0,0
2023-05-31,P105,S3,110,4510,0,0
2023-06-01,P101,S1,130,2990,1,0
2023-06-01,P101,S2,102,3162,0,0
2023-06-01,P101,S3,128,3968,0,0
2023-06-01,P102,S1,110,4840,1,0
2023-06-01,P102,S2,101,3131,1,0
2023-06-01,P102,S3,98,4704,0,0
2023-06-01,P103,S1,82,2624,0,0
2023-06-01,P103,S2,119,5236,0,0
2023-06-01,P103,S3,145,4495,0,0
2023-06-01,P104,S1,113,5311,0,0
2023-06-01,P104,S2,119,3570,0,0
2023-06-01,P104,S3,111,5328,0,0
2023-06-01,P105,S1,140,6300,0,0
2023-06-01,P105,S2,107,3638,0,0
2023-06-01,P105,S3,107,2247,0,0
2023-06-02,P101,S1,111,2442,0,0
2023-06-02,P101,S2,115,3220,1,0
2023-06-02,P101,S3,111,4884,0,0
2023-06-02,P102,S1,104,3432,1,0
2023-06-02,P102,S2,104,3744,0,0
2023-06-02,P102,S3,125,4500,0,0
2023-06-02,P103,S1,113,2712,0,0
2023-06-02,P103,S2,60,1200,1,0
2023-06-02,P103,S3,120,2760,0,0
2023-06-02,P104,S1,105,4200,0,0
2023-06-02,P104,S2,138,4416,1,0
2023-06-02,P104,S3,91,2275,0,0
2023-06-02,P105,S1,113,4859,1,0
2023-06-02,P105,S2,118,2360,0,0
2023-06-02,P105,S3,137,5754,1,0
2023-06-03,P101,S1,158,7268,1,0
2023-06-03,P101,S2,119,5831,1,0
2023-06-03,P101,S3,133,5453,0,0
2023-06-03,P102,S1,145,3625,1,0
2023-06-03,P102,S2,158,7584,0,0
2023-06-03,P102,S3,109,2289,0,0
2023-06-03,P103,S1,148,6660,0,0
2023-06-03,P103,S2,138,5796,1,0
2023-06-03,P103,S3,151,3926,0,0
2023-06-03,P104,S1,118,5664,0,0
2023-06-03,P104,S2,137,2877,0,0
2023-06-03,P104,S3,93,2883,0,0
2023-06-03,P105,S1,138,4416,0,0
2023-06-03,P105,S2,139,5282,0,0
2023-06-03,P105,S3,150,3450,0,0
2023-06-04,P101,S1,143,3575,0,1
2023-06-04,P101,S2,119,4641,1,1
2023-06-04,P101,S3,156,5460,0,1
2023-06-04,P102,S1,129,4128,1,1
2023-06-04,P102,S2,151,3624,1,1
2023-06-04,P102,S3,158,7742,1,1
2023-06-04,P103,S1,119,2737,0,1
2023-06-04,P103,S2,133,4655,1,1
2023-06-04,P103,S3,126,4158,0,1
2023-06-04,P104,S1,111,5439,0,1
2023-06-04,P104,S2,144,4320,0,1
2023-06-04,P104,S3,144,3744,0,1
2023-06-04,P105,S1,135,4455,0,1
2023-06-04,P105,S2,103,2060,0,1
2023-06-04,P105,S3,116,3364,0,1
2023-06-05,P101,S1,122,2684,0,0
2023-06-05,P101,S2,120,3960,0,0
2023-06-05,P101,S3,110,2860,0,0
2023-06-05,P102,S1,120,3000,1,0
2023-06-05,P102,S2,111,3330,0,0
2023-06-05,P102,S3,105,2835,0,0
2023-06-05,P103,S1,110,5280,0,0
2023-06-05,P103,S2,120,2640,0,0
2023-06-05,P103,S3,150,6450,0,0
2023-06-05,P104,S1,118,4720,0,0
2023-06-05,P104,S2,64,1664,0,0
2023-06-05,P104,S3,119,3570,0,0
2023-06-05,P105,S1,95,4370,0,0
2023-06-05,P105,S2,100,3600,0,0
2023-06-05,P105,S3,123,5658,0,0
2023-06-06,P101,S1,103,3708,0,0
2023-06-06,P101,S2,116,4524,0,0
2023-06-06,P101,S3,114,5586,0,0
2023-06-06,P102,S1,109,4578,1,0
2023-06-06,P102,S2,132,4752,0,0
2023-06-06,P102,S3,84,2520,0,0
2023-06-06,P103,S1,109,4142,1,0
2023-06-06,P103,S2,124,5952,0,0
2023-06-06,P103,S3,111,4218,0,0
2023-06-06,P104,S1,89,3649,1,0
2023-06-06,P104,S2,135,5265,0,0
2023-06-06,P104,S3,95,3420,1,0
2023-06-06,P105,S1,133,4921,0,0
2023-06-06,P105,S2,109,2180,1,0
2023-06-06,P105,S3,122,3050,0,0
2023-06-07,P101,S1,88,2552,1,0
2023-06-07,P101,S2,122,5490,0,0
2023-06-07,P101,S3,114,4218,0,0
2023-06-07,P102,S1,93,3906,0,0
2023-06-07,P102,S2,105,4305,0,0
2023-06-07,P102,S3,116,4524,0,0
2023-06-07,P103,S1,101,3838,1,0
2023-06-07,P103,S2,117,3744,0,0
2023-06-07,P103,S3,94,2820,1,0
2023-06-07,P104,S1,140,4340,1,0
2023-06-07,P104,S2,111,3663,0,0
2023-06-07,P104,S3,123,5658,0,0
2023-06-07,P105,S1,111,5328,0,0
2023-06-07,P105,S2,137,4932,1,0
2023-06-07,P105,S3,116,3016,0,0
2023-06-08,P101,S1,117,2574,1,0
2023-06-08,P101,S2,117,4680,1,0
2023-06-08,P101,S3,94,2350,0,0
2023-06-08,P102,S1,120,4800,0,0
2023-06-08,P102,S2,119,4522,1,0
2023-06-08,P102,S3,132,3960,0,0
2023-06-08,P103,S1,116,2552,0,0
2023-06-08,P103,S2,110,4950,0,0
2023-06-08,P103,S3,106,3710,0,0
2023-06-08,P104,S1,104,4680,0,0
2023-06-08,P104,S2,135,4590,0,0
2023-06-08,P104,S3,112,2800,0,0
2023-06-08,P105,S1,98,1960,1,0
2023-06-08,P105,S2,113,2712,0,0
2023-06-08,P105,S3,102,3672,1,0
2023-06-09,P101,S1,114,3876,0,0
2023-06-09,P101,S2,139,4865,0,0
2023-06-09,P101,S3,117,2457,0,0
2023-06-09,P102,S1,112,3472,0,0
2023-06-09,P102,S2,107,2247,0,0
2023-06-09,P102,S3,107,4815,1,0
2023-06-09,P103,S1,109,5014,0,0
2023-06-09,P103,S2,88,3608,0,0
2023-06-09,P103,S3,118,2360,0,0
2023-06-09,P104,S1,108,2700,0,0
2023-06-09,P104,S2,92,4324,0,0
2023-06-09,P104,S3,103,3811,0,0
2023-06-09,P105,S1,118,5428,0,0
2023-06-09,P105,S2,117,4446,0,0
2023-06-09,P105,S3,107,3852,1,0
2023-06-10,P101,S1,137,6576,0,0
2023-06-10,P101,S2,111,4218,0,0
2023-06-10,P101,S3,99,2871,1,0
2023-06-10,P102,S1,140,6860,0,0
2023-06-10,P102,S2,166,7968,0,0
2023-06-10,P102,S3,144,2880,0,0
2023-06-10,P103,S1,130,4550,0,0
2023-06-10,P103,S2,126,3528,0,0
2023-06-10,P103,S3,152,3496,0,0
2023-06-10,P104,S1,157,7536,1,0
2023-06-10,P104,S2,153,3519,0,0
2023-06-10,P104,S3,127,4318,0,0
2023-06-10,P105,S1,135,6615,0,0
2023-06-10,P105,S2,132,4752,0,0
2023-06-10,P105,S3,121,3509,0,0
2023-06-11,P101,S1,130,4550,0,1
2023-06-11,P101,S2,143,3146,1,1
2023-06-11,P101,S3,127,3937,1,1
2023-06-11,P102,S1,141,5076,1,1
2023-06-11,P102,S2,142,6532,0,1
2023-06-11,P102,S3,142,6816,1,1
2023-06-11,P103,S1,94,3948,0,1
2023-06-11,P103,S2,132,4356,0,1
2023-06-11,P103,S3,109,3815,1,1
2023-06-11,P104,S1,113,2373,0,1
2023-06-11,P104,S2,141,3102,1,1
2023-06-11,P104,S3,135,4995,0,1
2023-06-11,P105,S1,150,6600,0,1
2023-06-11,P105,S2,105,2520,1,1
2023-06-11,P105,S3,164,6888,1,1
2023-06-12,P101,S1,100,4400,0,0
2023-06-12,P101,S2,120,3120,0,0
2023-06-12,P101,S3,136,5712,0,0
2023-06-12,P102,S1,111,3441,0,0
2023-06-12,P102,S2,95,2755,1,0
2023-06-12,P102,S3,104,3536,0,0
2023-06-12,P103,S1,90,2430,1,0
2023-06-12,P103,S2,140,2940,0,0
2023-06-12,P103,S3,111,4440,1,0
2023-06-12,P104,S1,128,5760,0,0
2023-06-12,P104,S2,102,4488,1,0
2023-06-12,P104,S3,120,3120,0,0
2023-06-12,P105,S1,116,4060,0,0
2023-06-12,P105,S2,107,5136,0,0
2023-06-12,P105,S3,132,4224,0,0
2023-06-13,P101,S1,91,4004,0,0
2023-06-13,P101,S2,103,3605,0,0
2023-06-13,P101,S3,128,2816,0,0
2023-06-13,P102,S1,109,3488,0,0
2023-06-13,P102,S2,91,2912,0,0
2023-06-13,P102,S3,78,3822,1,0
2023-06-13,P103,S1,127,4953,1,0
2023-06-13,P103,S2,101,2525,0,0
2023-06-13,P103,S3,121,2904,0,0
2023-06-13,P104,S1,98,3528,0,0
2023-06-13,P104,S2,100,4100,1,0
2023-06-13,P104,S3,80,3920,1,0
2023-06-13,P105,S1,90,3060,0,0
2023-06-13,P105,S2,105,3990,0,0
2023-06-13,P105,S3,126,5040,0,0
2023-06-14,P101,S1,123,2829,0,0
2023-06-14,P101,S2,102,3264,1,0
2023-06-14,P101,S3,124,5208,1,0
2023-06-14,P102,S1,82,3280,0,0
2023-06-14,P102,S2,121,4719,0,0
2023-06-14,P102,S3,131,4716,1,0
2023-06-14,P103,S1,135,2700,0,0
2023-06-14,P103,S2,112,2352,0,0
2023-06-14,P103,S3,98,3430,0,0
2023-06-14,P104,S1,118,5546,0,0
2023-06-14,P104,S2,112,3360,0,0
2023-06-14,P104,S3,103,3605,1,0
2023-06-14,P105,S1,122,5246,0,0
2023-06-14,P105,S2,98,3136,0,0
2023-06-14,P105,S3,132,4356,0,0
2023-06-15,P101,S1,114,5472,0,0
2023-06-15,P101,S2,112,2464,0,0
2023-06-15,P101,S3,124,4960,1,0
2023-06-15,P102,S1,105,3465,0,0
2023-06-15,P102,S2,120,5880,0,0
2023-06-15,P102,S3,117,2691,0,0
2023-06-15,P103,S1,115,4025,0,0
2023-06-15,P103,S2,120,3720,1,0
2023-06-15,P103,S3,95,3325,0,0
2023-06-15,P104,S1,119,4522,0,0
2023-06-15,P104,S2,100,4900,0,0
2023-06-15,P104,S3,108,2808,1,0
2023-06-15,P105,S1,98,3332,0,0
2023-06-15,P105,S2,78,1872,0,0
2023-06-15,P105,S3,113,3390,0,0
2023-06-16,P101,S1,117,5265,0,0
2023-06-16,P101,S2,103,3811,0,0
2023-06-16,P101,S3,126,2520,0,0
2023-06-16,P102,S1,127,3175,0,0
2023-06-16,P102,S2,140,4200,0,0
2023-06-16,P102,S3,106,3392,1,0
2023-06-16,P103,S1,118,3776,1,0
2023-06-16,P103,S2,107,3531,0,0
2023-06-16,P103,S3,125,2625,0,0
2023-06-16,P104,S1,109,4469,0,0
2023-06-16,P104,S2,95,3800,0,0
2023-06-16,P104,S3,115,3105,0,0
2023-06-16,P105,S1,118,4838,0,0
2023-06-16,P105,S2,133,6118,0,0
2023-06-16,P105,S3,118,4956,0,0
2023-06-17,P101,S1,167,7014,0,0
2023-06-17,P101,S2,120,5760,0,0
2023-06-17,P101,S3,148,6956,0,0
2023-06-17,P102,S1,131,6288,0,0
2023-06-17,P102,S2,139,5560,0,0
2023-06-17,P102,S3,126,4914,0,0
2023-06-17,P103,S1,122,3538,0,0
2023-06-17,P103,S2,123,2460,1,0
2023-06-17,P103,S3,78,2418,1,0
2023-06-17,P104,S1,153,3366,0,0
2023-06-17,P104,S2,132,3300,0,0
2023-06-17,P104,S3,135,3780,0,0
2023-06-17,P105,S1,120,3960,0,0
2023-06-17,P105,S2,116,2784,0,0
2023-06-17,P105,S3,132,3432,1,0
2023-06-18,P101,S1,119,4403,1,1
2023-06-18,P101,S2,140,5740,0,1
2023-06-18,P101,S3,133,5054,0,1
2023-06-18,P102,S1,141,6486,0,1
2023-06-18,P102,S2,173,8131,0,1
2023-06-18,P102,S3,133,3325,1,1
2023-06-18,P103,S1,123,2706,0,1
2023-06-18,P103,S2,115,5635,0,1
2023-06-18,P103,S3,110,4730,0,1
2023-06-18,P104,S1,112,4144,0,1
2023-06-18,P104,S2,137,6439,0,1
2023-06-18,P104,S3,144,6336,1,1
2023-06-18,P105,S1,154,6006,0,1
2023-06-18,P105,S2,107,5136,1,1
2023-06-18,P105,S3,139,3058,1,1
2023-06-19,P101,S1,117,4797,1,0
2023-06-19,P101,S2,108,3564,0,0
2023-06-19,P101,S3,103,4326,0,0
2023-06-19,P102,S1,115,3105,0,0
2023-06-19,P102,S2,118,5546,0,0
2023-06-19,P102,S3,119,2856,0,0
2023-06-19,P103,S1,130,4160,0,0
2023-06-19,P103,S2,91,4186,1,0
2023-06-19,P103,S3,130,5720,0,0
2023-06-19,P104,S1,117,3393,0,0
2023-06-19,P104,S2,97,2328,0,0
2023-06-19,P104,S3,120,4800,1,0
2023-06-19,P105,S1,113,4972,0,0
2023-06-19,P105,S2,108,5076,1,0
2023-06-19,P105,S3,94,3102,0,0
2023-06-20,P101,S1,126,3906,0,0
2023-06-20,P101,S2,122,5856,0,0
2023-06-20,P101,S3,118,3894,0,0
2023-06-20,P102,S1,97,4462,1,0
2023-06-20,P102,S2,109,3815,0,0
2023-06-20,P102,S3,134,6298,1,0
2023-06-20,P103,S1,128,4736,0,0
2023-06-20,P103,S2,80,3840,0,0
2023-06-20,P103,S3,100,4300,0,0
2023-06-20,P104,S1,127,5842,0,0
2023-06-20,P104,S2,99,2970,0,0
2023-06-20,P104,S3,124,5208,0,0
2023-06-20,P105,S1,133,4256,0,0
2023-06-20,P105,S2,131,3144,0,0
2023-06-20,P105,S3,126,4158,1,0
2023-06-21,P101,S1,126,4662,0,0
2023-06-21,P101,S2,75,2325,0,0
2023-06-21,P101,S3,140,4900,0,0
2023-06-21,P102,S1,96,2496,1,0
2023-06-21,P102,S2,126,6048,1,0
2023-06-21,P102,S3,103,4944,1,0
2023-06-21,P103,S1,97,4074,0,0
2023-06-21,P103,S2,109,2943,0,0
2023-06-21,P103,S3,113,5537,0,0
2023-06-21,P104,S1,128,3200,0,0
2023-06-21,P104,S2,147,3381,0,0
2023-06-21,P104,S3,107,2889,0,0
2023-06-21,P105,S1,97,2328,0,0
2023-06-21,P105,S2,134,6432,1,0
2023-06-21,P105,S3,114,3990,1,0
2023-06-22,P101,S1,119,4641,0,0
2023-06-22,P101,S2,86,3698,0,0
2023-06-22,P101,S3,105,5145,0,0
2023-06-22,P102,S1,116,5452,1,0
2023-06-22,P102,S2,101,3737,0,0
2023-06-22,P102,S3,134,2680,1,0
2023-06-22,P103,S1,105,4830,1,0
2023-06-22,P103,S2,101,4545,1,0
2023-06-22,P103,S3,101,2727,1,0
2023-06-22,P104,S1,108,3456,1,0
2023-06-22,P104,S2,104,4576,0,0
2023-06-22,P104,S3,109,3379,1,0
2023-06-22,P105,S1,107,3103,0,0
2023-06-22,P105,S2,82,2952,1,0
2023-06-22,P105,S3,131,4323,0,0
2023-06-23,P101,S1,133,5719,1,0
2023-06-23,P101,S2,126,3402,0,0
2023-06-23,P101,S3,93,2883,0,0
2023-06-23,P102,S1,117,3042,0,0
2023-06-23,P102,S2,119,3213,1,0
2023-06-23,P102,S3,96,2880,0,0
2023-06-23,P103,S1,103,3296,1,0
2023-06-23,P103,S2,117,5499,0,0
2023-06-23,P103,S3,90,3960,0,0
2023-06-23,P104,S1,115,3910,0,0
2023-06-23,P104,S2,100,4900,1,0
2023-06-23,P104,S3,140,5180,0,0
2023-06-23,P105,S1,118,4484,0,0
2023-06-23,P105,S2,122,4270,0,0
2023-06-23,P105,S3,116,2552,1,0
2023-06-24,P101,S1,131,2751,0,0
2023-06-24,P101,S2,140,2940,1,0
2023-06-24,P101,S3,141,3102,1,0
2023-06-24,P102,S1,131,5240,0,0
2023-06-24,P102,S2,157,5966,1,0
2023-06-24,P102,S3,145,5220,1,0
2023-06-24,P103,S1,113,2599,0,0
2023-06-24,P103,S2,143,6149,0,0
2023-06-24,P103,S3,125,4625,0,0
2023-06-24,P104,S1,125,4000,0,0
2023-06-24,P104,S2,125,5625,1,0
2023-06-24,P104,S3,137,4795,0,0
2023-06-24,P105,S1,136,6664,0,0
2023-06-24,P105,S2,129,3612,0,0
2023-06-24,P105,S3,142,2840,1,0
2023-06-25,P101,S1,123,6027,0,1
2023-06-25,P101,S2,152,6384,0,1
2023-06-25,P101,S3,120,5040,1,1
2023-06-25,P102,S1,121,5566,1,1
2023-06-25,P102,S2,119,4879,0,1
2023-06-25,P102,S3,119,4879,0,1
2023-06-25,P103,S1,151,7248,0,1
2023-06-25,P103,S2,166,5478,1,1
2023-06-25,P103,S3,143,6006,0,1
2023-06-25,P104,S1,106,2332,0,1
2023-06-25,P104,S2,145,3335,1,1
2023-06-25,P104,S3,142,6390,0,1
2023-06-25,P105,S1,137,4932,1,1
2023-06-25,P105,S2,144,5184,0,1
2023-06-25,P105,S3,94,2256,0,1
2023-06-26,P101,S1,99,4653,0,0
2023-06-26,P101,S2,128,4992,1,0
2023-06-26,P101,S3,101,3131,1,0
2023-06-26,P102,S1,127,3048,1,0
2023-06-26,P102,S2,124,3472,0,0
2023-06-26,P102,S3,117,4329,0,0
2023-06-26,P103,S1,114,3192,1,0
2023-06-26,P103,S2,108,3672,0,0
2023-06-26,P103,S3,112,4480,1,0
2023-06-26,P104,S1,111,4995,1,0
2023-06-26,P104,S2,105,3570,1,0
2023-06-26,P104,S3,110,3080,0,0
2023-06-26,P105,S1,123,3567,0,0
2023-06-26,P105,S2,85,3825,0,0
2023-06-26,P105,S3,95,2565,0,0
2023-06-27,P101,S1,129,6321,1,0
2023-06-27,P101,S2,99,3564,0,0
2023-06-27,P101,S3,106,2862,0,0
2023-06-27,P102,S1,120,4800,0,0
2023-06-27,P102,S2,101,3030,1,0
2023-06-27,P102,S3,125,4375,0,0
2023-06-27,P103,S1,120,5760,1,0
2023-06-27,P103,S2,115,3105,0,0
2023-06-27,P103,S3,126,5040,0,0
2023-06-27,P104,S1,102,4692,0,0
2023-06-27,P104,S2,75,1800,0,0
2023-06-27,P104,S3,83,3984,0,0
2023-06-27,P105,S1,125,5875,0,0
2023-06-27,P105,S2,112,5376,0,0
2023-06-27,P105,S3,102,3672,1,0
2023-06-28,P101,S1,118,5192,1,0
2023-06-28,P101,S2,124,2852,0,0
2023-06-28,P101,S3,98,3332,0,0
2023-06-28,P102,S1,101,2828,0,0
2023-06-28,P102,S2,116,3248,0,0
2023-06-28,P102,S3,101,3838,0,0
2023-06-28,P103,S1,116,4176,0,0
2023-06-28,P103,S2,122,4270,0,0
2023-06-28,P103,S3,105,3570,0,0
2023-06-28,P104,S1,123,2952,0,0
2023-06-28,P104,S2,88,2552,0,0
2023-06-28,P104,S3,103,4326,0,0
2023-06-28,P105,S1,105,2205,0,0
2023-06-28,P105,S2,93,4185,0,0
2023-06-28,P105,S3,96,4512,1,0
2023-06-29,P101,S1,130,5980,0,0
2023-06-29,P101,S2,116,5684,0,0
2023-06-29,P101,S3,129,2709,0,0
2023-06-29,P102,S1,128,5376,0,0
2023-06-29,P102,S2,109,3815,0,0
2023-06-29,P102,S3,82,1722,0,0
2023-06-29,P103,S1,111,3885,0,0
2023-06-29,P103,S2,122,4514,0,0
2023-06-29,P103,S3,117,3744,0,0
2023-06-29,P104,S1,121,3146,0,0
2023-06-29,P104,S2,120,2400,0,0
2023-06-29,P104,S3,112,2240,0,0
2023-06-29,P105,S1,119,2975,0,0
2023-06-29,P105,S2,102,3978,0,0
2023-06-29,P105,S3,122,4880,0,0
2023-06-30,P101,S1,118,2714,0,0
2023-06-30,P101,S2,108,3024,1,0
2023-06-30,P101,S3,121,5929,0,0
2023-06-30,P102,S1,116,3712,1,0
2023-06-30,P102,S2,96,4704,0,0
2023-06-30,P102,S3,113,3842,0,0
2023-06-30,P103,S1,96,4224,0,0
2023-06-30,P103,S2,143,5863,1,0
2023-06-30,P103,S3,111,4440,1,0
2023-06-30,P104,S1,125,4250,1,0
2023-06-30,P104,S2,116,3944,0,0
2023-06-30,P104,S3,86,3698,0,0
2023-06-30,P105,S1,98,3430,0,0
2023-06-30,P105,S2,126,3780,1,0
2023-06-30,P105,S3,106,5194,0,0
2023-07-01,P101,S1,128,4352,0,0
2023-07-01,P101,S2,149,4172,0,0
2023-07-01,P101,S3,130,3770,1,0
2023-07-01,P102,S1,106,3710,0,0
2023-07-01,P102,S2,117,4329,0,0
2023-07-01,P102,S3,116,5336,1,0
2023-07-01,P103,S1,140,6860,0,0
2023-07-01,P103,S2,151,6040,0,0
2023-07-01,P103,S3,157,7379,0,0
2023-07-01,P104,S1,144,4032,0,0
2023-07-01,P104,S2,148,3404,1,0
2023-07-01,P104,S3,145,3770,1,0
2023-07-01,P105,S1,124,3720,0,0
2023-07-01,P105,S2,145,5220,1,0
2023-07-01,P105,S3,139,3336,1,0
2023-07-02,P101,S1,121,3751,0,1
2023-07-02,P101,S2,127,4445,0,1
2023-07-02,P101,S3,138,5106,0,1
2023-07-02,P102,S1,143,3575,0,1
2023-07-02,P102,S2,134,4288,0,1
2023-07-02,P102,S3,139,3058,1,1
2023-07-02,P103,S1,125,2625,0,1
2023-07-02,P103,S2,165,5280,0,1
2023-07-02,P103,S3,151,5738,0,1
2023-07-02,P104,S1,129,4902,0,1
2023-07-02,P104,S2,128,3840,0,1
2023-07-02,P104,S3,122,4392,0,1
2023-07-02,P105,S1,116,3248,0,1
2023-07-02,P105,S2,159,6360,0,1
2023-07-02,P105,S3,142,5822,0,1
2023-07-03,P101,S1,97,2231,0,0
2023-07-03,P101,S2,94,2444,1,0
2023-07-03,P101,S3,127,5334,0,0
2023-07-03,P102,S1,91,2912,0,0
2023-07-03,P102,S2,76,1520,1,0
2023-07-03,P102,S3,118,5782,0,0
2023-07-03,P103,S1,139,4726,0,0
2023-07-03,P103,S2,125,5375,1,0
2023-07-03,P103,S3,92,4324,0,0
2023-07-03,P104,S1,119,2618,0,0
2023-07-03,P104,S2,131,4847,0,0
2023-07-03,P104,S3,92,3128,0,0
2023-07-03,P105,S1,120,3960,0,0
2023-07-03,P105,S2,101,4343,1,0
2023-07-03,P105,S3,140,5600,1,0
2023-07-04,P101,S1,113,2825,1,0
2023-07-04,P101,S2,137,4110,0,0
2023-07-04,P101,S3,135,4185,0,0
2023-07-04,P102,S1,95,1995,0,0
2023-07-04,P102,S2,122,5002,0,0
2023-07-04,P102,S3,122,5734,0,0
2023-07-04,P103,S1,132,4488,0,0
2023-07-04,P103,S2,107,4601,1,0
2023-07-04,P103,S3,110,2640,0,0
2023-07-04,P104,S1,119,4284,1,0
2023-07-04,P104,S2,109,4578,0,0
2023-07-04,P104,S3,139,3892,0,0
2023-07-04,P105,S1,110,4180,0,0
2023-07-04,P105,S2,134,3618,0,0
2023-07-04,P105,S3,130,5330,0,0
2023-07-05,P101,S1,148,6956,0,0
2023-07-05,P101,S2,141,5640,0,0
2023-07-05,P101,S3,108,2376,0,0
2023-07-05,P102,S1,76,2964,1,0
2023-07-05,P102,S2,102,3876,0,0
2023-07-05,P102,S3,93,4557,1,0
2023-07-05,P103,S1,110,5170,0,0
2023-07-05,P103,S2,122,5856,1,0
2023-07-05,P103,S3,108,3564,1,0
2023-07-05,P104,S1,116,3480,0,0
2023-07-05,P104,S2,105,4515,1,0
2023-07-05,P104,S3,115,5520,0,0
2023-07-05,P105,S1,112,5376,0,0
2023-07-05,P105,S2,111,3219,1,0
2023-07-05,P105,S3,63,1512,0,0
2023-07-06,P101,S1,133,3857,1,0
2023-07-06,P101,S2,129,4902,1,0
2023-07-06,P101,S3,104,4264,1,0
2023-07-06,P102,S1,126,4158,0,0
2023-07-06,P102,S2,117,3276,1,0
2023-07-06,P102,S3,127,6096,0,0
2023-07-06,P103,S1,100,3400,0,0
2023-07-06,P103,S2,112,4144,0,0
2023-07-06,P103,S3,125,3875,0,0
2023-07-06,P104,S1,74,2960,0,0
2023-07-06,P104,S2,124,4216,1,0
2023-07-06,P104,S3,139,3614,1,0
2023-07-06,P105,S1,109,2289,0,0
2023-07-06,P105,S2,93,2511,0,0
2023-07-06,P105,S3,106,3074,0,0
2023-07-07,P101,S1,117,2574,0,0
2023-07-07,P101,S2,103,3914,0,0
2023-07-07,P101,S3,128,4736,0,0
2023-07-07,P102,S1,127,5461,0,0
2023-07-07,P102,S2,101,3030,0,0
2023-07-07,P102,S3,120,4200,0,0
2023-07-07,P103,S1,78,2886,0,0
2023-07-07,P103,S2,113,4633,0,0
2023-07-07,P103,S3,99,3861,1,0
2023-07-07,P104,S1,141,5499,0,0
2023-07-07,P104,S2,105,3255,0,0
2023-07-07,P104,S3,112,2240,0,0
2023-07-07,P105,S1,113,4068,0,0
2023-07-07,P105,S2,93,2883,0,0
2023-07-07,P105,S3,140,6160,1,0
2023-07-08,P101,S1,129,3999,1,0
2023-07-08,P101,S2,146,4088,0,0
2023-07-08,P101,S3,129,3096,1,0
2023-07-08,P102,S1,128,4480,0,0
2023-07-08,P102,S2,127,6096,0,0
2023-07-08,P102,S3,122,2562,1,0
2023-07-08,P103,S1,126,3654,0,0
2023-07-08,P103,S2,96,2880,0,0
2023-07-08,P103,S3,107,4601,0,0
2023-07-08,P104,S1,142,3124,0,0
2023-07-08,P104,S2,156,5772,1,0
2023-07-08,P104,S3,139,5004,0,0
2023-07-08,P105,S1,110,3740,1,0
2023-07-08,P105,S2,149,5364,0,0
2023-07-08,P105,S3,168,5712,1,0
2023-07-09,P101,S1,139,4309,0,1
2023-07-09,P101,S2,130,6370,0,1
2023-07-09,P101,S3,132,5544,0,1
2023-07-09,P102,S1,142,5538,0,1
2023-07-09,P102,S2,167,5511,0,1
2023-07-09,P102,S3,130,5590,0,1
2023-07-09,P103,S1,130,6110,0,1
2023-07-09,P103,S2,126,2898,0,1
2023-07-09,P103,S3,137,2740,1,1
2023-07-09,P104,S1,133,2926,0,1
2023-07-09,P104,S2,135,3510,0,1
2023-07-09,P104,S3,131,3537,0,1
2023-07-09,P105,S1,135,5535,0,1
2023-07-09,P105,S2,120,4680,1,1
2023-07-09,P105,S3,179,5191,0,1
2023-07-10,P101,S1,103,4120,0,0
2023-07-10,P101,S2,124,3224,0,0
2023-07-10,P101,S3,122,3782,0,0
2023-07-10,P102,S1,109,4360,0,0
2023-07-10,P102,S2,117,2691,1,0
2023-07-10,P102,S3,99,3168,0,0
2023-07-10,P103,S1,112,4480,0,0
2023-07-10,P103,S2,143,6721,1,0
2023-07-10,P103,S3,88,2640,0,0
2023-07-10,P104,S1,107,3424,0,0
2023-07-10,P104,S2,94,3948,1,0
2023-07-10,P104,S3,98,4704,0,0
2023-07-10,P105,S1,120,3000,0,0
2023-07-10,P105,S2,81,2754,1,0
2023-07-10,P105,S3,111,3108,0,0
2023-07-11,P101,S1,131,4978,1,0
2023-07-11,P101,S2,117,2691,0,0
2023-07-11,P101,S3,100,2200,0,0
2023-07-11,P102,S1,99,4059,0,0
2023-07-11,P102,S2,78,3510,0,0
2023-07-11,P102,S3,108,3888,1,0
2023-07-11,P103,S1,113,4407,0,0
2023-07-11,P103,S2,110,4400,1,0
2023-07-11,P103,S3,113,3277,1,0
2023-07-11,P104,S1,118,5546,0,0
2023-07-11,P104,S2,125,3625,0,0
2023-07-11,P104,S3,121,2783,0,0
2023-07-11,P105,S1,110,2970,1,0
2023-07-11,P105,S2,74,3182,0,0
2023-07-11,P105,S3,133,4389,0,0
2023-07-12,P101,S1,115,2645,0,0
2023-07-12,P101,S2,104,4784,0,0
2023-07-12,P101,S3,129,3096,0,0
2023-07-12,P102,S1,139,3197,1,0
2023-07-12,P102,S2,123,3444,0,0
2023-07-12,P102,S3,83,1660,0,0
2023-07-12,P103,S1,136,5576,1,0
2023-07-12,P103,S2,115,3220,0,0
2023-07-12,P103,S3,115,5175,0,0
2023-07-12,P104,S1,114,5586,1,0
2023-07-12,P104,S2,113,5198,0,0
2023-07-12,P104,S3,140,4480,1,0
2023-07-12,P105,S1,101,4343,0,0
2023-07-12,P105,S2,116,3364,1,0
2023-07-12,P105,S3,114,2280,1,0
2023-07-13,P101,S1,117,4914,1,0
2023-07-13,P101,S2,130,4810,1,0
2023-07-13,P101,S3,132,3564,0,0
2023-07-13,P102,S1,98,2352,1,0
2023-07-13,P102,S2,104,2288,0,0
2023-07-13,P102,S3,125,4375,0,0
2023-07-13,P103,S1,143,5720,1,0
2023-07-13,P103,S2,119,3213,1,0
2023-07-13,P103,S3,85,3315,0,0
2023-07-13,P104,S1,80,1600,1,0
2023-07-13,P104,S2,158,6478,0,0
2023-07-13,P104,S3,132,4092,1,0
2023-07-13,P105,S1,117,2808,0,0
2023-07-13,P105,S2,121,4114,1,0
2023-07-13,P105,S3,107,3852,0,0
2023-07-14,P101,S1,138,3174,0,0
2023-07-14,P101,S2,127,5588,1,0
2023-07-14,P101,S3,105,4410,0,0
2023-07-14,P102,S1,131,4716,0,0
2023-07-14,P102,S2,121,4235,0,0
2023-07-14,P102,S3,112,2800,0,0
2023-07-14,P103,S1,140,6160,1,0
2023-07-14,P103,S2,122,4636,0,0
2023-07-14,P103,S3,110,4730,0,0
2023-07-14,P104,S1,136,5168,1,0
2023-07-14,P104,S2,94,2632,0,0
2023-07-14,P104,S3,145,5075,0,0
2023-07-14,P105,S1,121,5929,1,0
2023-07-14,P105,S2,119,3570,0,0
2023-07-14,P105,S3,111,4329,0,0
2023-07-15,P101,S1,172,7052,0,0
2023-07-15,P101,S2,158,5372,0,0
2023-07-15,P101,S3,140,3080,0,0
2023-07-15,P102,S1,132,2904,0,0
2023-07-15,P102,S2,151,6795,0,0
2023-07-15,P102,S3,131,5633,0,0
2023-07-15,P103,S1,123,5412,0,0
2023-07-15,P103,S2,143,6292,0,0
2023-07-15,P103,S3,129,3870,1,0
2023-07-15,P104,S1,121,3630,0,0
2023-07-15,P104,S2,136,5712,0,0
2023-07-15,P104,S3,134,6164,0,0
2023-07-15,P105,S1,141,5640,0,0
2023-07-15,P105,S2,109,2398,1,0
2023-07-15,P105,S3,131,3275,1,0
2023-07-16,P101,S1,138,2760,0,1
2023-07-16,P101,S2,128,4736,0,1
2023-07-16,P101,S3,157,5338,0,1
2023-07-16,P102,S1,134,3350,0,1
2023-07-16,P102,S2,134,6030,0,1
2023-07-16,P102,S3,134,3350,0,1
2023-07-16,P103,S1,122,4392,0,1
2023-07-16,P103,S2,125,5625,1,1
2023-07-16,P103,S3,116,2552,0,1
2023-07-16,P104,S1,143,3146,0,1
2023-07-16,P104,S2,133,5852,0,1
2023-07-16,P104,S3,121,5082,1,1
2023-07-16,P105,S1,138,3312,0,1
2023-07-16,P105,S2,102,3672,0,1
2023-07-16,P105,S3,102,4590,1,1
2023-07-17,P101,S1,104,3120,0,0
2023-07-17,P101,S2,111,2442,1,0
2023-07-17,P101,S3,113,3503,0,0
2023-07-17,P102,S1,121,4840,0,0
2023-07-17,P102,S2,147,6027,0,0
2023-07-17,P102,S3,85,3230,1,0
2023-07-17,P103,S1,130,5200,0,0
2023-07-17,P103,S2,116,3132,1,0
2023-07-17,P103,S3,118,5192,0,0
2023-07-17,P104,S1,100,3700,1,0
2023-07-17,P104,S2,128,5888,0,0
2023-07-17,P104,S3,105,2310,0,0
2023-07-17,P105,S1,106,4240,0,0
2023-07-17,P105,S2,123,5412,0,0
2023-07-17,P105,S3,108,3348,1,0
2023-07-18,P101,S1,112,3472,0,0
2023-07-18,P101,S2,114,3990,1,0
2023-07-18,P101,S3,131,5895,0,0
2023-07-18,P102,S1,136,2720,1,0
2023-07-18,P102,S2,113,5311,0,0
2023-07-18,P102,S3,88,2904,0,0
2023-07-18,P103,S1,105,3255,0,0
2023-07-18,P103,S2,88,3520,1,0
2023-07-18,P103,S3,128,3584,0,0
2023-07-18,P104,S1,103,3811,1,0
2023-07-18,P104,S2,113,4407,0,0
2023-07-18,P104,S3,120,4440,0,0
2023-07-18,P105,S1,114,4332,1,0
2023-07-18,P105,S2,121,4961,0,0
2023-07-18,P105,S3,118,5310,0,0
2023-07-19,P101,S1,112,2688,1,0
2023-07-19,P101,S2,117,5148,0,0
2023-07-19,P101,S3,112,3584,0,0
2023-07-19,P102,S1,113,3842,1,0
2023-07-19,P102,S2,119,3927,1,0
2023-07-19,P102,S3,116,4872,0,0
2023-07-19,P103,S1,104,4056,0,0
2023-07-19,P103,S2,98,3038,0,0
2023-07-19,P103,S3,101,2828,0,0
2023-07-19,P104,S1,109,3706,0,0
2023-07-19,P104,S2,109,4251,0,0
2023-07-19,P104,S3,124,3472,1,0
2023-07-19,P105,S1,107,4708,0,0
2023-07-19,P105,S2,133,6118,0,0
2023-07-19,P105,S3,98,4214,0,0
2023-07-20,P101,S1,103,4944,0,0
2023-07-20,P101,S2,131,6026,0,0
2023-07-20,P101,S3,118,4956,0,0
2023-07-20,P102,S1,111,4773,0,0
2023-07-20,P102,S2,112,3920,0,0
2023-07-20,P102,S3,102,4284,1,0
2023-07-20,P103,S1,102,3366,0,0
2023-07-20,P103,S2,108,4968,1,0
2023-07-20,P103,S3,126,6174,0,0
2023-07-20,P104,S1,135,5535,1,0
2023-07-20,P104,S2,97,4365,1,0
2023-07-20,P104,S3,115,2760,0,0
2023-07-20,P105,S1,99,2079,1,0
2023-07-20,P105,S2,118,4248,0,0
2023-07-20,P105,S3,119,3808,1,0
2023-07-21,P101,S1,108,2484,0,0
2023-07-21,P101,S2,139,3058,0,0
2023-07-21,P101,S3,111,4329,0,0
2023-07-21,P102,S1,80,1920,1,0
2023-07-21,P102,S2,130,4550,1,0
2023-07-21,P102,S3,77,2156,0,0
2023-07-21,P103,S1,104,2600,0,0
2023-07-21,P103,S2,111,5217,1,0
2023-07-21,P103,S3,128,5376,1,0
2023-07-21,P104,S1,87,2784,0,0
2023-07-21,P104,S2,105,2835,0,0
2023-07-21,P104,S3,134,6432,0,0
2023-07-21,P105,S1,121,2783,0,0
2023-07-21,P105,S2,123,2706,1,0
2023-07-21,P105,S3,103,4635,0,0
2023-07-22,P101,S1,132,4224,0,0
2023-07-22,P101,S2,108,4104,0,0
2023-07-22,P101,S3,145,5075,0,0
2023-07-22,P102,S1,138,5382,0,0
2023-07-22,P102,S2,139,5977,0,0
2023-07-22,P102,S3,140,3640,0,0
2023-07-22,P103,S1,140,6860,0,0
2023-07-22,P103,S2,134,4958,0,0
2023-07-22,P103,S3,133,6384,0,0
2023-07-22,P104,S1,111,3774,0,0
2023-07-22,P104,S2,141,5358,1,0
2023-07-22,P104,S3,149,4470,0,0
2023-07-22,P105,S1,104,2080,0,0
2023-07-22,P105,S2,127,6223,0,0
2023-07-22,P105,S3,150,4650,1,0
2023-07-23,P101,S1,159,4293,0,1
2023-07-23,P101,S2,127,5334,1,1
2023-07-23,P101,S3,148,4736,0,1
2023-07-23,P102,S1,156,6084,0,1
2023-07-23,P102,S2,129,3999,0,1
2023-07-23,P102,S3,145,5800,0,1
2023-07-23,P103,S1,129,2838,0,1
2023-07-23,P103,S2,153,7038,0,1
2023-07-23,P103,S3,156,7020,1,1
2023-07-23,P104,S1,110,4510,1,1
2023-07-23,P104,S2,140,3920,0,1
2023-07-23,P104,S3,136,3672,0,1
2023-07-23,P105,S1,135,6615,1,1
2023-07-23,P105,S2,117,4212,1,1
2023-07-23,P105,S3,128,5248,0,1
2023-07-24,P101,S1,102,4182,0,0
2023-07-24,P101,S2,91,3458,0,0
2023-07-24,P101,S3,118,2950,0,0
2023-07-24,P102,S1,127,4699,0,0
2023-07-24,P102,S2,110,4950,1,0
2023-07-24,P102,S3,123,5535,0,0
2023-07-24,P103,S1,121,4840,0,0
2023-07-24,P103,S2,124,3844,0,0
2023-07-24,P103,S3,87,2784,0,0
2023-07-24,P104,S1,109,4360,0,0
2023-07-24,P104,S2,112,2464,0,0
2023-07-24,P104,S3,124,5828,0,0
2023-07-24,P105,S1,128,5888,1,0
2023-07-24,P105,S2,85,3060,0,0
2023-07-24,P105,S3,110,4400,0,0
2023-07-25,P101,S1,121,5324,0,0
2023-07-25,P101,S2,97,2716,0,0
2023-07-25,P101,S3,92,3772,0,0
2023-07-25,P102,S1,109,4360,0,0
2023-07-25,P102,S2,115,4945,1,0
2023-07-25,P102,S3,110,4950,0,0
2023-07-25,P103,S1,128,4352,1,0
2023-07-25,P103,S2,94,2538,0,0
2023-07-25,P103,S3,114,2622,1,0
2023-07-25,P104,S1,114,4446,0,0
2023-07-25,P104,S2,126,4158,0,0
2023-07-25,P104,S3,132,6204,0,0
2023-07-25,P105,S1,126,3906,0,0
2023-07-25,P105,S2,117,5616,1,0
2023-07-25,P105,S3,103,2472,1,0
2023-07-26,P101,S1,113,4181,1,0
2023-07-26,P101,S2,124,3844,0,0
2023-07-26,P101,S3,132,4224,0,0
2023-07-26,P102,S1,120,4080,0,0
2023-07-26,P102,S2,83,2490,0,0
2023-07-26,P102,S3,97,2231,0,0
2023-07-26,P103,S1,131,4061,0,0
2023-07-26,P103,S2,103,3708,0,0
2023-07-26,P103,S3,104,3848,1,0
2023-07-26,P104,S1,98,4312,0,0
2023-07-26,P104,S2,131,3537,0,0
2023-07-26,P104,S3,109,2507,0,0
2023-07-26,P105,S1,109,2943,0,0
2023-07-26,P105,S2,122,2562,1,0
2023-07-26,P105,S3,113,4520,1,0
2023-07-27,P101,S1,80,1600,0,0
2023-07-27,P101,S2,122,3660,0,0
2023-07-27,P101,S3,88,2728,0,0
2023-07-27,P102,S1,107,4066,0,0
2023-07-27,P102,S2,114,2280,0,0
2023-07-27,P102,S3,123,3690,1,0
2023-07-27,P103,S1,115,4600,1,0
2023-07-27,P103,S2,107,3210,0,0
2023-07-27,P103,S3,141,5499,1,0
2023-07-27,P104,S1,112,3920,0,0
2023-07-27,P104,S2,103,2472,0,0
2023-07-27,P104,S3,137,3014,0,0
2023-07-27,P105,S1,119,5831,1,0
2023-07-27,P105,S2,98,2940,1,0
2023-07-27,P105,S3,117,2340,0,0
2023-07-28,P101,S1,128,4096,0,0
2023-07-28,P101,S2,86,3440,0,0
2023-07-28,P101,S3,101,3535,0,0
2023-07-28,P102,S1,136,2720,1,0
2023-07-28,P102,S2,109,2616,1,0
2023-07-28,P102,S3,100,3300,0,0
2023-07-28,P103,S1,101,4848,0,0
2023-07-28,P103,S2,90,2250,0,0
2023-07-28,P103,S3,134,6164,0,0
2023-07-28,P104,S1,101,4949,0,0
2023-07-28,P104,S2,126,4788,0,0
2023-07-28,P104,S3,103,2369,0,0
2023-07-28,P105,S1,104,3432,0,0
2023-07-28,P105,S2,128,5760,0,0
2023-07-28,P105,S3,93,2232,0,0
2023-07-29,P101,S1,118,3776,1,0
2023-07-29,P101,S2,163,3912,1,0
2023-07-29,P101,S3,138,5796,0,0
2023-07-29,P102,S1,132,2904,0,0
2023-07-29,P102,S2,141,4794,1,0
2023-07-29,P102,S3,109,3597,0,0
2023-07-29,P103,S1,132,5016,0,0
2023-07-29,P103,S2,146,4380,0,0
2023-07-29,P103,S3,111,2775,1,0
2023-07-29,P104,S1,141,6345,1,0
2023-07-29,P104,S2,146,5402,1,0
2023-07-29,P104,S3,106,2120,0,0
2023-07-29,P105,S1,121,5566,0,0
2023-07-29,P105,S2,135,5265,1,0
2023-07-29,P105,S3,141,6204,1,0
2023-07-30,P101,S1,170,7480,0,1
2023-07-30,P101,S2,142,6532,1,1
2023-07-30,P101,S3,136,5032,0,1
2023-07-30,P102,S1,140,3780,0,1
2023-07-30,P102,S2,126,5544,1,1
2023-07-30,P102,S3,138,3450,1,1
2023-07-30,P103,S1,138,3726,1,1
2023-07-30,P103,S2,126,5796,0,1
2023-07-30,P103,S3,150,6900,1,1
2023-07-30,P104,S1,116,4640,0,1
2023-07-30,P104,S2,134,4958,1,1
2023-07-30,P104,S3,155,6665,0,1
2023-07-30,P105,S1,145,6380,0,1
2023-07-30,P105,S2,122,3172,0,1
2023-07-30,P105,S3,129,4386,1,1
2023-07-31,P101,S1,93,4371,1,0
2023-07-31,P101,S2,110,3520,1,0
2023-07-31,P101,S3,97,3783,0,0
2023-07-31,P102,S1,96,2400,1,0
2023-07-31,P102,S2,87,3915,0,0
2023-07-31,P102,S3,99,2772,0,0
2023-07-31,P103,S1,123,2952,0,0
2023-07-31,P103,S2,105,4725,0,0
2023-07-31,P103,S3,116,3248,0,0
2023-07-31,P104,S1,120,3960,0,0
2023-07-31,P104,S2,105,4515,0,0
2023-07-31,P104,S3,93,2883,1,0
2023-07-31,P105,S1,134,5762,0,0
2023-07-31,P105,S2,100,2300,0,0
2023-07-31,P105,S3,135,4185,1,0
2023-08-01,P101,S1,134,6164,0,0
2023-08-01,P101,S2,87,2262,1,0
2023-08-01,P101,S3,126,5922,0,0
2023-08-01,P102,S1,128,2560,0,0
2023-08-01,P102,S2,126,5418,1,0
2023-08-01,P102,S3,112,4032,0,0
2023-08-01,P103,S1,95,2850,1,0
2023-08-01,P103,S2,135,5130,1,0
2023-08-01,P103,S3,121,5808,0,0
2023-08-01,P104,S1,142,6532,0,0
2023-08-01,P104,S2,137,3973,0,0
2023-08-01,P104,S3,126,4788,0,0
2023-08-01,P105,S1,87,2871,0,0
2023-08-01,P105,S2,135,4455,0,0
2023-08-01,P105,S3,107,3745,0,0
2023-08-02,P101,S1,127,3048,0,0
2023-08-02,P101,S2,89,4361,0,0
2023-08-02,P101,S3,93,2976,0,0
2023-08-02,P102,S1,118,2714,1,0
2023-08-02,P102,S2,142,6390,0,0
2023-08-02,P102,S3,102,4998,0,0
2023-08-02,P103,S1,92,3312,1,0
2023-08-02,P103,S2,97,3686,0,0
2023-08-02,P103,S3,124,6076,0,0
2023-08-02,P104,S1,146,3358,0,0
2023-08-02,P104,S2,120,5400,1,0
2023-08-02,P104,S3,119,4998,0,0
2023-08-02,P105,S1,104,2496,1,0
2023-08-02,P105,S2,99,2277,0,0
2023-08-02,P105,S3,139,5560,1,0
2023-08-03,P101,S1,131,5109,0,0
2023-08-03,P101,S2,134,5360,0,0
2023-08-03,P101,S3,124,5084,0,0
2023-08-03,P102,S1,108,2700,1,0
2023-08-03,P102,S2,145,5075,0,0
2023-08-03,P102,S3,97,2231,0,0
2023-08-03,P103,S1,120,5280,0,0
2023-08-03,P103,S2,101,2929,1,0
2023-08-03,P103,S3,128,6144,1,0
2023-08-03,P104,S1,127,3683,0,0
2023-08-03,P104,S2,123,5289,0,0
2023-08-03,P104,S3,118,4720,0,0
2023-08-03,P105,S1,110,2860,1,0
2023-08-03,P105,S2,108,3024,1,0
2023-08-03,P105,S3,114,4560,1,0
2023-08-04,P101,S1,94,2162,0,0
2023-08-04,P101,S2,122,4514,0,0
2023-08-04,P101,S3,114,3876,0,0
2023-08-04,P102,S1,133,6118,1,0
2023-08-04,P102,S2,124,4464,0,0
2023-08-04,P102,S3,118,2950,1,0
2023-08-04,P103,S1,130,3250,0,0
2023-08-04,P103,S2,134,5092,0,0
2023-08-04,P103,S3,113,4746,1,0
2023-08-04,P104,S1,99,3366,1,0
2023-08-04,P104,S2,114,2964,0,0
2023-08-04,P104,S3,113,3164,1,0
2023-08-04,P105,S1,93,3069,0,0
2023-08-04,P105,S2,107,3210,1,0
2023-08-04,P105,S3,137,4110,0,0
2023-08-05,P101,S1,138,4968,0,0
2023-08-05,P101,S2,148,6216,0,0
2023-08-05,P101,S3,146,6424,0,0
2023-08-05,P102,S1,142,2840,0,0
2023-08-05,P102,S2,145,3335,1,0
2023-08-05,P102,S3,154,5852,0,0
2023-08-05,P103,S1,133,3990,1,0
2023-08-05,P103,S2,138,4830,0,0
2023-08-05,P103,S3,133,3990,0,0
2023-08-05,P104,S1,132,5940,0,0
2023-08-05,P104,S2,124,5084,0,0
2023-08-05,P104,S3,154,7238,0,0
2023-08-05,P105,S1,133,5054,1,0
2023-08-05,P105,S2,148,6808,0,0
2023-08-05,P105,S3,137,4795,1,0
2023-08-06,P101,S1,141,4089,0,1
2023-08-06,P101,S2,138,3450,1,1
2023-08-06,P101,S3,121,4840,0,1
2023-08-06,P102,S1,146,3504,0,1
2023-08-06,P102,S2,125,5375,1,1
2023-08-06,P102,S3,157,4553,0,1
2023-08-06,P103,S1,167,7515,0,1
2023-08-06,P103,S2,166,6308,1,1
2023-08-06,P103,S3,140,5740,0,1
2023-08-06,P104,S1,146,4526,1,1
2023-08-06,P104,S2,137,3699,0,1
2023-08-06,P104,S3,145,6380,0,1
2023-08-06,P105,S1,153,6732,0,1
2023-08-06,P105,S2,143,4433,0,1
2023-08-06,P105,S3,117,4914,1,1
2023-08-07,P101,S1,104,2392,1,0
2023-08-07,P101,S2,153,4437,1,0
2023-08-07,P101,S3,112,3472,0,0
2023-08-07,P102,S1,96,4128,1,0
2023-08-07,P102,S2,131,4192,0,0
2023-08-07,P102,S3,125,5250,0,0
2023-08-07,P103,S1,115,5405,1,0
2023-08-07,P103,S2,132,6468,0,0
2023-08-07,P103,S3,108,5292,0,0
2023-08-07,P104,S1,133,4389,1,0
2023-08-07,P104,S2,114,3306,0,0
2023-08-07,P104,S3,109,3706,0,0
2023-08-07,P105,S1,92,3220,1,0
2023-08-07,P105,S2,132,4092,1,0
2023-08-07,P105,S3,108,2160,0,0
2023-08-08,P101,S1,109,5014,1,0
2023-08-08,P101,S2,135,4455,0,0
2023-08-08,P101,S3,95,2850,0,0
2023-08-08,P102,S1,130,4680,0,0
2023-08-08,P102,S2,134,5226,0,0
2023-08-08,P102,S3,111,3219,1,0
2023-08-08,P103,S1,132,3168,1,0
2023-08-08,P103,S2,100,4300,0,0
2023-08-08,P103,S3,105,4095,1,0
2023-08-08,P104,S1,93,4557,1,0
2023-08-08,P104,S2,129,5160,0,0
2023-08-08,P104,S3,109,5232,0,0
2023-08-08,P105,S1,113,5085,0,0
2023-08-08,P105,S2,106,3286,1,0
2023-08-08,P105,S3,113,4407,0,0
2023-08-09,P101,S1,114,2964,0,0
2023-08-09,P101,S2,128,3328,0,0
2023-08-09,P101,S3,119,4165,1,0
2023-08-09,P102,S1,100,3500,0,0
2023-08-09,P102,S2,117,4680,0,0
2023-08-09,P102,S3,99,2376,1,0
2023-08-09,P103,S1,93,4464,0,0
2023-08-09,P103,S2,94,2162,0,0
2023-08-09,P103,S3,110,4070,0,0
2023-08-09,P104,S1,126,4662,0,0
2023-08-09,P104,S2,108,4968,0,0
2023-08-09,P104,S3,112,4144,1,0
2023-08-09,P105,S1,121,5324,1,0
2023-08-09,P105,S2,132,2904,0,0
2023-08-09,P105,S3,112,2464,1,0
2023-08-10,P101,S1,98,2156,0,0
2023-08-10,P101,S2,100,4100,0,0
2023-08-10,P101,S3,135,6480,1,0
2023-08-10,P102,S1,121,4235,0,0
2023-08-10,P102,S2,122,4026,1,0
2023-08-10,P102,S3,116,2900,1,0
2023-08-10,P103,S1,110,3960,0,0
2023-08-10,P103,S2,120,5760,1,0
2023-08-10,P103,S3,125,3375,0,0
2023-08-10,P104,S1,103,2678,0,0
2023-08-10,P104,S2,148,6660,0,0
2023-08-10,P104,S3,120,3840,1,0
2023-08-10,P105,S1,123,3813,0,0
2023-08-10,P105,S2,103,4223,1,0
2023-08-10,P105,S3,115,4140,0,0
2023-08-11,P101,S1,109,4905,1,0
2023-08-11,P101,S2,124,3472,1,0
2023-08-11,P101,S3,115,5175,0,0
2023-08-11,P102,S1,112,3808,0,0
2023-08-11,P102,S2,95,2375,1,0
2023-08-11,P102,S3,111,2997,1,0
2023-08-11,P103,S1,136,4760,0,0
2023-08-11,P103,S2,126,3528,0,0
2023-08-11,P103,S3,118,3186,0,0
2023-08-11,P104,S1,108,4860,1,0
2023-08-11,P104,S2,130,2860,1,0
2023-08-11,P104,S3,120,4680,0,0
2023-08-11,P105,S1,122,4392,1,0
2023-08-11,P105,S2,141,5076,0,0
2023-08-11,P105,S3,120,5040,0,0
2023-08-12,P101,S1,126,2520,1,0
2023-08-12,P101,S2,124,3348,1,0
2023-08-12,P101,S3,132,5148,0,0
2023-08-12,P102,S1,136,5440,0,0
2023-08-12,P102,S2,146,5402,0,0
2023-08-12,P102,S3,133,6517,1,0
2023-08-12,P103,S1,127,4699,0,0
2023-08-12,P103,S2,136,5032,1,0
2023-08-12,P103,S3,136,4624,0,0
2023-08-12,P104,S1,120,2760,0,0
2023-08-12,P104,S2,128,3328,1,0
2023-08-12,P104,S3,124,5208,1,0
2023-08-12,P105,S1,124,2976,0,0
2023-08-12,P105,S2,101,3131,1,0
2023-08-12,P105,S3,124,4340,0,0
2023-08-13,P101,S1,153,3519,0,1
2023-08-13,P101,S2,123,5412,0,1
2023-08-13,P101,S3,126,2520,0,1
2023-08-13,P102,S1,116,3712,0,1
2023-08-13,P102,S2,122,5002,1,1
2023-08-13,P102,S3,144,5760,1,1
2023-08-13,P103,S1,121,2904,0,1
2023-08-13,P103,S2,136,2856,0,1
2023-08-13,P103,S3,132,2904,0,1
2023-08-13,P104,S1,131,4847,0,1
2023-08-13,P104,S2,161,5474,0,1
2023-08-13,P104,S3,161,5313,0,1
2023-08-13,P105,S1,150,7350,0,1
2023-08-13,P105,S2,126,4914,1,1
2023-08-13,P105,S3,155,4650,0,1
2023-08-14,P101,S1,112,3248,0,0
2023-08-14,P101,S2,141,6768,1,0
2023-08-14,P101,S3,116,3480,1,0
2023-08-14,P102,S1,132,5808,1,0
2023-08-14,P102,S2,135,4050,0,0
2023-08-14,P102,S3,124,4340,0,0
2023-08-14,P103,S1,89,2670,1,0
2023-08-14,P103,S2,134,5896,1,0
2023-08-14,P103,S3,92,2300,0,0
2023-08-14,P104,S1,126,2898,0,0
2023-08-14,P104,S2,117,4095,0,0
2023-08-14,P104,S3,101,3636,0,0
2023-08-14,P105,S1,106,2544,0,0
2023-08-14,P105,S2,114,5244,0,0
2023-08-14,P105,S3,132,4224,0,0
2023-08-15,P101,S1,117,4329,0,0
2023-08-15,P101,S2,133,4522,0,0
2023-08-15,P101,S3,126,3654,0,0
2023-08-15,P102,S1,123,5412,0,0
2023-08-15,P102,S2,110,3630,0,0
2023-08-15,P102,S3,157,7065,1,0
2023-08-15,P103,S1,130,3640,1,0
2023-08-15,P103,S2,115,2415,1,0
2023-08-15,P103,S3,101,2323,0,0
2023-08-15,P104,S1,139,5838,1,0
2023-08-15,P104,S2,123,3813,0,0
2023-08-15,P104,S3,111,2775,0,0
2023-08-15,P105,S1,113,5537,0,0
2023-08-15,P105,S2,114,3420,0,0
2023-08-15,P105,S3,116,2320,0,0
2023-08-16,P101,S1,133,6251,0,0
2023-08-16,P101,S2,105,3780,0,0
2023-08-16,P101,S3,117,5031,0,0
2023-08-16,P102,S1,122,5856,0,0
2023-08-16,P102,S2,100,2700,0,0
2023-08-16,P102,S3,119,2975,0,0
2023-08-16,P103,S1,125,3625,0,0
2023-08-16,P103,S2,128,4992,1,0
2023-08-16,P103,S3,114,5244,0,0
2023-08-16,P104,S1,90,3330,1,0
2023-08-16,P104,S2,87,3654,0,0
2023-08-16,P104,S3,147,6615,0,0
2023-08-16,P105,S1,101,4242,1,0
2023-08-16,P105,S2,125,5625,0,0
2023-08-16,P105,S3,110,4730,0,0
2023-08-17,P101,S1,116,2668,0,0
2023-08-17,P101,S2,129,5418,0,0
2023-08-17,P101,S3,123,4059,1,0
2023-08-17,P102,S1,106,2756,0,0
2023-08-17,P102,S2,144,6336,0,0
2023-08-17,P102,S3,119,3689,1,0
2023-08-17,P103,S1,136,3944,0,0
2023-08-17,P103,S2,114,4674,0,0
2023-08-17,P103,S3,87,2958,1,0
2023-08-17,P104,S1,138,6348,1,0
2023-08-17,P104,S2,126,2898,0,0
2023-08-17,P104,S3,112,3584,0,0
2023-08-17,P105,S1,129,5934,0,0
2023-08-17,P105,S2,93,2697,0,0
2023-08-17,P105,S3,101,3131,1,0
2023-08-18,P101,S1,117,5031,1,0
2023-08-18,P101,S2,159,6360,0,0
2023-08-18,P101,S3,116,4176,1,0
2023-08-18,P102,S1,147,4704,0,0
2023-08-18,P102,S2,108,4860,0,0
2023-08-18,P102,S3,132,4620,0,0
2023-08-18,P103,S1,101,4343,0,0
2023-08-18,P103,S2,118,2832,0,0
2023-08-18,P103,S3,122,4636,0,0
2023-08-18,P104,S1,97,3492,0,0
2023-08-18,P104,S2,116,5104,0,0
2023-08-18,P104,S3,123,3813,0,0
2023-08-18,P105,S1,110,4840,0,0
2023-08-18,P105,S2,114,4218,0,0
2023-08-18,P105,S3,130,5330,0,0
2023-08-19,P101,S1,139,4031,1,0
2023-08-19,P101,S2,125,5625,0,0
2023-08-19,P101,S3,165,7590,0,0
2023-08-19,P102,S1,140,6440,1,0
2023-08-19,P102,S2,109,2289,1,0
2023-08-19,P102,S3,140,5180,0,0
2023-08-19,P103,S1,156,5148,0,0
2023-08-19,P103,S2,145,3625,1,0
2023-08-19,P103,S3,171,4446,0,0
2023-08-19,P104,S1,134,3618,1,0
2023-08-19,P104,S2,127,4953,0,0
2023-08-19,P104,S3,125,3250,0,0
2023-08-19,P105,S1,172,8256,0,0
2023-08-19,P105,S2,133,5586,0,0
2023-08-19,P105,S3,141,3807,0,0
2023-08-20,P101,S1,159,7473,0,1
2023-08-20,P101,S2,129,5160,0,1
2023-08-20,P101,S3,147,6468,0,1
2023-08-20,P102,S1,132,3828,0,1
2023-08-20,P102,S2,144,6768,0,1
2023-08-20,P102,S3,127,4064,0,1
2023-08-20,P103,S1,155,5270,0,1
2023-08-20,P103,S2,115,4715,1,1
2023-08-20,P103,S3,141,4089,0,1
2023-08-20,P104,S1,159,4770,0,1
2023-08-20,P104,S2,146,5256,1,1
2023-08-20,P104,S3,169,7098,0,1
2023-08-20,P105,S1,132,2904,0,1
2023-08-20,P105,S2,114,4902,1,1
2023-08-20,P105,S3,151,6342,0,1
2023-08-21,P101,S1,121,3751,0,0
2023-08-21,P101,S2,117,4212,1,0
2023-08-21,P101,S3,111,4551,0,0
2023-08-21,P102,S1,109,2180,1,0
2023-08-21,P102,S2,149,6556,0,0
2023-08-21,P102,S3,116,3016,1,0
2023-08-21,P103,S1,86,2064,1,0
2023-08-21,P103,S2,131,5895,0,0
2023-08-21,P103,S3,116,4292,0,0
2023-08-21,P104,S1,102,3366,0,0
2023-08-21,P104,S2,122,2440,0,0
2023-08-21,P104,S3,97,2716,1,0
2023-08-21,P105,S1,126,3024,1,0
2023-08-21,P105,S2,138,3174,0,0
2023-08-21,P105,S3,103,2575,0,0
2023-08-22,P101,S1,134,4020,1,0
2023-08-22,P101,S2,117,3978,0,0
2023-08-22,P101,S3,121,5203,1,0
2023-08-22,P102,S1,146,6132,0,0
2023-08-22,P102,S2,99,3366,0,0
2023-08-22,P102,S3,125,2750,0,0
2023-08-22,P103,S1,98,2744,0,0
2023-08-22,P103,S2,129,3612,1,0
2023-08-22,P103,S3,110,4070,0,0
2023-08-22,P104,S1,110,4840,1,0
2023-08-22,P104,S2,125,3250,0,0
2023-08-22,P104,S3,118,5428,0,0
2023-08-22,P105,S1,110,2530,1,0
2023-08-22,P105,S2,104,3848,0,0
2023-08-22,P105,S3,114,3876,0,0
2023-08-23,P101,S1,142,4402,1,0
2023-08-23,P101,S2,103,2884,0,0
2023-08-23,P101,S3,110,4840,0,0
2023-08-23,P102,S1,114,2964,0,0
2023-08-23,P102,S2,89,2047,0,0
2023-08-23,P102,S3,132,6072,1,0
2023-08-23,P103,S1,107,5136,0,0
2023-08-23,P103,S2,94,1880,0,0
2023-08-23,P103,S3,122,3416,0,0
2023-08-23,P104,S1,134,3216,1,0
2023-08-23,P104,S2,98,3234,0,0
2023-08-23,P104,S3,126,4914,0,0
2023-08-23,P105,S1,95,3515,0,0
2023-08-23,P105,S2,104,3016,0,0
2023-08-23,P105,S3,132,3300,1,0
2023-08-24,P101,S1,130,6370,0,0
2023-08-24,P101,S2,107,3638,0,0
2023-08-24,P101,S3,126,4662,0,0
2023-08-24,P102,S1,127,5461,0,0
2023-08-24,P102,S2,113,2260,1,0
2023-08-24,P102,S3,100,3700,0,0
2023-08-24,P103,S1,101,3232,1,0
2023-08-24,P103,S2,120,3960,1,0
2023-08-24,P103,S3,111,4551,1,0
2023-08-24,P104,S1,98,1960,0,0
2023-08-24,P104,S2,92,2116,0,0
2023-08-24,P104,S3,119,5593,1,0
2023-08-24,P105,S1,133,5586,0,0
2023-08-24,P105,S2,99,3069,0,0
2023-08-24,P105,S3,126,2898,0,0
2023-08-25,P101,S1,152,3952,0,0
2023-08-25,P101,S2,97,4656,1,0
2023-08-25,P101,S3,119,5712,0,0
2023-08-25,P102,S1,85,2975,1,0
2023-08-25,P102,S2,103,3605,1,0
2023-08-25,P102,S3,135,5130,1,0
2023-08-25,P103,S1,104,4264,0,0
2023-08-25,P103,S2,110,2200,0,0
2023-08-25,P103,S3,85,3655,0,0
2023-08-25,P104,S1,131,4061,0,0
2023-08-25,P104,S2,127,4826,0,0
2023-08-25,P104,S3,127,5080,0,0
2023-08-25,P105,S1,105,2940,0,0
2023-08-25,P105,S2,108,5076,0,0
2023-08-25,P105,S3,124,4836,0,0
2023-08-26,P101,S1,130,4940,0,0
2023-08-26,P101,S2,128,3072,0,0
2023-08-26,P101,S3,123,3075,0,0
2023-08-26,P102,S1,128,4480,0,0
2023-08-26,P102,S2,155,5270,0,0
2023-08-26,P102,S3,124,5456,1,0
2023-08-26,P103,S1,143,4004,0,0
2023-08-26,P103,S2,141,3948,0,0
2023-08-26,P103,S3,142,6390,0,0
2023-08-26,P104,S1,124,3100,0,0
2023-08-26,P104,S2,123,2460,1,0
2023-08-26,P104,S3,146,4672,0,0
2023-08-26,P105,S1,146,3504,0,0
2023-08-26,P105,S2,150,3900,0,0
2023-08-26,P105,S3,170,4590,0,0
2023-08-27,P101,S1,148,5032,0,1
2023-08-27,P101,S2,125,6125,0,1
2023-08-27,P101,S3,143,5863,1,1
2023-08-27,P102,S1,136,4216,0,1
2023-08-27,P102,S2,123,5658,0,1
2023-08-27,P102,S3,154,7238,0,1
2023-08-27,P103,S1,146,5110,0,1
2023-08-27,P103,S2,138,4968,1,1
2023-08-27,P103,S3,108,3240,1,1
2023-08-27,P104,S1,144,6768,1,1
2023-08-27,P104,S2,144,3168,1,1
2023-08-27,P104,S3,153,5049,0,1
2023-08-27,P105,S1,123,4551,0,1
2023-08-27,P105,S2,138,4692,0,1
2023-08-27,P105,S3,143,7007,0,1
2023-08-28,P101,S1,129,4128,0,0
2023-08-28,P101,S2,112,2800,0,0
2023-08-28,P101,S3,128,4992,1,0
2023-08-28,P102,S1,86,3870,1,0
2023-08-28,P102,S2,123,4920,0,0
2023-08-28,P102,S3,138,6348,0,0
2023-08-28,P103,S1,124,3596,1,0
2023-08-28,P103,S2,114,3990,1,0
2023-08-28,P103,S3,123,5781,0,0
2023-08-28,P104,S1,106,2968,0,0
2023-08-28,P104,S2,113,2373,1,0
2023-08-28,P104,S3,113,3390,0,0
2023-08-28,P105,S1,140,5460,1,0
2023-08-28,P105,S2,119,3213,1,0
2023-08-28,P105,S3,134,5494,1,0
2023-08-29,P101,S1,93,1953,0,0
2023-08-29,P101,S2,139,6672,1,0
2023-08-29,P101,S3,110,2640,0,0
2023-08-29,P102,S1,128,6272,0,0
2023-08-29,P102,S2,91,3367,0,0
2023-08-29,P102,S3,120,5760,0,0
2023-08-29,P103,S1,114,3990,1,0
2023-08-29,P103,S2,127,3937,0,0
2023-08-29,P103,S3,132,4488,0,0
2023-08-29,P104,S1,126,5166,0,0
2023-08-29,P104,S2,128,4736,0,0
2023-08-29,P104,S3,125,5625,0,0
2023-08-29,P105,S1,123,4428,1,0
2023-08-29,P105,S2,108,2268,0,0
2023-08-29,P105,S3,121,2541,0,0
2023-08-30,P101,S1,135,3780,0,0
2023-08-30,P101,S2,111,5217,0,0
2023-08-30,P101,S3,100,4600,0,0
2023-08-30,P102,S1,126,3528,0,0
2023-08-30,P102,S2,142,6106,0,0
2023-08-30,P102,S3,106,4240,1,0
2023-08-30,P103,S1,104,4576,0,0
2023-08-30,P103,S2,114,4104,0,0
2023-08-30,P103,S3,124,4464,0,0
2023-08-30,P104,S1,131,4192,1,0
2023-08-30,P104,S2,124,3472,0,0
2023-08-30,P104,S3,91,3913,0,0
2023-08-30,P105,S1,87,3045,0,0
2023-08-30,P105,S2,104,2600,0,0
2023-08-30,P105,S3,89,4361,0,0
2023-08-31,P101,S1,137,5480,0,0
2023-08-31,P101,S2,109,2943,0,0
2023-08-31,P101,S3,96,2688,1,0
2023-08-31,P102,S1,120,2640,0,0
2023-08-31,P102,S2,102,3060,1,0
2023-08-31,P102,S3,95,2280,0,0
2023-08-31,P103,S1,134,4958,0,0
2023-08-31,P103,S2,95,3135,0,0
2023-08-31,P103,S3,104,4992,0,0
2023-08-31,P104,S1,125,4500,1,0
2023-08-31,P104,S2,110,2750,0,0
2023-08-31,P104,S3,101,3232,1,0
2023-08-31,P105,S1,99,2772,0,0
2023-08-31,P105,S2,101,4141,1,0
2023-08-31,P105,S3,144,3312,0,0
2023-09-01,P101,S1,125,3250,0,0
2023-09-01,P101,S2,126,3150,1,0
2023-09-01,P101,S3,123,2460,0,0
2023-09-01,P102,S1,131,6157,1,0
2023-09-01,P102,S2,97,2037,0,0
2023-09-01,P102,S3,138,5796,0,0
2023-09-01,P103,S1,120,3960,0,0
2023-09-01,P103,S2,127,4318,0,0
2023-09-01,P103,S3,123,5289,1,0
2023-09-01,P104,S1,141,5640,0,0
2023-09-01,P104,S2,98,4018,1,0
2023-09-01,P104,S3,120,5760,1,0
2023-09-01,P105,S1,120,5640,0,0
2023-09-01,P105,S2,111,4662,0,0
2023-09-01,P105,S3,111,5106,0,0
2023-09-02,P101,S1,140,6860,0,0
2023-09-02,P101,S2,151,4077,1,0
2023-09-02,P101,S3,123,4551,0,0
2023-09-02,P102,S1,148,4588,1,0
2023-09-02,P102,S2,149,5960,0,0
2023-09-02,P102,S3,123,4920,1,0
2023-09-02,P103,S1,137,3973,1,0
2023-09-02,P103,S2,140,3500,0,0
2023-09-02,P103,S3,156,7488,0,0
2023-09-02,P104,S1,143,2860,1,0
2023-09-02,P104,S2,131,3930,0,0
2023-09-02,P104,S3,140,4340,1,0
2023-09-02,P105,S1,125,5750,1,0
2023-09-02,P105,S2,134,5360,0,0
2023-09-02,P105,S3,132,6336,0,0
2023-09-03,P101,S1,141,5217,1,1
2023-09-03,P101,S2,134,2948,1,1
2023-09-03,P101,S3,149,3725,0,1
2023-09-03,P102,S1,143,3861,0,1
2023-09-03,P102,S2,130,6240,0,1
2023-09-03,P102,S3,123,2583,0,1
2023-09-03,P103,S1,136,6256,0,1
2023-09-03,P103,S2,118,2478,0,1
2023-09-03,P103,S3,160,4320,0,1
2023-09-03,P104,S1,137,6302,0,1
2023-09-03,P104,S2,113,3729,1,1
2023-09-03,P104,S3,132,4488,0,1
2023-09-03,P105,S1,128,3712,1,1
2023-09-03,P105,S2,157,6908,0,1
2023-09-03,P105,S3,138,6348,0,1
2023-09-04,P101,S1,83,3818,1,0
2023-09-04,P101,S2,140,3080,0,0
2023-09-04,P101,S3,133,5719,0,0
2023-09-04,P102,S1,117,5382,0,0
2023-09-04,P102,S2,118,5782,0,0
2023-09-04,P102,S3,107,4922,0,0
2023-09-04,P103,S1,116,4988,1,0
2023-09-04,P103,S2,105,2415,0,0
2023-09-04,P103,S3,132,3828,1,0
2023-09-04,P104,S1,101,3232,0,0
2023-09-04,P104,S2,121,4356,0,0
2023-09-04,P104,S3,117,5031,0,0
2023-09-04,P105,S1,139,5838,0,0
2023-09-04,P105,S2,105,4095,0,0
2023-09-04,P105,S3,101,2222,0,0
2023-09-05,P101,S1,135,4185,0,0
2023-09-05,P101,S2,93,3720,1,0
2023-09-05,P101,S3,120,4920,0,0
2023-09-05,P102,S1,132,4356,1,0
2023-09-05,P102,S2,101,3838,0,0
2023-09-05,P102,S3,139,5143,0,0
2023-09-05,P103,S1,105,4200,0,0
2023-09-05,P103,S2,87,2349,0,0
2023-09-05,P103,S3,114,4218,0,0
2023-09-05,P104,S1,129,4515,1,0
2023-09-05,P104,S2,126,5796,1,0
2023-09-05,P104,S3,99,4356,1,0
2023-09-05,P105,S1,144,6336,0,0
2023-09-05,P105,S2,103,5047,0,0
2023-09-05,P105,S3,112,3584,0,0
2023-09-06,P101,S1,100,2600,1,0
2023-09-06,P101,S2,83,2407,0,0
2023-09-06,P101,S3,117,3042,0,0
2023-09-06,P102,S1,104,2496,1,0
2023-09-06,P102,S2,134,6566,1,0
2023-09-06,P102,S3,169,5239,0,0
2023-09-06,P103,S1,113,3051,0,0
2023-09-06,P103,S2,132,5544,0,0
2023-09-06,P103,S3,121,3146,0,0
2023-09-06,P104,S1,128,4096,1,0
2023-09-06,P104,S2,111,3552,0,0
2023-09-06,P104,S3,122,5856,0,0
2023-09-06,P105,S1,141,3102,0,0
2023-09-06,P105,S2,95,3895,1,0
2023-09-06,P105,S3,121,4356,0,0
2023-09-07,P101,S1,148,5328,0,0
2023-09-07,P101,S2,113,4633,0,0
2023-09-07,P101,S3,144,3024,0,0
2023-09-07,P102,S1,111,5106,0,0
2023-09-07,P102,S2,141,5217,1,0
2023-09-07,P102,S3,119,3808,1,0
2023-09-07,P103,S1,102,4488,0,0
2023-09-07,P103,S2,105,4515,1,0
2023-09-07,P103,S3,100,3500,0,0
2023-09-07,P104,S1,86,2666,1,0
2023-09-07,P104,S2,115,3680,1,0
2023-09-07,P104,S3,135,4995,0,0
2023-09-07,P105,S1,108,2376,0,0
2023-09-07,P105,S2,111,3663,0,0
2023-09-07,P105,S3,124,3472,1,0
2023-09-08,P101,S1,117,5265,0,0
2023-09-08,P101,S2,107,2247,1,0
2023-09-08,P101,S3,136,4624,0,0
2023-09-08,P102,S1,131,5109,0,0
2023-09-08,P102,S2,136,5440,0,0
2023-09-08,P102,S3,102,2346,0,0
2023-09-08,P103,S1,100,2000,1,0
2023-09-08,P103,S2,121,3751,0,0
2023-09-08,P103,S3,90,3330,1,0
2023-09-08,P104,S1,132,4224,0,0
2023-09-08,P104,S2,113,2712,0,0
2023-09-08,P104,S3,132,5016,0,0
2023-09-08,P105,S1,111,3774,1,0
2023-09-08,P105,S2,130,4290,0,0
2023-09-08,P105,S3,110,2420,1,0
2023-09-09,P101,S1,160,6880,1,0
2023-09-09,P101,S2,124,4340,0,0
2023-09-09,P101,S3,138,3174,0,0
2023-09-09,P102,S1,134,3350,0,0
2023-09-09,P102,S2,121,4235,0,0
2023-09-09,P102,S3,138,5106,0,0
2023-09-09,P103,S1,130,2600,1,0
2023-09-09,P103,S2,151,6795,1,0
2023-09-09,P103,S3,129,3612,1,0
2023-09-09,P104,S1,136,5848,1,0
2023-09-09,P104,S2,151,5738,0,0
2023-09-09,P104,S3,130,3380,1,0
2023-09-09,P105,S1,134,4824,1,0
2023-09-09,P105,S2,152,5320,0,0
2023-09-09,P105,S3,137,4658,0,0
2023-09-10,P101,S1,149,5215,0,1
2023-09-10,P101,S2,164,5576,0,1
2023-09-10,P101,S3,164,5576,1,1
2023-09-10,P102,S1,161,6762,1,1
2023-09-10,P102,S2,117,4563,0,1
2023-09-10,P102,S3,121,3509,0,1
2023-09-10,P103,S1,159,6201,0,1
2023-09-10,P103,S2,149,3427,1,1
2023-09-10,P103,S3,139,6394,0,1
2023-09-10,P104,S1,141,4794,0,1
2023-09-10,P104,S2,152,7448,0,1
2023-09-10,P104,S3,148,6808,0,1
2023-09-10,P105,S1,144,3888,1,1
2023-09-10,P105,S2,132,6072,0,1
2023-09-10,P105,S3,134,3082,0,1
2023-09-11,P101,S1,160,5120,0,0
2023-09-11,P101,S2,96,3936,0,0
2023-09-11,P101,S3,83,3652,1,0
2023-09-11,P102,S1,115,3105,0,0
2023-09-11,P102,S2,113,4746,0,0
2023-09-11,P102,S3,120,4080,0,0
2023-09-11,P103,S1,112,2240,0,0
2023-09-11,P103,S2,96,3360,1,0
2023-09-11,P103,S3,118,4956,0,0
2023-09-11,P104,S1,130,2730,0,0
2023-09-11,P104,S2,104,4784,0,0
2023-09-11,P104,S3,98,4508,1,0
2023-09-11,P105,S1,112,2464,0,0
2023-09-11,P105,S2,124,3968,0,0
2023-09-11,P105,S3,125,3375,0,0
2023-09-12,P101,S1,126,3276,0,0
2023-09-12,P101,S2,118,4366,0,0
2023-09-12,P101,S3,92,2116,0,0
2023-09-12,P102,S1,96,4512,0,0
2023-09-12,P102,S2,132,3564,0,0
2023-09-12,P102,S3,117,4095,0,0
2023-09-12,P103,S1,112,2800,0,0
2023-09-12,P103,S2,109,5232,0,0
2023-09-12,P103,S3,86,2838,1,0
2023-09-12,P104,S1,123,2706,0,0
2023-09-12,P104,S2,124,4836,1,0
2023-09-12,P104,S3,121,3993,0,0
2023-09-12,P105,S1,118,3540,1,0
2023-09-12,P105,S2,139,6533,0,0
2023-09-12,P105,S3,107,3745,1,0
2023-09-13,P101,S1,114,4560,0,0
2023-09-13,P101,S2,117,3159,1,0
2023-09-13,P101,S3,126,2646,0,0
2023-09-13,P102,S1,125,5375,1,0
2023-09-13,P102,S2,126,3024,0,0
2023-09-13,P102,S3,118,4130,0,0
2023-09-13,P103,S1,115,4255,0,0
2023-09-13,P103,S2,127,3810,1,0
2023-09-13,P103,S3,84,2184,0,0
2023-09-13,P104,S1,117,3978,0,0
2023-09-13,P104,S2,128,4864,1,0
2023-09-13,P104,S3,95,2280,1,0
2023-09-13,P105,S1,141,5922,0,0
2023-09-13,P105,S2,109,5014,0,0
2023-09-13,P105,S3,96,4032,1,0
2023-09-14,P101,S1,114,4674,0,0
2023-09-14,P101,S2,86,1720,0,0
2023-09-14,P101,S3,138,4278,0,0
2023-09-14,P102,S1,120,4080,0,0
2023-09-14,P102,S2,109,2180,0,0
2023-09-14,P102,S3,109,3052,0,0
2023-09-14,P103,S1,127,3810,0,0
2023-09-14,P103,S2,141,6204,1,0
2023-09-14,P103,S3,128,5888,0,0
2023-09-14,P104,S1,125,4625,1,0
2023-09-14,P104,S2,123,4182,0,0
2023-09-14,P104,S3,113,3503,0,0
2023-09-14,P105,S1,107,3959,0,0
2023-09-14,P105,S2,109,3706,0,0
2023-09-14,P105,S3,110,4840,1,0
2023-09-15,P101,S1,107,2461,0,0
2023-09-15,P101,S2,128,3712,0,0
2023-09-15,P101,S3,120,4560,0,0
2023-09-15,P102,S1,130,4940,0,0
2023-09-15,P102,S2,118,4838,0,0
2023-09-15,P102,S3,121,4961,0,0
2023-09-15,P103,S1,99,4059,1,0
2023-09-15,P103,S2,101,2222,1,0
2023-09-15,P103,S3,131,6288,1,0
2023-09-15,P104,S1,117,4212,1,0
2023-09-15,P104,S2,128,5760,0,0
2023-09-15,P104,S3,123,3690,1,0
2023-09-15,P105,S1,122,2562,0,0
2023-09-15,P105,S2,125,2875,0,0
2023-09-15,P105,S3,128,6144,0,0
2023-09-16,P101,S1,140,4760,0,0
2023-09-16,P101,S2,132,4092,0,0
2023-09-16,P101,S3,161,4186,0,0
2023-09-16,P102,S1,131,3144,1,0
2023-09-16,P102,S2,144,4896,0,0
2023-09-16,P102,S3,128,4864,0,0
2023-09-16,P103,S1,153,4437,0,0
2023-09-16,P103,S2,152,6992,0,0
2023-09-16,P103,S3,149,4023,1,0
2023-09-16,P104,S1,129,3483,0,0
2023-09-16,P104,S2,133,4522,0,0
2023-09-16,P104,S3,155,5735,1,0
2023-09-16,P105,S1,141,5499,1,0
2023-09-16,P105,S2,149,6854,0,0
2023-09-16,P105,S3,115,4255,0,0
2023-09-17,P101,S1,156,6864,0,1
2023-09-17,P101,S2,132,3564,0,1
2023-09-17,P101,S3,137,5480,0,1
2023-09-17,P102,S1,149,3129,0,1
2023-09-17,P102,S2,159,4611,0,1
2023-09-17,P102,S3,121,3509,0,1
2023-09-17,P103,S1,157,5338,0,1
2023-09-17,P103,S2,139,5699,1,1
2023-09-17,P103,S3,144,5616,0,1
2023-09-17,P104,S1,128,4864,0,1
2023-09-17,P104,S2,137,2877,0,1
2023-09-17,P104,S3,155,3565,0,1
2023-09-17,P105,S1,162,4698,0,1
2023-09-17,P105,S2,122,5734,1,1
2023-09-17,P105,S3,146,6570,1,1
2023-09-18,P101,S1,141,6768,0,0
2023-09-18,P101,S2,95,3325,0,0
2023-09-18,P101,S3,110,4400,0,0
2023-09-18,P102,S1,117,4446,1,0
2023-09-18,P102,S2,144,6912,1,0
2023-09-18,P102,S3,125,5750,0,0
2023-09-18,P103,S1,114,5016,0,0
2023-09-18,P103,S2,102,3162,0,0
2023-09-18,P103,S3,126,3906,1,0
2023-09-18,P104,S1,102,4998,0,0
2023-09-18,P104,S2,92,4508,1,0
2023-09-18,P104,S3,141,6063,0,0
2023-09-18,P105,S1,112,2688,0,0
2023-09-18,P105,S2,126,3276,0,0
2023-09-18,P105,S3,125,5000,0,0
2023-09-19,P101,S1,122,3416,0,0
2023-09-19,P101,S2,118,2832,0,0
2023-09-19,P101,S3,104,4680,1,0
2023-09-19,P102,S1,114,4674,0,0
2023-09-19,P102,S2,138,4692,0,0
2023-09-19,P102,S3,115,4600,0,0
2023-09-19,P103,S1,121,3630,0,0
2023-09-19,P103,S2,106,4558,1,0
2023-09-19,P103,S3,137,6439,1,0
2023-09-19,P104,S1,113,2486,0,0
2023-09-19,P104,S2,123,3075,0,0
2023-09-19,P104,S3,143,3003,1,0
2023-09-19,P105,S1,126,3402,0,0
2023-09-19,P105,S2,131,3275,1,0
2023-09-19,P105,S3,106,5194,0,0
2023-09-20,P101,S1,101,2525,0,0
2023-09-20,P101,S2,98,4410,1,0
2023-09-20,P101,S3,114,3420,1,0
2023-09-20,P102,S1,121,4598,1,0
2023-09-20,P102,S2,141,4230,0,0
2023-09-20,P102,S3,99,2772,0,0
2023-09-20,P103,S1,113,5085,0,0
2023-09-20,P103,S2,120,4080,0,0
2023-09-20,P103,S3,112,4144,0,0
2023-09-20,P104,S1,139,6533,0,0
2023-09-20,P104,S2,147,4851,0,0
2023-09-20,P104,S3,134,6432,0,0
2023-09-20,P105,S1,93,4464,0,0
2023-09-20,P105,S2,119,3689,0,0
2023-09-20,P105,S3,125,4000,1,0
2023-09-21,P101,S1,81,2754,0,0
2023-09-21,P101,S2,124,5580,0,0
2023-09-21,P101,S3,101,4949,0,0
2023-09-21,P102,S1,106,4240,0,0
2023-09-21,P102,S2,113,3955,0,0
2023-09-21,P102,S3,94,3102,0,0
2023-09-21,P103,S1,113,3729,1,0
2023-09-21,P103,S2,110,5060,0,0
2023-09-21,P103,S3,119,5474,0,0
2023-09-21,P104,S1,138,3864,1,0
2023-09-21,P104,S2,113,3390,0,0
2023-09-21,P104,S3,108,4320,1,0
2023-09-21,P105,S1,100,4100,0,0
2023-09-21,P105,S2,125,6000,0,0
2023-09-21,P105,S3,122,2928,0,0
2023-09-22,P101,S1,110,4840,1,0
2023-09-22,P101,S2,149,3427,0,0
2023-09-22,P101,S3,119,4998,0,0
2023-09-22,P102,S1,125,4125,1,0
2023-09-22,P102,S2,117,2574,0,0
2023-09-22,P102,S3,105,3255,0,0
2023-09-22,P103,S1,98,3822,0,0
2023-09-22,P103,S2,116,3944,1,0
2023-09-22,P103,S3,112,2464,0,0
2023-09-22,P104,S1,100,4400,0,0
2023-09-22,P104,S2,110,4180,0,0
2023-09-22,P104,S3,114,2394,0,0
2023-09-22,P105,S1,135,5535,0,0
2023-09-22,P105,S2,117,4797,1,0
2023-09-22,P105,S3,133,3458,0,0
2023-09-23,P101,S1,128,3584,0,0
2023-09-23,P101,S2,161,3864,0,0
2023-09-23,P101,S3,115,4485,1,0
2023-09-23,P102,S1,140,3220,0,0
2023-09-23,P102,S2,114,4218,1,0
2023-09-23,P102,S3,148,6216,1,0
2023-09-23,P103,S1,141,2820,0,0
2023-09-23,P103,S2,139,5699,0,0
2023-09-23,P103,S3,154,6006,0,0
2023-09-23,P104,S1,162,7128,0,0
2023-09-23,P104,S2,132,3564,0,0
2023-09-23,P104,S3,122,3538,1,0
2023-09-23,P105,S1,137,2740,0,0
2023-09-23,P105,S2,160,7200,0,0
2023-09-23,P105,S3,155,5735,1,0
2023-09-24,P101,S1,147,3822,0,1
2023-09-24,P101,S2,140,6720,1,1
2023-09-24,P101,S3,154,5698,1,1
2023-09-24,P102,S1,119,5355,0,1
2023-09-24,P102,S2,149,5811,1,1
2023-09-24,P102,S3,135,4050,1,1
2023-09-24,P103,S1,117,3159,1,1
2023-09-24,P103,S2,141,3948,0,1
2023-09-24,P103,S3,149,4172,0,1
2023-09-24,P104,S1,131,4978,1,1
2023-09-24,P104,S2,151,6493,0,1
2023-09-24,P104,S3,144,3744,1,1
2023-09-24,P105,S1,109,2834,1,1
2023-09-24,P105,S2,164,4428,1,1
2023-09-24,P105,S3,171,6840,0,1
2023-09-25,P101,S1,142,3124,0,0
2023-09-25,P101,S2,117,3978,0,0
2023-09-25,P101,S3,138,5382,1,0
2023-09-25,P102,S1,136,5576,0,0
2023-09-25,P102,S2,147,4116,1,0
2023-09-25,P102,S3,108,2268,0,0
2023-09-25,P103,S1,77,2926,0,0
2023-09-25,P103,S2,113,5424,1,0
2023-09-25,P103,S3,125,5375,0,0
2023-09-25,P104,S1,117,4680,0,0
2023-09-25,P104,S2,101,3939,1,0
2023-09-25,P104,S3,121,5929,1,0
2023-09-25,P105,S1,118,3540,1,0
2023-09-25,P105,S2,109,3052,0,0
2023-09-25,P105,S3,134,4422,0,0
2023-09-26,P101,S1,123,5289,0,0
2023-09-26,P101,S2,106,3710,1,0
2023-09-26,P101,S3,98,3626,0,0
2023-09-26,P102,S1,114,3306,1,0
2023-09-26,P102,S2,125,3375,1,0
2023-09-26,P102,S3,130,5720,0,0
2023-09-26,P103,S1,132,3300,0,0
2023-09-26,P103,S2,123,3321,0,0
2023-09-26,P103,S3,119,3689,0,0
2023-09-26,P104,S1,127,4699,0,0
2023-09-26,P104,S2,117,3627,1,0
2023-09-26,P104,S3,115,2645,1,0
2023-09-26,P105,S1,132,5148,1,0
2023-09-26,P105,S2,151,4077,0,0
2023-09-26,P105,S3,138,2760,0,0
2023-09-27,P101,S1,146,7008,0,0
2023-09-27,P101,S2,105,4305,0,0
2023-09-27,P101,S3,79,2528,0,0
2023-09-27,P102,S1,107,4815,0,0
2023-09-27,P102,S2,127,5334,1,0
2023-09-27,P102,S3,114,4446,1,0
2023-09-27,P103,S1,90,3240,1,0
2023-09-27,P103,S2,90,3600,0,0
2023-09-27,P103,S3,97,2522,0,0
2023-09-27,P104,S1,127,3175,1,0
2023-09-27,P104,S2,106,3498,0,0
2023-09-27,P104,S3,127,3556,1,0
2023-09-27,P105,S1,142,4402,0,0
2023-09-27,P105,S2,126,4032,0,0
2023-09-27,P105,S3,127,4318,0,0
2023-09-28,P101,S1,120,3240,0,0
2023-09-28,P101,S2,109,2289,0,0
2023-09-28,P101,S3,124,5952,0,0
2023-09-28,P102,S1,110,2970,0,0
2023-09-28,P102,S2,107,2782,0,0
2023-09-28,P102,S3,129,5547,1,0
2023-09-28,P103,S1,141,5922,0,0
2023-09-28,P103,S2,124,3596,1,0
2023-09-28,P103,S3,136,6528,0,0
2023-09-28,P104,S1,140,6440,1,0
2023-09-28,P104,S2,103,2266,0,0
2023-09-28,P104,S3,117,5148,0,0
2023-09-28,P105,S1,143,4147,1,0
2023-09-28,P105,S2,110,2970,0,0
2023-09-28,P105,S3,113,2373,0,0
2023-09-29,P101,S1,124,5332,0,0
2023-09-29,P101,S2,132,5280,1,0
2023-09-29,P101,S3,134,2814,0,0
2023-09-29,P102,S1,88,3696,1,0
2023-09-29,P102,S2,107,3959,0,0
2023-09-29,P102,S3,114,3420,1,0
2023-09-29,P103,S1,125,3000,1,0
2023-09-29,P103,S2,116,2320,1,0
2023-09-29,P103,S3,117,2574,1,0
2023-09-29,P104,S1,136,4352,0,0
2023-09-29,P104,S2,111,4662,1,0
2023-09-29,P104,S3,128,2816,0,0
2023-09-29,P105,S1,113,4407,0,0
2023-09-29,P105,S2,121,2420,1,0
2023-09-29,P105,S3,118,5074,0,0
2023-09-30,P101,S1,132,4356,0,0
2023-09-30,P101,S2,117,3393,0,0
2023-09-30,P101,S3,137,3562,1,0
2023-09-30,P102,S1,160,4800,1,0
2023-09-30,P102,S2,115,3220,1,0
2023-09-30,P102,S3,150,3600,0,0
2023-09-30,P103,S1,113,3390,0,0
2023-09-30,P103,S2,128,2816,0,0
2023-09-30,P103,S3,141,4089,0,0
2023-09-30,P104,S1,150,3300,0,0
2023-09-30,P104,S2,138,3726,0,0
2023-09-30,P104,S3,160,3200,1,0
2023-09-30,P105,S1,117,2925,0,0
2023-09-30,P105,S2,160,7840,0,0
2023-09-30,P105,S3,132,3300,0,0
2023-10-01,P101,S1,133,5852,0,1
2023-10-01,P101,S2,136,5712,0,1
2023-10-01,P101,S3,123,5535,1,1
2023-10-01,P102,S1,149,5662,0,1
2023-10-01,P102,S2,139,4865,0,1
2023-10-01,P102,S3,123,4059,1,1
2023-10-01,P103,S1,132,3168,0,1
2023-10-01,P103,S2,137,3562,0,1
2023-10-01,P103,S3,134,5628,0,1
2023-10-01,P104,S1,144,4608,1,1
2023-10-01,P104,S2,144,6480,0,1
2023-10-01,P104,S3,135,5400,0,1
2023-10-01,P105,S1,129,6192,0,1
2023-10-01,P105,S2,124,2852,0,1
2023-10-01,P105,S3,161,6279,1,1
2023-10-02,P101,S1,137,3425,0,0
2023-10-02,P101,S2,116,2436,0,0
2023-10-02,P101,S3,94,3854,0,0
2023-10-02,P102,S1,101,3232,0,0
2023-10-02,P102,S2,110,4620,0,0
2023-10-02,P102,S3,92,2300,0,0
2023-10-02,P103,S1,108,3564,0,0
2023-10-02,P103,S2,123,4428,0,0
2023-10-02,P103,S3,122,4636,0,0
2023-10-02,P104,S1,123,6027,1,0
2023-10-02,P104,S2,141,3384,1,0
2023-10-02,P104,S3,112,2240,1,0
2023-10-02,P105,S1,127,4826,0,0
2023-10-02,P105,S2,115,3220,0,0
2023-10-02,P105,S3,105,5040,1,0
2023-10-03,P101,S1,112,4480,1,0
2023-10-03,P101,S2,121,4235,1,0
2023-10-03,P101,S3,118,3068,1,0
2023-10-03,P102,S1,140,2800,0,0
2023-10-03,P102,S2,124,5704,1,0
2023-10-03,P102,S3,114,2508,0,0
2023-10-03,P103,S1,128,4480,0,0
2023-10-03,P103,S2,146,6132,1,0
2023-10-03,P103,S3,148,3700,0,0
2023-10-03,P104,S1,120,4320,1,0
2023-10-03,P104,S2,104,4680,1,0
2023-10-03,P104,S3,122,4148,0,0
2023-10-03,P105,S1,111,5328,1,0
2023-10-03,P105,S2,102,2346,0,0
2023-10-03,P105,S3,135,4995,1,0
2023-10-04,P101,S1,139,3336,0,0
2023-10-04,P101,S2,131,5633,0,0
2023-10-04,P101,S3,143,4719,0,0
2023-10-04,P102,S1,120,3840,0,0
2023-10-04,P102,S2,126,5040,0,0
2023-10-04,P102,S3,132,3168,1,0
2023-10-04,P103,S1,122,3294,0,0
2023-10-04,P103,S2,139,3058,0,0
2023-10-04,P103,S3,145,6525,1,0
2023-10-04,P104,S1,121,3388,1,0
2023-10-04,P104,S2,90,1980,1,0
2023-10-04,P104,S3,123,2952,0,0
2023-10-04,P105,S1,127,5588,0,0
2023-10-04,P105,S2,130,5590,0,0
2023-10-04,P105,S3,122,5734,1,0
2023-10-05,P101,S1,143,5720,1,0
2023-10-05,P101,S2,111,4773,0,0
2023-10-05,P101,S3,135,6480,0,0
2023-10-05,P102,S1,124,3720,0,0
2023-10-05,P102,S2,119,5117,0,0
2023-10-05,P102,S3,105,3780,0,0
2023-10-05,P103,S1,122,5978,1,0
2023-10-05,P103,S2,97,4268,1,0
2023-10-05,P103,S3,118,4838,0,0
2023-10-05,P104,S1,113,2260,0,0
2023-10-05,P104,S2,118,5546,1,0
2023-10-05,P104,S3,111,2220,0,0
2023-10-05,P105,S1,114,5586,0,0
2023-10-05,P105,S2,100,4400,0,0
2023-10-05,P105,S3,76,3724,0,0
2023-10-06,P101,S1,123,2952,0,0
2023-10-06,P101,S2,146,6570,1,0
2023-10-06,P101,S3,118,2950,0,0
2023-10-06,P102,S1,151,5738,0,0
2023-10-06,P102,S2,118,4956,0,0
2023-10-06,P102,S3,119,5831,1,0
2023-10-06,P103,S1,113,3390,1,0
2023-10-06,P103,S2,120,3000,1,0
2023-10-06,P103,S3,92,3680,1,0
2023-10-06,P104,S1,114,4674,1,0
2023-10-06,P104,S2,111,3330,1,0
2023-10-06,P104,S3,125,4000,1,0
2023-10-06,P105,S1,128,3200,0,0
2023-10-06,P105,S2,133,3458,0,0
2023-10-06,P105,S3,112,2352,0,0
2023-10-07,P101,S1,145,5365,1,0
2023-10-07,P101,S2,135,3645,0,0
2023-10-07,P101,S3,158,6004,0,0
2023-10-07,P102,S1,151,4077,1,0
2023-10-07,P102,S2,137,4795,1,0
2023-10-07,P102,S3,150,7350,1,0
2023-10-07,P103,S1,135,5130,0,0
2023-10-07,P103,S2,157,6908,1,0
2023-10-07,P103,S3,138,3036,1,0
2023-10-07,P104,S1,116,3828,1,0
2023-10-07,P104,S2,156,3900,1,0
2023-10-07,P104,S3,149,5364,0,0
2023-10-07,P105,S1,156,6240,0,0
2023-10-07,P105,S2,158,3634,0,0
2023-10-07,P105,S3,138,4554,0,0
2023-10-08,P101,S1,124,4464,0,1
2023-10-08,P101,S2,141,3948,0,1
2023-10-08,P101,S3,145,3335,0,1
2023-10-08,P102,S1,112,4928,0,1
2023-10-08,P102,S2,161,5313,1,1
2023-10-08,P102,S3,164,8036,0,1
2023-10-08,P103,S1,124,5084,1,1
2023-10-08,P103,S2,99,2475,1,1
2023-10-08,P103,S3,156,4836,0,1
2023-10-08,P104,S1,134,2814,0,1
2023-10-08,P104,S2,135,4320,0,1
2023-10-08,P104,S3,143,3718,1,1
2023-10-08,P105,S1,134,5360,0,1
2023-10-08,P105,S2,124,2604,0,1
2023-10-08,P105,S3,137,6028,0,1
2023-10-09,P101,S1,114,5130,0,0
2023-10-09,P101,S2,120,5400,1,0
2023-10-09,P101,S3,99,3366,0,0
2023-10-09,P102,S1,126,3780,0,0
2023-10-09,P102,S2,127,3429,0,0
2023-10-09,P102,S3,111,3219,0,0
2023-10-09,P103,S1,104,3952,0,0
2023-10-09,P103,S2,134,5360,1,0
2023-10-09,P103,S3,101,3333,0,0
2023-10-09,P104,S1,120,3840,0,0
2023-10-09,P104,S2,148,4736,1,0
2023-10-09,P104,S3,143,7007,0,0
2023-10-09,P105,S1,119,3689,0,0
2023-10-09,P105,S2,123,2706,1,0
2023-10-09,P105,S3,113,4181,0,0
2023-10-10,P101,S1,132,4356,1,0
2023-10-10,P101,S2,118,2360,0,0
2023-10-10,P101,S3,109,2398,0,0
2023-10-10,P102,S1,129,3096,0,0
2023-10-10,P102,S2,117,3159,1,0
2023-10-10,P102,S3,119,5236,1,0
2023-10-10,P103,S1,138,3588,0,0
2023-10-10,P103,S2,101,2020,0,0
2023-10-10,P103,S3,88,2288,1,0
2023-10-10,P104,S1,130,6240,0,0
2023-10-10,P104,S2,136,3400,1,0
2023-10-10,P104,S3,128,5760,0,0
2023-10-10,P105,S1,84,3528,0,0
2023-10-10,P105,S2,104,3952,0,0
2023-10-10,P105,S3,117,5148,0,0
2023-10-11,P101,S1,125,5625,0,0
2023-10-11,P101,S2,131,5502,1,0
2023-10-11,P101,S3,96,4704,0,0
2023-10-11,P102,S1,155,3410,0,0
2023-10-11,P102,S2,122,4270,1,0
2023-10-11,P102,S3,123,3567,1,0
2023-10-11,P103,S1,136,2720,1,0
2023-10-11,P103,S2,119,3213,0,0
2023-10-11,P103,S3,114,3762,0,0
2023-10-11,P104,S1,91,4095,0,0
2023-10-11,P104,S2,132,3960,0,0
2023-10-11,P104,S3,111,5328,0,0
2023-10-11,P105,S1,120,3840,1,0
2023-10-11,P105,S2,131,5502,0,0
2023-10-11,P105,S3,139,2919,1,0
2023-10-12,P101,S1,138,4554,1,0
2023-10-12,P101,S2,133,4256,0,0
2023-10-12,P101,S3,101,2020,0,0
2023-10-12,P102,S1,101,2121,1,0
2023-10-12,P102,S2,129,2709,1,0
2023-10-12,P102,S3,97,3880,0,0
2023-10-12,P103,S1,112,4592,1,0
2023-10-12,P103,S2,126,4032,1,0
2023-10-12,P103,S3,109,3488,1,0
2023-10-12,P104,S1,100,3500,0,0
2023-10-12,P104,S2,123,6027,0,0
2023-10-12,P104,S3,106,3074,0,0
2023-10-12,P105,S1,138,6210,0,0
2023-10-12,P105,S2,125,3500,0,0
2023-10-12,P105,S3,93,3627,0,0
2023-10-13,P101,S1,132,4620,1,0
2023-10-13,P101,S2,137,6028,0,0
2023-10-13,P101,S3,104,3952,0,0
2023-10-13,P102,S1,114,3078,1,0
2023-10-13,P102,S2,123,5658,1,0
2023-10-13,P102,S3,146,3504,1,0
2023-10-13,P103,S1,129,3999,1,0
2023-10-13,P103,S2,95,2185,0,0
2023-10-13,P103,S3,136,5984,1,0
2023-10-13,P104,S1,114,4674,1,0
2023-10-13,P104,S2,133,2660,0,0
2023-10-13,P104,S3,126,3906,0,0
2023-10-13,P105,S1,107,3959,1,0
2023-10-13,P105,S2,123,2829,0,0
2023-10-13,P105,S3,124,3844,1,0
2023-10-14,P101,S1,152,6080,1,0
2023-10-14,P101,S2,136,2856,0,0
2023-10-14,P101,S3,155,3255,0,0
2023-10-14,P102,S1,156,4212,0,0
2023-10-14,P102,S2,134,5762,0,0
2023-10-14,P102,S3,127,2540,1,0
2023-10-14,P103,S1,154,5236,1,0
2023-10-14,P103,S2,171,7011,1,0
2023-10-14,P103,S3,147,3528,1,0
2023-10-14,P104,S1,125,2750,0,0
2023-10-14,P104,S2,143,5005,0,0
2023-10-14,P104,S3,134,2948,0,0
2023-10-14,P105,S1,155,3255,0,0
2023-10-14,P105,S2,131,3930,0,0
2023-10-14,P105,S3,156,6864,0,0
2023-10-15,P101,S1,130,3770,1,1
2023-10-15,P101,S2,154,6160,0,1
2023-10-15,P101,S3,147,5439,0,1
2023-10-15,P102,S1,129,3612,1,1
2023-10-15,P102,S2,163,6357,0,1
2023-10-15,P102,S3,153,3213,0,1
2023-10-15,P103,S1,161,7245,1,1
2023-10-15,P103,S2,138,4416,1,1
2023-10-15,P103,S3,147,5439,0,1
2023-10-15,P104,S1,124,3720,0,1
2023-10-15,P104,S2,148,3108,1,1
2023-10-15,P104,S3,143,5434,0,1
2023-10-15,P105,S1,112,3024,0,1
2023-10-15,P105,S2,143,4576,0,1
2023-10-15,P105,S3,129,6063,0,1
2023-10-16,P101,S1,118,2360,0,0
2023-10-16,P101,S2,110,4400,0,0
2023-10-16,P101,S3,112,2688,0,0
2023-10-16,P102,S1,104,3224,1,0
2023-10-16,P102,S2,118,5546,0,0
2023-10-16,P102,S3,104,4264,1,0
2023-10-16,P103,S1,111,3330,0,0
2023-10-16,P103,S2,150,6600,0,0
2023-10-16,P103,S3,101,2424,0,0
2023-10-16,P104,S1,105,3570,0,0
2023-10-16,P104,S2,115,2530,1,0
2023-10-16,P104,S3,111,2220,0,0
2023-10-16,P105,S1,130,6110,0,0
2023-10-16,P105,S2,126,5544,0,0
2023-10-16,P105,S3,99,3663,0,0
2023-10-17,P101,S1,106,3498,1,0
2023-10-17,P101,S2,125,2875,0,0
2023-10-17,P101,S3,91,1911,0,0
2023-10-17,P102,S1,107,2568,1,0
2023-10-17,P102,S2,132,5016,0,0
2023-10-17,P102,S3,115,5520,1,0
2023-10-17,P103,S1,103,4326,1,0
2023-10-17,P103,S2,125,4375,0,0
2023-10-17,P103,S3,104,3952,0,0
2023-10-17,P104,S1,163,7661,0,0
2023-10-17,P104,S2,123,3936,0,0
2023-10-17,P104,S3,118,2360,0,0
2023-10-17,P105,S1,115,2875,1,0
2023-10-17,P105,S2,118,4012,0,0
2023-10-17,P105,S3,140,5880,0,0
2023-10-18,P101,S1,140,5460,1,0
2023-10-18,P101,S2,98,2842,1,0
2023-10-18,P101,S3,109,3924,0,0
2023-10-18,P102,S1,120,4800,0,0
2023-10-18,P102,S2,135,5535,0,0
2023-10-18,P102,S3,104,3640,0,0
2023-10-18,P103,S1,130,4940,0,0
2023-10-18,P103,S2,110,5170,0,0
2023-10-18,P103,S3,128,6016,0,0
2023-10-18,P104,S1,128,5760,0,0
2023-10-18,P104,S2,131,4061,1,0
2023-10-18,P104,S3,111,2886,0,0
2023-10-18,P105,S1,106,4982,0,0
2023-10-18,P105,S2,118,5546,0,0
2023-10-18,P105,S3,127,2794,0,0
2023-10-19,P101,S1,128,3200,0,0
2023-10-19,P101,S2,123,4797,0,0
2023-10-19,P101,S3,127,2794,0,0
2023-10-19,P102,S1,95,3325,0,0
2023-10-19,P102,S2,107,2140,0,0
2023-10-19,P102,S3,135,6075,0,0
2023-10-19,P103,S1,139,5004,1,0
2023-10-19,P103,S2,139,4170,0,0
2023-10-19,P103,S3,108,4644,0,0
2023-10-19,P104,S1,93,2139,0,0
2023-10-19,P104,S2,118,3422,0,0
2023-10-19,P104,S3,126,2646,0,0
2023-10-19,P105,S1,129,4902,0,0
2023-10-19,P105,S2,112,3248,0,0
2023-10-19,P105,S3,107,4280,0,0
2023-10-20,P101,S1,135,5130,0,0
2023-10-20,P101,S2,119,3213,0,0
2023-10-20,P101,S3,110,4840,0,0
2023-10-20,P102,S1,146,3212,1,0
2023-10-20,P102,S2,112,2912,0,0
2023-10-20,P102,S3,95,3230,0,0
2023-10-20,P103,S1,129,3999,0,0
2023-10-20,P103,S2,130,3120,0,0
2023-10-20,P103,S3,101,4444,0,0
2023-10-20,P104,S1,145,3915,1,0
2023-10-20,P104,S2,129,5547,0,0
2023-10-20,P104,S3,140,2940,0,0
2023-10-20,P105,S1,141,3102,0,0
2023-10-20,P105,S2,101,2626,0,0
2023-10-20,P105,S3,105,3885,0,0
2023-10-21,P101,S1,149,3427,0,0
2023-10-21,P101,S2,144,6048,0,0
2023-10-21,P101,S3,127,3937,0,0
2023-10-21,P102,S1,155,6510,0,0
2023-10-21,P102,S2,128,4480,0,0
2023-10-21,P102,S3,126,2646,1,0
2023-10-21,P103,S1,133,6384,0,0
2023-10-21,P103,S2,146,6278,0,0
2023-10-21,P103,S3,146,4234,1,0
2023-10-21,P104,S1,167,6847,0,0
2023-10-21,P104,S2,134,4556,0,0
2023-10-21,P104,S3,125,4875,1,0
2023-10-21,P105,S1,141,5499,1,0
2023-10-21,P105,S2,124,5952,1,0
2023-10-21,P105,S3,160,6720,0,0
2023-10-22,P101,S1,113,2486,0,1
2023-10-22,P101,S2,110,4070,1,1
2023-10-22,P101,S3,148,6660,0,1
2023-10-22,P102,S1,142,6958,0,1
2023-10-22,P102,S2,162,6156,0,1
2023-10-22,P102,S3,131,5895,0,1
2023-10-22,P103,S1,168,3528,0,1
2023-10-22,P103,S2,139,6811,0,1
2023-10-22,P103,S3,166,6474,0,1
2023-10-22,P104,S1,107,3210,0,1
2023-10-22,P104,S2,119,3808,0,1
2023-10-22,P104,S3,139,4309,0,1
2023-10-22,P105,S1,160,4160,0,1
2023-10-22,P105,S2,193,5404,0,1
2023-10-22,P105,S3,155,5580,0,1
2023-10-23,P101,S1,135,5130,0,0
2023-10-23,P101,S2,124,3844,0,0
2023-10-23,P101,S3,142,3408,1,0
2023-10-23,P102,S1,129,2967,1,0
2023-10-23,P102,S2,158,4266,0,0
2023-10-23,P102,S3,118,2478,0,0
2023-10-23,P103,S1,133,6384,1,0
2023-10-23,P103,S2,128,5888,1,0
2023-10-23,P103,S3,112,4704,0,0
2023-10-23,P104,S1,123,3567,0,0
2023-10-23,P104,S2,95,2850,0,0
2023-10-23,P104,S3,106,2120,0,0
2023-10-23,P105,S1,119,2856,0,0
2023-10-23,P105,S2,114,3876,1,0
2023-10-23,P105,S3,143,3432,0,0
2023-10-24,P101,S1,111,4995,0,0
2023-10-24,P101,S2,136,4624,0,0
2023-10-24,P101,S3,128,2816,1,0
2023-10-24,P102,S1,122,3904,0,0
2023-10-24,P102,S2,125,5375,0,0
2023-10-24,P102,S3,106,3604,1,0
2023-10-24,P103,S1,124,3720,0,0
2023-10-24,P103,S2,120,5400,0,0
2023-10-24,P103,S3,128,5504,0,0
2023-10-24,P104,S1,108,3240,0,0
2023-10-24,P104,S2,126,3150,0,0
2023-10-24,P104,S3,135,4455,0,0
2023-10-24,P105,S1,135,5805,0,0
2023-10-24,P105,S2,122,5246,0,0
2023-10-24,P105,S3,123,5904,0,0
2023-10-25,P101,S1,125,2875,1,0
2023-10-25,P101,S2,113,3955,0,0
2023-10-25,P101,S3,112,2800,0,0
2023-10-25,P102,S1,80,3360,0,0
2023-10-25,P102,S2,117,3861,0,0
2023-10-25,P102,S3,136,3672,0,0
2023-10-25,P103,S1,97,3783,0,0
2023-10-25,P103,S2,124,2976,1,0
2023-10-25,P103,S3,105,3360,0,0
2023-10-25,P104,S1,104,3328,0,0
2023-10-25,P104,S2,148,3996,1,0
2023-10-25,P104,S3,119,5474,0,0
2023-10-25,P105,S1,111,2775,1,0
2023-10-25,P105,S2,115,3795,0,0
2023-10-25,P105,S3,118,4366,0,0
2023-10-26,P101,S1,135,2970,1,0
2023-10-26,P101,S2,114,3534,1,0
2023-10-26,P101,S3,113,2938,0,0
2023-10-26,P102,S1,138,4830,1,0
2023-10-26,P102,S2,91,3367,1,0
2023-10-26,P102,S3,147,3675,0,0
2023-10-26,P103,S1,131,5109,0,0
2023-10-26,P103,S2,132,5940,1,0
2023-10-26,P103,S3,126,4158,0,0
2023-10-26,P104,S1,92,2024,0,0
2023-10-26,P104,S2,101,4646,0,0
2023-10-26,P104,S3,121,5808,0,0
2023-10-26,P105,S1,99,2673,1,0
2023-10-26,P105,S2,107,4922,0,0
2023-10-26,P105,S3,132,6468,1,0
2023-10-27,P101,S1,113,3616,1,0
2023-10-27,P101,S2,118,4720,0,0
2023-10-27,P101,S3,88,2200,0,0
2023-10-27,P102,S1,117,5148,0,0
2023-10-27,P102,S2,146,7154,0,0
2023-10-27,P102,S3,123,2460,0,0
2023-10-27,P103,S1,125,6125,0,0
2023-10-27,P103,S2,101,4848,0,0
2023-10-27,P103,S3,105,3150,1,0
2023-10-27,P104,S1,132,3828,1,0
2023-10-27,P104,S2,132,6336,0,0
2023-10-27,P104,S3,113,3955,1,0
2023-10-27,P105,S1,128,4608,0,0
2023-10-27,P105,S2,118,3422,0,0
2023-10-27,P105,S3,99,3366,0,0
2023-10-28,P101,S1,148,3404,0,0
2023-10-28,P101,S2,151,4077,0,0
2023-10-28,P101,S3,146,5694,1,0
2023-10-28,P102,S1,156,5928,0,0
2023-10-28,P102,S2,144,3312,0,0
2023-10-28,P102,S3,137,5069,0,0
2023-10-28,P103,S1,147,4998,0,0
2023-10-28,P103,S2,148,5624,0,0
2023-10-28,P103,S3,138,3450,0,0
2023-10-28,P104,S1,158,5056,0,0
2023-10-28,P104,S2,155,7440,0,0
2023-10-28,P104,S3,164,6396,0,0
2023-10-28,P105,S1,135,5130,0,0
2023-10-28,P105,S2,153,4743,0,0
2023-10-28,P105,S3,130,5460,1,0
2023-10-29,P101,S1,121,5203,1,1
2023-10-29,P101,S2,138,4830,1,1
2023-10-29,P101,S3,127,3048,0,1
2023-10-29,P102,S1,153,4437,0,1
2023-10-29,P102,S2,143,5291,0,1
2023-10-29,P102,S3,137,3973,0,1
2023-10-29,P103,S1,139,5977,0,1
2023-10-29,P103,S2,142,4970,1,1
2023-10-29,P103,S3,159,7632,0,1
2023-10-29,P104,S1,136,5712,0,1
2023-10-29,P104,S2,149,5364,1,1
2023-10-29,P104,S3,128,4992,0,1
2023-10-29,P105,S1,133,4522,0,1
2023-10-29,P105,S2,140,6440,0,1
2023-10-29,P105,S3,178,7654,1,1
2023-10-30,P101,S1,128,4864,1,0
2023-10-30,P101,S2,119,4760,1,0
2023-10-30,P101,S3,129,6063,0,0
2023-10-30,P102,S1,110,3190,0,0
2023-10-30,P102,S2,116,4292,0,0
2023-10-30,P102,S3,133,5586,1,0
2023-10-30,P103,S1,100,4700,0,0
2023-10-30,P103,S2,112,2352,0,0
2023-10-30,P103,S3,122,5856,0,0
2023-10-30,P104,S1,122,5002,0,0
2023-10-30,P104,S2,102,4692,0,0
2023-10-30,P104,S3,105,5040,0,0
2023-10-30,P105,S1,114,2508,1,0
2023-10-30,P105,S2,123,5658,0,0
2023-10-30,P105,S3,107,3210,0,0
2023-10-31,P101,S1,137,4247,0,0
2023-10-31,P101,S2,102,4284,1,0
2023-10-31,P101,S3,146,5256,0,0
2023-10-31,P102,S1,127,4191,0,0
2023-10-31,P102,S2,116,2784,0,0
2023-10-31,P102,S3,92,2300,0,0
2023-10-31,P103,S1,114,4560,0,0
2023-10-31,P103,S2,122,2684,1,0
2023-10-31,P103,S3,123,4797,0,0
2023-10-31,P104,S1,122,4758,0,0
2023-10-31,P104,S2,104,2704,0,0
2023-10-31,P104,S3,97,3395,0,0
2023-10-31,P105,S1,107,4280,0,0
2023-10-31,P105,S2,132,5940,1,0
2023-10-31,P105,S3,124,2604,0,0
2023-11-01,P101,S1,109,3706,1,0
2023-11-01,P101,S2,122,2440,0,0
2023-11-01,P101,S3,134,3484,0,0
2023-11-01,P102,S1,129,6063,0,0
2023-11-01,P102,S2,127,4953,0,0
2023-11-01,P102,S3,117,5265,0,0
2023-11-01,P103,S1,131,5109,0,0
2023-11-01,P103,S2,105,4935,0,0
2023-11-01,P103,S3,110,3410,0,0
2023-11-01,P104,S1,129,6192,0,0
2023-11-01,P104,S2,125,4875,0,0
2023-11-01,P104,S3,126,3528,0,0
2023-11-01,P105,S1,109,4796,1,0
2023-11-01,P105,S2,117,4212,0,0
2023-11-01,P105,S3,133,5985,0,0
2023-11-02,P101,S1,129,3741,0,0
2023-11-02,P101,S2,119,3570,1,0
2023-11-02,P101,S3,123,5412,0,0
2023-11-02,P102,S1,137,3425,0,0
2023-11-02,P102,S2,134,3082,0,0
2023-11-02,P102,S3,136,3944,1,0
2023-11-02,P103,S1,148,4588,0,0
2023-11-02,P103,S2,102,3672,1,0
2023-11-02,P103,S3,130,2600,0,0
2023-11-02,P104,S1,118,2478,0,0
2023-11-02,P104,S2,108,2160,0,0
2023-11-02,P104,S3,131,3275,1,0
2023-11-02,P105,S1,126,5544,0,0
2023-11-02,P105,S2,116,4524,0,0
2023-11-02,P105,S3,99,2475,0,0
2023-11-03,P101,S1,104,2600,0,0
2023-11-03,P101,S2,131,6157,0,0
2023-11-03,P101,S3,155,6975,0,0
2023-11-03,P102,S1,126,5922,0,0
2023-11-03,P102,S2,106,4346,0,0
2023-11-03,P102,S3,107,4494,0,0
2023-11-03,P103,S1,124,2976,0,0
2023-11-03,P103,S2,134,3886,0,0
2023-11-03,P103,S3,121,4840,0,0
2023-11-03,P104,S1,142,5396,0,0
2023-11-03,P104,S2,128,5376,0,0
2023-11-03,P104,S3,99,4752,0,0
2023-11-03,P105,S1,137,5754,0,0
2023-11-03,P105,S2,121,2783,0,0
2023-11-03,P105,S3,140,3500,0,0
2023-11-04,P101,S1,119,4522,0,0
2023-11-04,P101,S2,137,6028,1,0
2023-11-04,P101,S3,175,8400,0,0
2023-11-04,P102,S1,149,5811,0,0
2023-11-04,P102,S2,163,7824,0,0
2023-11-04,P102,S3,155,6820,1,0
2023-11-04,P103,S1,136,4352,1,0
2023-11-04,P103,S2,160,6240,1,0
2023-11-04,P103,S3,130,6370,1,0
2023-11-04,P104,S1,118,4130,0,0
2023-11-04,P104,S2,157,7536,0,0
2023-11-04,P104,S3,165,6105,1,0
2023-11-04,P105,S1,138,6762,0,0
2023-11-04,P105,S2,118,3540,0,0
2023-11-04,P105,S3,156,7176,1,0
2023-11-05,P101,S1,145,5075,0,1
2023-11-05,P101,S2,157,4867,0,1
2023-11-05,P101,S3,112,2352,1,1
2023-11-05,P102,S1,131,3668,0,1
2023-11-05,P102,S2,161,5313,0,1
2023-11-05,P102,S3,140,4620,0,1
2023-11-05,P103,S1,132,3696,1,1
2023-11-05,P103,S2,133,5852,1,1
2023-11-05,P103,S3,128,4224,0,1
2023-11-05,P104,S1,117,4212,0,1
2023-11-05,P104,S2,117,2691,1,1
2023-11-05,P104,S3,114,2964,0,1
2023-11-05,P105,S1,143,4433,0,1
2023-11-05,P105,S2,162,6804,0,1
2023-11-05,P105,S3,148,5920,0,1
2023-11-06,P101,S1,120,2640,0,0
2023-11-06,P101,S2,92,2576,1,0
2023-11-06,P101,S3,115,4370,1,0
2023-11-06,P102,S1,127,5461,1,0
2023-11-06,P102,S2,136,4352,0,0
2023-11-06,P102,S3,140,5180,0,0
2023-11-06,P103,S1,113,3955,0,0
2023-11-06,P103,S2,118,5310,0,0
2023-11-06,P103,S3,112,4256,0,0
2023-11-06,P104,S1,119,5593,0,0
2023-11-06,P104,S2,140,6300,0,0
2023-11-06,P104,S3,135,5805,1,0
2023-11-06,P105,S1,117,3393,0,0
2023-11-06,P105,S2,96,3840,0,0
2023-11-06,P105,S3,140,5600,0,0
2023-11-07,P101,S1,126,4410,0,0
2023-11-07,P101,S2,141,6204,0,0
2023-11-07,P101,S3,133,6251,0,0
2023-11-07,P102,S1,110,4950,0,0
2023-11-07,P102,S2,129,5418,1,0
2023-11-07,P102,S3,129,3870,0,0
2023-11-07,P103,S1,123,2829,0,0
2023-11-07,P103,S2,140,4060,0,0
2023-11-07,P103,S3,127,3302,0,0
2023-11-07,P104,S1,119,2737,0,0
2023-11-07,P104,S2,129,3612,0,0
2023-11-07,P104,S3,110,4620,0,0
2023-11-07,P105,S1,143,4147,0,0
2023-11-07,P105,S2,137,6165,1,0
2023-11-07,P105,S3,120,4560,0,0
2023-11-08,P101,S1,109,4469,0,0
2023-11-08,P101,S2,95,1995,0,0
2023-11-08,P101,S3,119,3094,0,0
2023-11-08,P102,S1,125,3625,1,0
2023-11-08,P102,S2,122,5246,0,0
2023-11-08,P102,S3,107,2675,1,0
2023-11-08,P103,S1,102,2550,0,0
2023-11-08,P103,S2,119,4879,0,0
2023-11-08,P103,S3,120,3840,0,0
2023-11-08,P104,S1,123,3444,1,0
2023-11-08,P104,S2,116,2668,0,0
2023-11-08,P104,S3,109,4687,0,0
2023-11-08,P105,S1,100,3900,0,0
2023-11-08,P105,S2,147,6909,0,0
2023-11-08,P105,S3,128,5248,0,0
2023-11-09,P101,S1,134,5360,0,0
2023-11-09,P101,S2,152,3344,0,0
2023-11-09,P101,S3,126,4536,0,0
2023-11-09,P102,S1,118,3776,1,0
2023-11-09,P102,S2,117,2574,1,0
2023-11-09,P102,S3,85,2720,0,0
2023-11-09,P103,S1,120,5400,0,0
2023-11-09,P103,S2,108,2808,0,0
2023-11-09,P103,S3,110,3740,0,0
2023-11-09,P104,S1,138,3864,1,0
2023-11-09,P104,S2,132,3828,0,0
2023-11-09,P104,S3,101,4141,0,0
2023-11-09,P105,S1,124,4836,0,0
2023-11-09,P105,S2,110,5280,0,0
2023-11-09,P105,S3,138,3174,0,0
2023-11-10,P101,S1,164,3608,0,0
2023-11-10,P101,S2,128,3968,0,0
2023-11-10,P101,S3,101,2626,0,0
2023-11-10,P102,S1,110,3410,0,0
2023-11-10,P102,S2,125,2875,0,0
2023-11-10,P102,S3,118,2832,1,0
2023-11-10,P103,S1,125,6000,1,0
2023-11-10,P103,S2,141,3807,0,0
2023-11-10,P103,S3,135,3105,1,0
2023-11-10,P104,S1,91,3549,0,0
2023-11-10,P104,S2,130,6240,1,0
2023-11-10,P104,S3,105,5145,1,0
2023-11-10,P105,S1,148,6364,0,0
2023-11-10,P105,S2,102,3672,0,0
2023-11-10,P105,S3,113,3051,1,0
2023-11-11,P101,S1,114,3990,0,0
2023-11-11,P101,S2,150,4500,0,0
2023-11-11,P101,S3,134,4422,1,0
2023-11-11,P102,S1,146,5694,0,0
2023-11-11,P102,S2,161,3864,0,0
2023-11-11,P102,S3,121,5324,0,0
2023-11-11,P103,S1,157,5495,0,0
2023-11-11,P103,S2,141,5499,0,0
2023-11-11,P103,S3,161,7084,0,0
2023-11-11,P104,S1,146,3212,0,0
2023-11-11,P104,S2,146,5110,0,0
2023-11-11,P104,S3,155,7440,0,0
2023-11-11,P105,S1,135,3375,1,0
2023-11-11,P105,S2,135,6345,1,0
2023-11-11,P105,S3,143,4290,0,0
2023-11-12,P101,S1,138,4554,0,1
2023-11-12,P101,S2,140,5460,0,1
2023-11-12,P101,S3,153,6579,0,1
2023-11-12,P102,S1,137,6302,1,1
2023-11-12,P102,S2,165,7755,0,1
2023-11-12,P102,S3,137,4932,0,1
2023-11-12,P103,S1,161,6279,0,1
2023-11-12,P103,S2,160,5600,0,1
2023-11-12,P103,S3,149,3427,1,1
2023-11-12,P104,S1,157,7379,0,1
2023-11-12,P104,S2,117,5031,0,1
2023-11-12,P104,S3,151,4832,0,1
2023-11-12,P105,S1,130,3640,0,1
2023-11-12,P105,S2,121,4235,0,1
2023-11-12,P105,S3,149,3129,0,1
2023-11-13,P101,S1,115,5060,0,0
2023-11-13,P101,S2,105,3675,0,0
2023-11-13,P101,S3,93,3255,0,0
2023-11-13,P102,S1,114,2394,0,0
2023-11-13,P102,S2,129,6192,0,0
2023-11-13,P102,S3,110,5280,0,0
2023-11-13,P103,S1,137,5480,0,0
2023-11-13,P103,S2,111,2331,0,0
2023-11-13,P103,S3,123,5412,1,0
2023-11-13,P104,S1,121,4719,1,0
2023-11-13,P104,S2,123,3198,0,0
2023-11-13,P104,S3,117,2925,0,0
2023-11-13,P105,S1,87,2958,0,0
2023-11-13,P105,S2,91,4277,1,0
2023-11-13,P105,S3,146,5694,1,0
2023-11-14,P101,S1,132,3036,0,0
2023-11-14,P101,S2,123,3690,0,0
2023-11-14,P101,S3,148,5772,1,0
2023-11-14,P102,S1,117,3510,1,0
2023-11-14,P102,S2,114,2622,0,0
2023-11-14,P102,S3,125,5500,0,0
2023-11-14,P103,S1,126,4410,0,0
2023-11-14,P103,S2,123,3813,0,0
2023-11-14,P103,S3,133,3458,0,0
2023-11-14,P104,S1,138,4968,1,0
2023-11-14,P104,S2,97,3298,1,0
2023-11-14,P104,S3,116,4408,0,0
2023-11-14,P105,S1,124,2604,1,0
2023-11-14,P105,S2,110,4510,0,0
2023-11-14,P105,S3,131,5240,0,0
2023-11-15,P101,S1,153,4131,0,0
2023-11-15,P101,S2,121,5687,0,0
2023-11-15,P101,S3,125,3250,0,0
2023-11-15,P102,S1,95,3040,0,0
2023-11-15,P102,S2,129,4128,0,0
2023-11-15,P102,S3,101,4040,0,0
2023-11-15,P103,S1,132,6468,0,0
2023-11-15,P103,S2,112,3248,1,0
2023-11-15,P103,S3,131,5633,0,0
2023-11-15,P104,S1,113,4294,0,0
2023-11-15,P104,S2,109,4033,0,0
2023-11-15,P104,S3,113,4068,0,0
2023-11-15,P105,S1,117,4212,0,0
2023-11-15,P105,S2,128,6016,0,0
2023-11-15,P105,S3,116,4640,1,0
2023-11-16,P101,S1,122,5124,0,0
2023-11-16,P101,S2,157,5809,0,0
2023-11-16,P101,S3,125,5375,0,0
2023-11-16,P102,S1,135,4860,0,0
2023-11-16,P102,S2,142,4544,0,0
2023-11-16,P102,S3,139,4309,0,0
2023-11-16,P103,S1,117,4797,0,0
2023-11-16,P103,S2,113,5424,0,0
2023-11-16,P103,S3,114,4104,0,0
2023-11-16,P104,S1,111,2442,0,0
2023-11-16,P104,S2,128,5760,1,0
2023-11-16,P104,S3,122,4148,0,0
2023-11-16,P105,S1,118,2360,0,0
2023-11-16,P105,S2,133,6517,0,0
2023-11-16,P105,S3,108,3456,0,0
2023-11-17,P101,S1,132,5148,0,0
2023-11-17,P101,S2,109,2289,1,0
2023-11-17,P101,S3,128,5120,0,0
2023-11-17,P102,S1,126,3906,0,0
2023-11-17,P102,S2,100,2700,1,0
2023-11-17,P102,S3,129,4257,1,0
2023-11-17,P103,S1,133,4655,1,0
2023-11-17,P103,S2,116,4408,0,0
2023-11-17,P103,S3,134,4154,1,0
2023-11-17,P104,S1,124,5704,0,0
2023-11-17,P104,S2,111,4440,0,0
2023-11-17,P104,S3,122,3782,0,0
2023-11-17,P105,S1,131,5633,0,0
2023-11-17,P105,S2,136,3944,0,0
2023-11-17,P105,S3,141,4371,0,0
2023-11-18,P101,S1,135,5265,0,0
2023-11-18,P101,S2,138,3726,0,0
2023-11-18,P101,S3,134,4958,0,0
2023-11-18,P102,S1,162,3402,1,0
2023-11-18,P102,S2,146,7008,0,0
2023-11-18,P102,S3,155,5115,1,0
2023-11-18,P103,S1,132,4092,0,0
2023-11-18,P103,S2,149,6705,0,0
2023-11-18,P103,S3,134,3752,1,0
2023-11-18,P104,S1,115,2990,0,0
2023-11-18,P104,S2,132,3432,1,0
2023-11-18,P104,S3,139,6533,0,0
2023-11-18,P105,S1,143,4576,0,0
2023-11-18,P105,S2,157,7693,0,0
2023-11-18,P105,S3,143,6006,0,0
2023-11-19,P101,S1,137,3562,1,1
2023-11-19,P101,S2,150,6900,0,1
2023-11-19,P101,S3,147,4998,0,1
2023-11-19,P102,S1,158,4898,0,1
2023-11-19,P102,S2,151,6493,0,1
2023-11-19,P102,S3,134,3216,0,1
2023-11-19,P103,S1,127,3429,0,1
2023-11-19,P103,S2,179,6444,0,1
2023-11-19,P103,S3,158,4898,1,1
2023-11-19,P104,S1,165,3300,1,1
2023-11-19,P104,S2,132,4488,0,1
2023-11-19,P104,S3,148,4884,0,1
2023-11-19,P105,S1,167,6847,0,1
2023-11-19,P105,S2,157,3140,0,1
2023-11-19,P105,S3,126,3780,0,1
2023-11-20,P101,S1,94,3196,1,0
2023-11-20,P101,S2,130,4940,0,0
2023-11-20,P101,S3,116,2668,0,0
2023-11-20,P102,S1,150,3600,0,0
2023-11-20,P102,S2,117,4095,0,0
2023-11-20,P102,S3,143,4433,0,0
2023-11-20,P103,S1,130,6370,0,0
2023-11-20,P103,S2,141,4371,1,0
2023-11-20,P103,S3,140,3080,1,0
2023-11-20,P104,S1,142,3834,0,0
2023-11-20,P104,S2,141,5922,0,0
2023-11-20,P104,S3,149,3725,0,0
2023-11-20,P105,S1,125,5500,0,0
2023-11-20,P105,S2,107,3424,0,0
2023-11-20,P105,S3,138,4554,1,0
2023-11-21,P101,S1,119,3332,0,0
2023-11-21,P101,S2,118,4720,1,0
2023-11-21,P101,S3,109,4360,1,0
2023-11-21,P102,S1,154,7084,0,0
2023-11-21,P102,S2,137,5891,0,0
2023-11-21,P102,S3,124,4464,0,0
2023-11-21,P103,S1,129,3225,0,0
2023-11-21,P103,S2,130,5590,0,0
2023-11-21,P103,S3,126,2772,0,0
2023-11-21,P104,S1,133,3990,0,0
2023-11-21,P104,S2,127,5461,1,0
2023-11-21,P104,S3,120,5760,1,0
2023-11-21,P105,S1,110,4840,1,0
2023-11-21,P105,S2,90,4050,0,0
2023-11-21,P105,S3,121,2904,1,0
2023-11-22,P101,S1,129,3999,0,0
2023-11-22,P101,S2,123,5535,1,0
2023-11-22,P101,S3,112,4032,0,0
2023-11-22,P102,S1,88,3520,0,0
2023-11-22,P102,S2,128,4224,0,0
2023-11-22,P102,S3,122,4270,0,0
2023-11-22,P103,S1,138,5658,0,0
2023-11-22,P103,S2,93,3534,0,0
2023-11-22,P103,S3,136,3264,0,0
2023-11-22,P104,S1,112,5264,0,0
2023-11-22,P104,S2,115,3565,0,0
2023-11-22,P104,S3,103,4635,1,0
2023-11-22,P105,S1,139,3197,0,0
2023-11-22,P105,S2,125,3625,0,0
2023-11-22,P105,S3,109,4905,1,0
2023-11-23,P101,S1,117,2457,1,0
2023-11-23,P101,S2,133,5187,0,0
2023-11-23,P101,S3,89,2492,0,0
2023-11-23,P102,S1,130,4550,1,0
2023-11-23,P102,S2,117,4797,0,0
2023-11-23,P102,S3,132,4752,1,0
2023-11-23,P103,S1,120,5040,1,0
2023-11-23,P103,S2,101,2222,1,0
2023-11-23,P103,S3,122,4514,1,0
2023-11-23,P104,S1,125,5500,0,0
2023-11-23,P104,S2,138,3864,1,0
2023-11-23,P104,S3,120,3120,0,0
2023-11-23,P105,S1,113,4520,0,0
2023-11-23,P105,S2,104,2808,0,0
2023-11-23,P105,S3,142,4118,0,0
2023-11-24,P101,S1,104,2184,1,0
2023-11-24,P101,S2,104,3016,0,0
2023-11-24,P101,S3,109,2725,1,0
2023-11-24,P102,S1,121,3993,0,0
2023-11-24,P102,S2,128,3200,0,0
2023-11-24,P102,S3,136,4896,0,0
2023-11-24,P103,S1,135,3645,1,0
2023-11-24,P103,S2,126,3402,0,0
2023-11-24,P103,S3,121,3388,1,0
2023-11-24,P104,S1,124,4588,0,0
2023-11-24,P104,S2,133,6517,0,0
2023-11-24,P104,S3,147,4851,0,0
2023-11-24,P105,S1,99,4455,1,0
2023-11-24,P105,S2,99,4455,0,0
2023-11-24,P105,S3,116,3480,1,0
2023-11-25,P101,S1,147,5145,0,0
2023-11-25,P101,S2,130,4810,0,0
2023-11-25,P101,S3,138,6348,0,0
2023-11-25,P102,S1,133,2660,1,0
2023-11-25,P102,S2,109,4796,0,0
2023-11-25,P102,S3,127,3048,1,0
2023-11-25,P103,S1,137,3151,0,0
2023-11-25,P103,S2,125,3375,0,0
2023-11-25,P103,S3,143,7007,0,0
2023-11-25,P104,S1,159,5088,0,0
2023-11-25,P104,S2,162,7128,0,0
2023-11-25,P104,S3,163,7661,0,0
2023-11-25,P105,S1,139,6672,1,0
2023-11-25,P105,S2,131,3930,0,0
2023-11-25,P105,S3,127,5588,1,0
2023-11-26,P101,S1,134,6566,0,1
2023-11-26,P101,S2,125,3750,0,1
2023-11-26,P101,S3,140,4060,0,1
2023-11-26,P102,S1,131,5895,1,1
2023-11-26,P102,S2,133,5320,0,1
2023-11-26,P102,S3,140,3220,0,1
2023-11-26,P103,S1,137,5891,1,1
2023-11-26,P103,S2,139,4448,0,1
2023-11-26,P103,S3,115,2875,0,1
2023-11-26,P104,S1,126,3528,0,1
2023-11-26,P104,S2,173,8477,0,1
2023-11-26,P104,S3,121,3993,0,1
2023-11-26,P105,S1,105,4410,0,1
2023-11-26,P105,S2,148,4144,1,1
2023-11-26,P105,S3,153,5967,0,1
2023-11-27,P101,S1,113,2712,0,0
2023-11-27,P101,S2,127,4191,0,0
2023-11-27,P101,S3,114,2622,0,0
2023-11-27,P102,S1,121,4598,1,0
2023-11-27,P102,S2,133,5054,1,0
2023-11-27,P102,S3,126,4032,1,0
2023-11-27,P103,S1,123,3198,0,0
2023-11-27,P103,S2,120,4800,1,0
2023-11-27,P103,S3,125,6000,0,0
2023-11-27,P104,S1,118,5664,0,0
2023-11-27,P104,S2,134,4422,0,0
2023-11-27,P104,S3,145,6670,0,0
2023-11-27,P105,S1,133,5453,0,0
2023-11-27,P105,S2,109,4578,0,0
2023-11-27,P105,S3,123,3936,1,0
2023-11-28,P101,S1,121,4719,0,0
2023-11-28,P101,S2,120,2400,1,0
2023-11-28,P101,S3,128,2560,0,0
2023-11-28,P102,S1,133,4655,0,0
2023-11-28,P102,S2,108,3132,0,0
2023-11-28,P102,S3,126,6048,0,0
2023-11-28,P103,S1,88,2728,1,0
2023-11-28,P103,S2,120,5160,0,0
2023-11-28,P103,S3,115,2875,0,0
2023-11-28,P104,S1,129,2967,0,0
2023-11-28,P104,S2,143,3861,0,0
2023-11-28,P104,S3,102,4386,0,0
2023-11-28,P105,S1,122,5856,0,0
2023-11-28,P105,S2,115,4830,0,0
2023-11-28,P105,S3,102,3774,0,0
2023-11-29,P101,S1,111,3885,0,0
2023-11-29,P101,S2,103,3090,0,0
2023-11-29,P101,S3,142,5822,1,0
2023-11-29,P102,S1,105,4935,0,0
2023-11-29,P102,S2,114,2622,1,0
2023-11-29,P102,S3,132,4224,0,0
2023-11-29,P103,S1,117,4095,0,0
2023-11-29,P103,S2,137,3973,0,0
2023-11-29,P103,S3,147,3675,1,0
2023-11-29,P104,S1,129,3612,0,0
2023-11-29,P104,S2,103,2472,0,0
2023-11-29,P104,S3,124,3224,1,0
2023-11-29,P105,S1,114,5244,0,0
2023-11-29,P105,S2,90,4140,1,0
2023-11-29,P105,S3,110,4400,0,0
2023-11-30,P101,S1,125,4000,0,0
2023-11-30,P101,S2,115,4025,0,0
2023-11-30,P101,S3,120,3720,1,0
2023-11-30,P102,S1,114,2394,0,0
2023-11-30,P102,S2,140,6580,0,0
2023-11-30,P102,S3,136,3264,0,0
2023-11-30,P103,S1,90,3330,1,0
2023-11-30,P103,S2,121,5203,1,0
2023-11-30,P103,S3,110,4840,0,0
2023-11-30,P104,S1,105,5145,0,0
2023-11-30,P104,S2,87,3480,1,0
2023-11-30,P104,S3,101,4747,0,0
2023-11-30,P105,S1,122,5490,0,0
2023-11-30,P105,S2,110,4290,0,0
2023-11-30,P105,S3,94,3290,0,0
2023-12-01,P101,S1,125,3125,0,0
2023-12-01,P101,S2,152,4712,1,0
2023-12-01,P101,S3,140,2940,0,0
2023-12-01,P102,S1,140,4200,0,0
2023-12-01,P102,S2,118,4484,0,0
2023-12-01,P102,S3,115,3335,0,0
2023-12-01,P103,S1,131,4716,0,0
2023-12-01,P103,S2,111,4995,0,0
2023-12-01,P103,S3,130,3510,0,0
2023-12-01,P104,S1,115,5290,1,0
2023-12-01,P104,S2,131,2882,0,0
2023-12-01,P104,S3,159,6678,0,0
2023-12-01,P105,S1,128,2688,0,0
2023-12-01,P105,S2,119,4760,0,0
2023-12-01,P105,S3,105,4515,1,0
2023-12-02,P101,S1,137,5069,0,0
2023-12-02,P101,S2,143,4433,0,0
2023-12-02,P101,S3,134,4690,0,0
2023-12-02,P102,S1,157,5495,1,0
2023-12-02,P102,S2,128,3328,0,0
2023-12-02,P102,S3,155,5115,0,0
2023-12-02,P103,S1,130,6110,1,0
2023-12-02,P103,S2,137,3151,0,0
2023-12-02,P103,S3,164,6560,1,0
2023-12-02,P104,S1,143,5863,0,0
2023-12-02,P104,S2,129,5547,1,0
2023-12-02,P104,S3,156,5304,0,0
2023-12-02,P105,S1,150,6900,0,0
2023-12-02,P105,S2,149,6109,1,0
2023-12-02,P105,S3,152,5928,0,0
2023-12-03,P101,S1,168,6888,0,1
2023-12-03,P101,S2,129,3741,1,1
2023-12-03,P101,S3,125,4125,1,1
2023-12-03,P102,S1,143,3861,0,1
2023-12-03,P102,S2,126,6174,0,1
2023-12-03,P102,S3,161,7084,0,1
2023-12-03,P103,S1,142,6674,1,1
2023-12-03,P103,S2,145,3190,1,1
2023-12-03,P103,S3,152,7296,0,1
2023-12-03,P104,S1,148,6068,0,1
2023-12-03,P104,S2,160,5760,0,1
2023-12-03,P104,S3,160,7680,1,1
2023-12-03,P105,S1,125,5125,0,1
2023-12-03,P105,S2,139,4170,0,1
2023-12-03,P105,S3,176,7392,0,1
2023-12-04,P101,S1,131,4192,1,0
2023-12-04,P101,S2,124,3720,1,0
2023-12-04,P101,S3,134,4288,0,0
2023-12-04,P102,S1,128,4608,0,0
2023-12-04,P102,S2,123,5166,0,0
2023-12-04,P102,S3,144,6624,0,0
2023-12-04,P103,S1,146,3796,0,0
2023-12-04,P103,S2,124,5704,0,0
2023-12-04,P103,S3,95,2090,1,0
2023-12-04,P104,S1,125,4500,0,0
2023-12-04,P104,S2,112,2912,0,0
2023-12-04,P104,S3,108,3780,0,0
2023-12-04,P105,S1,124,4092,0,0
2023-12-04,P105,S2,134,5092,1,0
2023-12-04,P105,S3,139,3614,0,0
2023-12-05,P101,S1,83,3237,0,0
2023-12-05,P101,S2,125,3250,0,0
2023-12-05,P101,S3,131,5764,1,0
2023-12-05,P102,S1,145,6960,0,0
2023-12-05,P102,S2,98,4802,1,0
2023-12-05,P102,S3,107,4173,0,0
2023-12-05,P103,S1,107,3852,0,0
2023-12-05,P103,S2,116,4756,0,0
2023-12-05,P103,S3,139,3892,0,0
2023-12-05,P104,S1,115,5060,0,0
2023-12-05,P104,S2,130,2860,0,0
2023-12-05,P104,S3,120,4800,1,0
2023-12-05,P105,S1,139,4587,1,0
2023-12-05,P105,S2,147,6027,0,0
2023-12-05,P105,S3,171,3933,0,0
2023-12-06,P101,S1,105,3150,0,0
2023-12-06,P101,S2,110,2970,0,0
2023-12-06,P101,S3,141,6768,0,0
2023-12-06,P102,S1,119,4641,0,0
2023-12-06,P102,S2,105,3990,0,0
2023-12-06,P102,S3,96,3936,1,0
2023-12-06,P103,S1,128,4480,0,0
2023-12-06,P103,S2,135,4320,1,0
2023-12-06,P103,S3,112,4144,0,0
2023-12-06,P104,S1,116,4872,0,0
2023-12-06,P104,S2,121,3630,0,0
2023-12-06,P104,S3,136,5440,0,0
2023-12-06,P105,S1,134,4154,0,0
2023-12-06,P105,S2,123,5904,0,0
2023-12-06,P105,S3,124,4464,1,0
2023-12-07,P101,S1,114,5244,1,0
2023-12-07,P101,S2,146,3650,0,0
2023-12-07,P101,S3,104,3952,1,0
2023-12-07,P102,S1,115,2300,0,0
2023-12-07,P102,S2,136,3672,1,0
2023-12-07,P102,S3,120,5160,0,0
2023-12-07,P103,S1,133,5054,0,0
2023-12-07,P103,S2,116,2784,1,0
2023-12-07,P103,S3,135,5940,0,0
2023-12-07,P104,S1,125,6125,0,0
2023-12-07,P104,S2,142,6532,0,0
2023-12-07,P104,S3,148,6068,1,0
2023-12-07,P105,S1,150,4500,1,0
2023-12-07,P105,S2,151,5134,0,0
2023-12-07,P105,S3,125,5625,0,0
2023-12-08,P101,S1,109,3270,0,0
2023-12-08,P101,S2,137,5617,0,0
2023-12-08,P101,S3,127,5715,0,0
2023-12-08,P102,S1,136,5712,0,0
2023-12-08,P102,S2,123,5658,0,0
2023-12-08,P102,S3,142,4828,1,0
2023-12-08,P103,S1,107,3852,0,0
2023-12-08,P103,S2,110,4840,1,0
2023-12-08,P103,S3,141,5781,0,0
2023-12-08,P104,S1,137,6439,0,0
2023-12-08,P104,S2,116,3596,0,0
2023-12-08,P104,S3,107,3103,0,0
2023-12-08,P105,S1,127,3810,0,0
2023-12-08,P105,S2,128,2688,0,0
2023-12-08,P105,S3,126,3780,1,0
2023-12-09,P101,S1,144,4032,0,0
2023-12-09,P101,S2,161,6279,0,0
2023-12-09,P101,S3,164,6396,0,0
2023-12-09,P102,S1,174,8178,0,0
2023-12-09,P102,S2,142,4686,0,0
2023-12-09,P102,S3,126,4662,0,0
2023-12-09,P103,S1,138,5934,1,0
2023-12-09,P103,S2,165,5115,0,0
2023-12-09,P103,S3,150,4800,0,0
2023-12-09,P104,S1,142,6816,1,0
2023-12-09,P104,S2,154,6776,1,0
2023-12-09,P104,S3,154,7084,0,0
2023-12-09,P105,S1,172,4472,0,0
2023-12-09,P105,S2,143,3575,0,0
2023-12-09,P105,S3,108,2160,0,0
2023-12-10,P101,S1,146,6278,0,1
2023-12-10,P101,S2,167,4676,1,1
2023-12-10,P101,S3,144,5328,0,1
2023-12-10,P102,S1,127,3556,0,1
2023-12-10,P102,S2,151,4228,0,1
2023-12-10,P102,S3,154,6006,0,1
2023-12-10,P103,S1,141,4230,0,1
2023-12-10,P103,S2,168,6888,1,1
2023-12-10,P103,S3,153,6732,1,1
2023-12-10,P104,S1,127,4572,0,1
2023-12-10,P104,S2,157,5652,1,1
2023-12-10,P104,S3,137,5480,0,1
2023-12-10,P105,S1,132,4224,1,1
2023-12-10,P105,S2,138,5796,0,1
2023-12-10,P105,S3,130,4940,0,1
2023-12-11,P101,S1,116,3016,0,0
2023-12-11,P101,S2,109,4578,0,0
2023-12-11,P101,S3,111,3774,0,0
2023-12-11,P102,S1,131,4323,0,0
2023-12-11,P102,S2,139,5004,0,0
2023-12-11,P102,S3,151,4983,0,0
2023-12-11,P103,S1,111,2442,1,0
2023-12-11,P103,S2,115,2875,0,0
2023-12-11,P103,S3,109,5014,0,0
2023-12-11,P104,S1,145,3770,0,0
2023-12-11,P104,S2,115,4485,0,0
2023-12-11,P104,S3,136,2992,0,0
2023-12-11,P105,S1,135,6210,0,0
2023-12-11,P105,S2,116,2436,0,0
2023-12-11,P105,S3,120,4800,0,0
2023-12-12,P101,S1,119,4760,0,0
2023-12-12,P101,S2,117,4095,1,0
2023-12-12,P101,S3,124,2480,1,0
2023-12-12,P102,S1,122,4392,1,0
2023-12-12,P102,S2,121,5808,0,0
2023-12-12,P102,S3,107,2996,1,0
2023-12-12,P103,S1,134,6030,1,0
2023-12-12,P103,S2,134,5628,1,0
2023-12-12,P103,S3,111,2220,0,0
2023-12-12,P104,S1,116,4872,1,0
2023-12-12,P104,S2,96,3744,0,0
2023-12-12,P104,S3,159,5724,1,0
2023-12-12,P105,S1,111,3996,0,0
2023-12-12,P105,S2,109,3597,0,0
2023-12-12,P105,S3,142,4970,1,0
2023-12-13,P101,S1,133,4522,0,0
2023-12-13,P101,S2,116,3944,0,0
2023-12-13,P101,S3,108,4428,0,0
2023-12-13,P102,S1,131,3406,1,0
2023-12-13,P102,S2,108,2376,0,0
2023-12-13,P102,S3,116,2320,0,0
2023-12-13,P103,S1,129,5418,0,0
2023-12-13,P103,S2,115,4830,1,0
2023-12-13,P103,S3,121,4114,0,0
2023-12-13,P104,S1,144,4896,1,0
2023-12-13,P104,S2,131,5240,0,0
2023-12-13,P104,S3,156,7644,0,0
2023-12-13,P105,S1,126,3402,0,0
2023-12-13,P105,S2,133,3325,0,0
2023-12-13,P105,S3,140,4200,0,0
2023-12-14,P101,S1,107,3638,0,0
2023-12-14,P101,S2,117,3393,1,0
2023-12-14,P101,S3,127,3683,0,0
2023-12-14,P102,S1,132,3960,0,0
2023-12-14,P102,S2,121,2662,0,0
2023-12-14,P102,S3,103,3090,0,0
2023-12-14,P103,S1,124,3348,0,0
2023-12-14,P103,S2,103,3605,1,0
2023-12-14,P103,S3,105,2520,0,0
2023-12-14,P104,S1,139,5004,1,0
2023-12-14,P104,S2,119,4641,1,0
2023-12-14,P104,S3,142,5822,0,0
2023-12-14,P105,S1,112,5376,0,0
2023-12-14,P105,S2,148,4144,1,0
2023-12-14,P105,S3,136,3536,0,0
2023-12-15,P101,S1,130,3900,1,0
2023-12-15,P101,S2,104,2808,1,0
2023-12-15,P101,S3,144,3312,0,0
2023-12-15,P102,S1,120,2880,1,0
2023-12-15,P102,S2,98,4018,0,0
2023-12-15,P102,S3,101,3232,0,0
2023-12-15,P103,S1,114,2280,1,0
2023-12-15,P103,S2,130,3120,0,0
2023-12-15,P103,S3,103,3708,0,0
2023-12-15,P104,S1,106,4876,1,0
2023-12-15,P104,S2,140,2800,1,0
2023-12-15,P104,S3,111,2886,0,0
2023-12-15,P105,S1,145,3625,0,0
2023-12-15,P105,S2,105,4830,0,0
2023-12-15,P105,S3,138,3864,0,0
2023-12-16,P101,S1,145,5075,1,0
2023-12-16,P101,S2,118,4720,0,0
2023-12-16,P101,S3,150,5850,0,0
2023-12-16,P102,S1,127,6096,0,0
2023-12-16,P102,S2,131,6419,1,0
2023-12-16,P102,S3,142,4118,0,0
2023-12-16,P103,S1,128,5504,1,0
2023-12-16,P103,S2,150,4800,0,0
2023-12-16,P103,S3,145,6525,1,0
2023-12-16,P104,S1,178,6764,0,0
2023-12-16,P104,S2,145,5655,0,0
2023-12-16,P104,S3,138,6762,0,0
2023-12-16,P105,S1,137,4247,0,0
2023-12-16,P105,S2,136,6256,0,0
2023-12-16,P105,S3,146,5548,0,0
2023-12-17,P101,S1,144,5616,0,1
2023-12-17,P101,S2,142,6390,0,1
2023-12-17,P101,S3,162,3726,0,1
2023-12-17,P102,S1,118,4012,0,1
2023-12-17,P102,S2,129,6192,1,1
2023-12-17,P102,S3,147,6909,0,1
2023-12-17,P103,S1,100,2000,0,1
2023-12-17,P103,S2,155,6975,0,1
2023-12-17,P103,S3,160,6240,1,1
2023-12-17,P104,S1,147,7203,1,1
2023-12-17,P104,S2,150,3900,0,1
2023-12-17,P104,S3,129,5160,0,1
2023-12-17,P105,S1,135,5265,1,1
2023-12-17,P105,S2,137,4521,0,1
2023-12-17,P105,S3,106,3074,0,1
2023-12-18,P101,S1,115,5175,0,0
2023-12-18,P101,S2,127,5969,0,0
2023-12-18,P101,S3,111,3996,0,0
2023-12-18,P102,S1,120,5160,0,0
2023-12-18,P102,S2,120,3600,1,0
2023-12-18,P102,S3,125,4375,1,0
2023-12-18,P103,S1,137,6576,1,0
2023-12-18,P103,S2,115,2875,0,0
2023-12-18,P103,S3,121,5445,0,0
2023-12-18,P104,S1,129,4773,1,0
2023-12-18,P104,S2,140,3920,0,0
2023-12-18,P104,S3,123,2952,0,0
2023-12-18,P105,S1,109,2180,1,0
2023-12-18,P105,S2,140,6300,0,0
2023-12-18,P105,S3,118,4484,0,0
2023-12-19,P101,S1,113,4181,0,0
2023-12-19,P101,S2,121,4477,0,0
2023-12-19,P101,S3,98,2842,1,0
2023-12-19,P102,S1,132,5940,1,0
2023-12-19,P102,S2,108,3024,0,0
2023-12-19,P102,S3,98,3724,1,0
2023-12-19,P103,S1,113,3616,0,0
2023-12-19,P103,S2,101,4343,0,0
2023-12-19,P103,S3,105,4305,0,0
2023-12-19,P104,S1,117,2574,1,0
2023-12-19,P104,S2,132,4752,0,0
2023-12-19,P104,S3,152,3952,1,0
2023-12-19,P105,S1,115,2645,0,0
2023-12-19,P105,S2,113,3842,1,0
2023-12-19,P105,S3,142,3550,1,0
2023-12-20,P101,S1,157,7693,1,0
2023-12-20,P101,S2,104,4992,1,0
2023-12-20,P101,S3,141,2820,0,0
2023-12-20,P102,S1,120,3600,0,0
2023-12-20,P102,S2,138,3174,0,0
2023-12-20,P102,S3,130,2860,1,0
2023-12-20,P103,S1,113,5537,0,0
2023-12-20,P103,S2,100,2000,0,0
2023-12-20,P103,S3,110,5060,0,0
2023-12-20,P104,S1,111,2220,1,0
2023-12-20,P104,S2,123,2952,0,0
2023-12-20,P104,S3,112,4144,1,0
2023-12-20,P105,S1,128,3456,0,0
2023-12-20,P105,S2,150,3150,0,0
2023-12-20,P105,S3,126,3150,0,0
2023-12-21,P101,S1,118,5546,0,0
2023-12-21,P101,S2,122,3172,0,0
2023-12-21,P101,S3,129,6192,1,0
2023-12-21,P102,S1,112,5152,0,0
2023-12-21,P102,S2,116,3944,0,0
2023-12-21,P102,S3,133,3990,0,0
2023-12-21,P103,S1,151,4228,0,0
2023-12-21,P103,S2,101,3636,1,0
2023-12-21,P103,S3,88,3520,0,0
2023-12-21,P104,S1,111,4551,1,0
2023-12-21,P104,S2,152,4256,0,0
2023-12-21,P104,S3,136,5168,0,0
2023-12-21,P105,S1,118,4484,0,0
2023-12-21,P105,S2,128,5248,0,0
2023-12-21,P105,S3,123,2829,0,0
2023-12-22,P101,S1,142,2982,0,0
2023-12-22,P101,S2,108,4536,0,0
2023-12-22,P101,S3,127,3048,1,0
2023-12-22,P102,S1,106,4982,1,0
2023-12-22,P102,S2,112,3136,0,0
2023-12-22,P102,S3,102,3060,0,0
2023-12-22,P103,S1,125,4375,1,0
2023-12-22,P103,S2,136,2992,0,0
2023-12-22,P103,S3,135,3240,0,0
2023-12-22,P104,S1,117,5499,0,0
2023-12-22,P104,S2,126,6174,0,0
2023-12-22,P104,S3,106,2968,1,0
2023-12-22,P105,S1,109,3924,0,0
2023-12-22,P105,S2,108,4428,0,0
2023-12-22,P105,S3,116,5220,0,0
2023-12-23,P101,S1,120,2400,1,0
2023-12-23,P101,S2,156,6708,0,0
2023-12-23,P101,S3,142,5680,1,0
2023-12-23,P102,S1,142,6248,0,0
2023-12-23,P102,S2,151,6493,1,0
2023-12-23,P102,S3,146,5840,0,0
2023-12-23,P103,S1,165,6435,1,0
2023-12-23,P103,S2,128,2560,0,0
2023-12-23,P103,S3,121,3872,0,0
2023-12-23,P104,S1,162,3240,1,0
2023-12-23,P104,S2,160,5120,0,0
2023-12-23,P104,S3,128,3200,1,0
2023-12-23,P105,S1,143,4147,0,0
2023-12-23,P105,S2,144,5904,0,0
2023-12-23,P105,S3,133,3059,0,0
2023-12-24,P101,S1,155,4960,1,1
2023-12-24,P101,S2,160,6560,0,1
2023-12-24,P101,S3,127,3683,1,1
2023-12-24,P102,S1,113,4407,0,1
2023-12-24,P102,S2,143,4576,1,1
2023-12-24,P102,S3,123,6027,1,1
2023-12-24,P103,S1,129,3096,1,1
2023-12-24,P103,S2,133,2926,1,1
2023-12-24,P103,S3,154,3696,0,1
2023-12-24,P104,S1,148,5032,1,1
2023-12-24,P104,S2,172,7224,1,1
2023-12-24,P104,S3,128,3584,1,1
2023-12-24,P105,S1,139,3614,0,1
2023-12-24,P105,S2,144,5760,0,1
2023-12-24,P105,S3,134,4824,0,1
2023-12-25,P101,S1,126,5040,1,0
2023-12-25,P101,S2,110,4620,1,0
2023-12-25,P101,S3,119,3094,0,0
2023-12-25,P102,S1,138,4968,0,0
2023-12-25,P102,S2,132,4488,1,0
2023-12-25,P102,S3,125,5000,1,0
2023-12-25,P103,S1,127,5461,0,0
2023-12-25,P103,S2,122,4880,0,0
2023-12-25,P103,S3,154,7546,1,0
2023-12-25,P104,S1,119,2856,0,0
2023-12-25,P104,S2,134,3216,0,0
2023-12-25,P104,S3,123,5781,0,0
2023-12-25,P105,S1,136,6392,1,0
2023-12-25,P105,S2,136,5440,0,0
2023-12-25,P105,S3,138,6072,0,0
2023-12-26,P101,S1,130,3120,0,0
2023-12-26,P101,S2,150,6150,0,0
2023-12-26,P101,S3,124,3224,1,0
2023-12-26,P102,S1,135,2700,1,0
2023-12-26,P102,S2,115,4600,1,0
2023-12-26,P102,S3,121,3267,0,0
2023-12-26,P103,S1,108,3024,1,0
2023-12-26,P103,S2,115,4370,0,0
2023-12-26,P103,S3,146,4088,0,0
2023-12-26,P104,S1,89,4005,1,0
2023-12-26,P104,S2,110,3850,1,0
2023-12-26,P104,S3,159,6678,0,0
2023-12-26,P105,S1,121,3267,0,0
2023-12-26,P105,S2,105,2625,0,0
2023-12-26,P105,S3,119,4641,0,0
2023-12-27,P101,S1,101,2727,1,0
2023-12-27,P101,S2,110,4620,1,0
2023-12-27,P101,S3,109,3488,0,0
2023-12-27,P102,S1,135,6345,0,0
2023-12-27,P102,S2,132,3036,0,0
2023-12-27,P102,S3,129,3612,0,0
2023-12-27,P103,S1,103,4944,0,0
2023-12-27,P103,S2,157,6908,0,0
2023-12-27,P103,S3,123,3198,1,0
2023-12-27,P104,S1,140,5180,0,0
2023-12-27,P104,S2,115,3335,0,0
2023-12-27,P104,S3,131,4978,1,0
2023-12-27,P105,S1,114,4560,0,0
2023-12-27,P105,S2,120,2760,1,0
2023-12-27,P105,S3,103,3502,1,0
2023-12-28,P101,S1,136,4352,0,0
2023-12-28,P101,S2,128,5760,0,0
2023-12-28,P101,S3,129,2709,0,0
2023-12-28,P102,S1,120,3240,0,0
2023-12-28,P102,S2,124,3100,0,0
2023-12-28,P102,S3,127,2667,0,0
2023-12-28,P103,S1,136,4896,0,0
2023-12-28,P103,S2,134,4690,0,0
2023-12-28,P103,S3,144,5184,0,0
2023-12-28,P104,S1,120,3480,1,0
2023-12-28,P104,S2,125,6125,0,0
2023-12-28,P104,S3,117,4446,1,0
2023-12-28,P105,S1,121,4235,0,0
2023-12-28,P105,S2,125,3250,0,0
2023-12-28,P105,S3,113,3729,0,0
2023-12-29,P101,S1,148,4144,1,0
2023-12-29,P101,S2,123,4428,0,0
2023-12-29,P101,S3,135,4185,1,0
2023-12-29,P102,S1,116,4524,0,0
2023-12-29,P102,S2,130,4420,1,0
2023-12-29,P102,S3,123,5166,0,0
2023-12-29,P103,S1,144,3888,0,0
2023-12-29,P103,S2,123,4182,0,0
2023-12-29,P103,S3,114,2508,0,0
2023-12-29,P104,S1,126,3402,0,0
2023-12-29,P104,S2,115,2530,0,0
2023-12-29,P104,S3,110,4070,0,0
2023-12-29,P105,S1,112,3360,0,0
2023-12-29,P105,S2,101,4141,1,0
2023-12-29,P105,S3,139,6811,0,0
2023-12-30,P101,S1,145,4350,0,0
2023-12-30,P101,S2,123,4551,0,0
2023-12-30,P101,S3,141,3807,0,0
2023-12-30,P102,S1,159,4293,0,0
2023-12-30,P102,S2,157,6594,1,0
2023-12-30,P102,S3,175,6650,0,0
2023-12-30,P103,S1,140,5040,0,0
2023-12-30,P103,S2,136,5576,0,0
2023-12-30,P103,S3,168,8232,0,0
2023-12-30,P104,S1,161,6923,0,0
2023-12-30,P104,S2,146,3066,0,0
2023-12-30,P104,S3,131,3799,0,0
2023-12-30,P105,S1,137,6713,1,0
2023-12-30,P105,S2,123,3936,0,0
2023-12-30,P105,S3,152,6840,0,0
2023-12-31,P101,S1,147,3675,0,1
2023-12-31,P101,S2,131,6419,0,1
2023-12-31,P101,S3,127,4699,0,1
2023-12-31,P102,S1,152,4712,0,1
2023-12-31,P102,S2,122,3782,0,1
2023-12-31,P102,S3,162,7452,0,1
2023-12-31,P103,S1,135,5400,0,1
2023-12-31,P103,S2,146,4380,1,1
2023-12-31,P103,S3,152,3496,0,1
2023-12-31,P104,S1,127,5842,1,1
2023-12-31,P104,S2,138,4968,1,1
2023-12-31,P104,S3,139,4309,0,1
2023-12-31,P105,S1,130,4810,0,1
2023-12-31,P105,S2,160,4800,0,1
2023-12-31,P105,S3,132,4224,0,1
2024-01-01,P101,S1,96,3360,0,0
2024-01-01,P101,S2,108,2700,0,0
2024-01-01,P101,S3,121,5566,0,0
2024-01-01,P102,S1,109,4251,0,0
2024-01-01,P102,S2,140,6860,0,0
2024-01-01,P102,S3,114,3192,0,0
2024-01-01,P103,S1,92,1932,0,0
2024-01-01,P103,S2,109,3379,0,0
2024-01-01,P103,S3,90,3420,0,0
2024-01-01,P104,S1,81,3888,0,0
2024-01-01,P104,S2,94,3008,0,0
2024-01-01,P104,S3,114,4218,1,0
2024-01-01,P105,S1,90,2520,0,0
2024-01-01,P105,S2,113,2825,0,0
2024-01-01,P105,S3,130,5980,0,0
2024-01-02,P101,S1,83,1909,0,0
2024-01-02,P101,S2,81,1863,1,0
2024-01-02,P101,S3,112,3360,0,0
2024-01-02,P102,S1,111,2997,1,0
2024-01-02,P102,S2,104,4992,0,0
2024-01-02,P102,S3,102,2142,0,0
2024-01-02,P103,S1,81,2106,0,0
2024-01-02,P103,S2,109,2725,0,0
2024-01-02,P103,S3,87,2610,0,0
2024-01-02,P104,S1,84,3444,0,0
2024-01-02,P104,S2,104,2080,0,0
2024-01-02,P104,S3,110,3300,0,0
2024-01-02,P105,S1,91,3549,0,0
2024-01-02,P105,S2,92,2300,1,0
2024-01-02,P105,S3,94,2820,1,0
2024-01-03,P101,S1,108,3456,0,0
2024-01-03,P101,S2,95,2185,1,0
2024-01-03,P101,S3,95,2280,0,0
2024-01-03,P102,S1,127,2794,0,0
2024-01-03,P102,S2,100,3100,0,0
2024-01-03,P102,S3,82,3772,0,0
2024-01-03,P103,S1,125,4500,0,0
2024-01-03,P103,S2,113,4972,0,0
2024-01-03,P103,S3,116,5684,1,0
2024-01-03,P104,S1,116,2784,0,0
2024-01-03,P104,S2,86,3870,0,0
2024-01-03,P104,S3,110,2420,0,0
2024-01-03,P105,S1,105,5145,0,0
2024-01-03,P105,S2,100,3500,1,0
2024-01-03,P105,S3,107,3317,0,0
2024-01-04,P101,S1,103,2369,0,0
2024-01-04,P101,S2,107,4066,0,0
2024-01-04,P101,S3,106,2226,1,0
2024-01-04,P102,S1,105,3045,0,0
2024-01-04,P102,S2,96,4416,0,0
2024-01-04,P102,S3,87,4089,1,0
2024-01-04,P103,S1,104,4576,0,0
2024-01-04,P103,S2,132,3432,0,0
2024-01-04,P103,S3,64,1728,0,0
2024-01-04,P104,S1,94,2632,0,0
2024-01-04,P104,S2,92,2392,0,0
2024-01-04,P104,S3,104,3640,0,0
2024-01-04,P105,S1,81,3321,0,0
2024-01-04,P105,S2,103,3296,0,0
2024-01-04,P105,S3,75,2025,1,0
2024-01-05,P101,S1,110,3740,1,0
2024-01-05,P101,S2,101,2323,0,0
2024-01-05,P101,S3,118,5192,0,0
2024-01-05,P102,S1,104,4576,0,0
2024-01-05,P102,S2,120,4800,0,0
2024-01-05,P102,S3,112,3808,0,0
2024-01-05,P103,S1,106,3816,1,0
2024-01-05,P103,S2,107,3959,1,0
2024-01-05,P103,S3,96,4512,0,0
2024-01-05,P104,S1,118,3186,1,0
2024-01-05,P104,S2,92,2116,0,0
2024-01-05,P104,S3,111,2331,1,0
2024-01-05,P105,S1,108,2484,1,0
2024-01-05,P105,S2,88,3960,0,0
2024-01-05,P105,S3,104,2392,0,0
2024-01-06,P101,S1,117,2457,1,0
2024-01-06,P101,S2,146,6278,0,0
2024-01-06,P101,S3,132,4752,1,0
2024-01-06,P102,S1,149,6258,0,0
2024-01-06,P102,S2,116,3248,0,0
2024-01-06,P102,S3,119,2975,0,0
2024-01-06,P103,S1,90,3780,0,0
2024-01-06,P103,S2,133,6118,0,0
2024-01-06,P103,S3,113,3390,0,0
2024-01-06,P104,S1,128,2688,0,0
2024-01-06,P104,S2,99,3564,0,0
2024-01-06,P104,S3,121,2783,0,0
2024-01-06,P105,S1,124,3224,1,0
2024-01-06,P105,S2,139,3892,1,0
2024-01-06,P105,S3,149,6705,1,0
2024-01-07,P101,S1,109,3706,0,1
2024-01-07,P101,S2,112,4704,1,1
2024-01-07,P101,S3,123,3321,0,1
2024-01-07,P102,S1,110,4290,0,1
2024-01-07,P102,S2,124,4340,0,1
2024-01-07,P102,S3,117,3627,1,1
2024-01-07,P103,S1,111,2331,1,1
2024-01-07,P103,S2,141,3525,0,1
2024-01-07,P103,S3,136,3808,0,1
2024-01-07,P104,S1,133,3458,0,1
2024-01-07,P104,S2,94,4512,1,1
2024-01-07,P104,S3,112,3920,0,1
2024-01-07,P105,S1,131,3144,1,1
2024-01-07,P105,S2,100,3900,0,1
2024-01-07,P105,S3,112,3920,0,1
2024-01-08,P101,S1,122,4758,0,0
2024-01-08,P101,S2,81,1944,1,0
2024-01-08,P101,S3,85,2890,0,0
2024-01-08,P102,S1,102,4590,0,0
2024-01-08,P102,S2,70,3080,0,0
2024-01-08,P102,S3,89,4272,0,0
2024-01-08,P103,S1,93,3813,0,0
2024-01-08,P103,S2,106,3180,1,0
2024-01-08,P103,S3,102,3570,0,0
2024-01-08,P104,S1,86,4042,1,0
2024-01-08,P104,S2,87,3567,0,0
2024-01-08,P104,S3,89,4005,0,0
2024-01-08,P105,S1,106,4558,1,0
2024-01-08,P105,S2,86,2236,0,0
2024-01-08,P105,S3,87,4002,1,0
2024-01-09,P101,S1,85,1870,0,0
2024-01-09,P101,S2,110,4400,0,0
2024-01-09,P101,S3,140,5460,0,0
2024-01-09,P102,S1,121,3388,1,0
2024-01-09,P102,S2,90,2430,1,0
2024-01-09,P102,S3,94,3948,0,0
2024-01-09,P103,S1,106,4240,0,0
2024-01-09,P103,S2,79,3318,0,0
2024-01-09,P103,S3,111,3663,0,0
2024-01-09,P104,S1,103,3502,1,0
2024-01-09,P104,S2,122,4270,0,0
2024-01-09,P104,S3,76,2356,0,0
2024-01-09,P105,S1,123,2583,1,0
2024-01-09,P105,S2,135,5535,1,0
2024-01-09,P105,S3,99,4851,0,0
2024-01-10,P101,S1,129,5805,0,0
2024-01-10,P101,S2,116,3480,0,0
2024-01-10,P101,S3,124,4464,0,0
2024-01-10,P102,S1,110,3080,0,0
2024-01-10,P102,S2,146,5402,0,0
2024-01-10,P102,S3,84,2352,0,0
2024-01-10,P103,S1,86,1720,0,0
2024-01-10,P103,S2,100,4700,0,0
2024-01-10,P103,S3,123,5535,1,0
2024-01-10,P104,S1,101,3737,0,0
2024-01-10,P104,S2,107,4066,0,0
2024-01-10,P104,S3,105,4620,1,0
2024-01-10,P105,S1,117,4797,1,0
2024-01-10,P105,S2,116,4872,1,0
2024-01-10,P105,S3,92,3404,1,0
2024-01-11,P101,S1,123,5166,1,0
2024-01-11,P101,S2,82,3034,0,0
2024-01-11,P101,S3,109,2507,1,0
2024-01-11,P102,S1,98,2450,1,0
2024-01-11,P102,S2,128,5888,0,0
2024-01-11,P102,S3,111,3663,0,0
2024-01-11,P103,S1,92,1932,0,0
2024-01-11,P103,S2,106,3710,0,0
2024-01-11,P103,S3,90,3330,1,0
2024-01-11,P104,S1,97,4074,0,0
2024-01-11,P104,S2,98,2058,0,0
2024-01-11,P104,S3,75,1875,0,0
2024-01-11,P105,S1,106,3816,0,0
2024-01-11,P105,S2,119,4879,0,0
2024-01-11,P105,S3,112,3472,0,0
2024-01-12,P101,S1,106,4982,1,0
2024-01-12,P101,S2,118,2714,0,0
2024-01-12,P101,S3,116,2552,1,0
2024-01-12,P102,S1,76,3648,0,0
2024-01-12,P102,S2,119,3451,1,0
2024-01-12,P102,S3,97,3395,0,0
2024-01-12,P103,S1,78,2496,1,0
2024-01-12,P103,S2,85,3910,0,0
2024-01-12,P103,S3,112,3472,0,0
2024-01-12,P104,S1,111,4884,0,0
2024-01-12,P104,S2,110,4840,1,0
2024-01-12,P104,S3,82,1886,0,0
2024-01-12,P105,S1,116,5104,0,0
2024-01-12,P105,S2,94,3384,0,0
2024-01-12,P105,S3,112,4704,0,0
2024-01-13,P101,S1,99,3564,1,0
2024-01-13,P101,S2,121,2420,0,0
2024-01-13,P101,S3,101,3131,1,0
2024-01-13,P102,S1,95,3135,0,0
2024-01-13,P102,S2,117,3627,0,0
2024-01-13,P102,S3,104,2080,0,0
2024-01-13,P103,S1,116,4872,0,0
2024-01-13,P103,S2,107,4173,0,0
2024-01-13,P103,S3,135,4320,1,0
2024-01-13,P104,S1,146,7008,0,0
2024-01-13,P104,S2,130,5850,0,0
2024-01-13,P104,S3,134,5762,0,0
2024-01-13,P105,S1,141,6627,1,0
2024-01-13,P105,S2,136,5168,0,0
2024-01-13,P105,S3,111,4551,1,0
2024-01-14,P101,S1,114,5244,0,1
2024-01-14,P101,S2,115,2415,1,1
2024-01-14,P101,S3,106,3074,0,1
2024-01-14,P102,S1,138,5106,0,1
2024-01-14,P102,S2,139,6533,0,1
2024-01-14,P102,S3,98,4606,0,1
2024-01-14,P103,S1,117,3627,0,1
2024-01-14,P103,S2,100,3100,1,1
2024-01-14,P103,S3,123,2829,0,1
2024-01-14,P104,S1,110,5280,1,1
2024-01-14,P104,S2,133,5453,1,1
2024-01-14,P104,S3,129,4773,0,1
2024-01-14,P105,S1,116,2320,0,1
2024-01-14,P105,S2,118,2478,0,1
2024-01-14,P105,S3,109,4578,1,1
2024-01-15,P101,S1,120,3000,1,0
2024-01-15,P101,S2,109,2398,0,0
2024-01-15,P101,S3,132,3564,1,0
2024-01-15,P102,S1,84,3948,0,0
2024-01-15,P102,S2,85,1785,1,0
2024-01-15,P102,S3,112,3136,0,0
2024-01-15,P103,S1,90,3600,0,0
2024-01-15,P103,S2,111,5328,1,0
2024-01-15,P103,S3,80,2480,0,0
2024-01-15,P104,S1,87,2871,0,0
2024-01-15,P104,S2,75,2925,0,0
2024-01-15,P104,S3,77,3157,1,0
2024-01-15,P105,S1,101,4444,0,0
2024-01-15,P105,S2,94,2820,0,0
2024-01-15,P105,S3,111,2220,0,0
2024-01-16,P101,S1,104,4472,0,0
2024-01-16,P101,S2,117,4563,1,0
2024-01-16,P101,S3,110,3960,0,0
2024-01-16,P102,S1,110,4950,0,0
2024-01-16,P102,S2,91,3822,0,0
2024-01-16,P102,S3,116,4292,0,0
2024-01-16,P103,S1,102,3366,1,0
2024-01-16,P103,S2,89,4183,1,0
2024-01-16,P103,S3,82,2050,0,0
2024-01-16,P104,S1,121,5687,1,0
2024-01-16,P104,S2,102,2754,0,0
2024-01-16,P104,S3,103,3193,1,0
2024-01-16,P105,S1,91,4004,0,0
2024-01-16,P105,S2,104,3952,1,0
2024-01-16,P105,S3,115,5635,1,0
2024-01-17,P101,S1,121,5324,1,0
2024-01-17,P101,S2,91,3003,1,0
2024-01-17,P101,S3,112,4256,0,0
2024-01-17,P102,S1,110,2310,0,0
2024-01-17,P102,S2,107,3210,0,0
2024-01-17,P102,S3,102,4386,0,0
2024-01-17,P103,S1,73,1898,0,0
2024-01-17,P103,S2,103,3193,0,0
2024-01-17,P103,S3,96,3264,1,0
2024-01-17,P104,S1,127,4445,0,0
2024-01-17,P104,S2,81,2754,0,0
2024-01-17,P104,S3,124,4712,0,0
2024-01-17,P105,S1,121,3872,0,0
2024-01-17,P105,S2,98,2940,0,0
2024-01-17,P105,S3,105,2310,0,0
2024-01-18,P101,S1,131,6288,0,0
2024-01-18,P101,S2,92,3036,0,0
2024-01-18,P101,S3,115,5405,0,0
2024-01-18,P102,S1,92,1840,0,0
2024-01-18,P102,S2,101,2828,0,0
2024-01-18,P102,S3,65,2145,1,0
2024-01-18,P103,S1,94,4418,1,0
2024-01-18,P103,S2,87,2175,1,0
2024-01-18,P103,S3,126,4662,1,0
2024-01-18,P104,S1,81,2349,1,0
2024-01-18,P104,S2,99,2871,1,0
2024-01-18,P104,S3,84,2940,0,0
2024-01-18,P105,S1,86,3354,0,0
2024-01-18,P105,S2,90,2790,1,0
2024-01-18,P105,S3,125,4000,1,0
2024-01-19,P101,S1,122,3294,0,0
2024-01-19,P101,S2,103,2163,1,0
2024-01-19,P101,S3,72,2736,0,0
2024-01-19,P102,S1,99,2673,0,0
2024-01-19,P102,S2,95,3800,0,0
2024-01-19,P102,S3,108,4860,0,0
2024-01-19,P103,S1,109,3924,0,0
2024-01-19,P103,S2,101,4646,1,0
2024-01-19,P103,S3,111,4329,0,0
2024-01-19,P104,S1,125,2625,0,0
2024-01-19,P104,S2,111,3663,1,0
2024-01-19,P104,S3,82,2132,0,0
2024-01-19,P105,S1,100,4500,0,0
2024-01-19,P105,S2,122,5856,0,0
2024-01-19,P105,S3,95,4655,0,0
2024-01-20,P101,S1,119,4284,0,0
2024-01-20,P101,S2,137,6165,0,0
2024-01-20,P101,S3,118,5310,0,0
2024-01-20,P102,S1,147,7056,0,0
2024-01-20,P102,S2,104,4160,0,0
2024-01-20,P102,S3,144,3312,1,0
2024-01-20,P103,S1,137,4110,1,0
2024-01-20,P103,S2,118,5782,0,0
2024-01-20,P103,S3,138,3864,0,0
2024-01-20,P104,S1,128,4992,0,0
2024-01-20,P104,S2,133,4256,0,0
2024-01-20,P104,S3,123,3813,0,0
2024-01-20,P105,S1,144,6624,0,0
2024-01-20,P105,S2,82,2460,1,0
2024-01-20,P105,S3,88,3960,1,0
2024-01-21,P101,S1,153,5202,0,1
2024-01-21,P101,S2,130,5980,1,1
2024-01-21,P101,S3,121,3630,0,1
2024-01-21,P102,S1,126,3276,0,1
2024-01-21,P102,S2,102,3876,0,1
2024-01-21,P102,S3,127,3175,1,1
2024-01-21,P103,S1,119,3332,1,1
2024-01-21,P103,S2,117,3861,0,1
2024-01-21,P103,S3,137,6028,1,1
2024-01-21,P104,S1,131,4323,0,1
2024-01-21,P104,S2,119,4760,1,1
2024-01-21,P104,S3,132,3300,0,1
2024-01-21,P105,S1,134,5628,1,1
2024-01-21,P105,S2,111,4995,1,1
2024-01-21,P105,S3,125,5375,1,1
2024-01-22,P101,S1,81,3402,0,0
2024-01-22,P101,S2,112,5264,1,0
2024-01-22,P101,S3,109,3815,0,0
2024-01-22,P102,S1,109,5341,0,0
2024-01-22,P102,S2,114,3420,0,0
2024-01-22,P102,S3,90,2070,0,0
2024-01-22,P103,S1,108,2916,1,0
2024-01-22,P103,S2,92,2484,0,0
2024-01-22,P103,S3,100,2400,0,0
2024-01-22,P104,S1,92,3312,1,0
2024-01-22,P104,S2,108,4860,0,0
2024-01-22,P104,S3,109,5123,0,0
2024-01-22,P105,S1,82,3854,1,0
2024-01-22,P105,S2,111,4995,1,0
2024-01-22,P105,S3,116,3596,0,0
2024-01-23,P101,S1,92,2300,1,0
2024-01-23,P101,S2,117,5382,0,0
2024-01-23,P101,S3,107,4173,0,0
2024-01-23,P102,S1,90,3240,0,0
2024-01-23,P102,S2,76,3268,0,0
2024-01-23,P102,S3,98,2254,1,0
2024-01-23,P103,S1,107,5243,0,0
2024-01-23,P103,S2,102,4590,0,0
2024-01-23,P103,S3,101,4040,0,0
2024-01-23,P104,S1,101,2626,1,0
2024-01-23,P104,S2,86,3354,0,0
2024-01-23,P104,S3,109,3270,1,0
2024-01-23,P105,S1,97,3977,1,0
2024-01-23,P105,S2,116,3712,0,0
2024-01-23,P105,S3,94,4512,1,0
2024-01-24,P101,S1,84,2100,0,0
2024-01-24,P101,S2,106,3286,0,0
2024-01-24,P101,S3,100,4100,0,0
2024-01-24,P102,S1,88,2024,0,0
2024-01-24,P102,S2,109,4360,0,0
2024-01-24,P102,S3,101,2121,1,0
2024-01-24,P103,S1,93,3348,0,0
2024-01-24,P103,S2,96,4512,0,0
2024-01-24,P103,S3,113,5537,0,0
2024-01-24,P104,S1,128,4224,1,0
2024-01-24,P104,S2,89,3649,0,0
2024-01-24,P104,S3,89,2670,1,0
2024-01-24,P105,S1,83,2656,0,0
2024-01-24,P105,S2,68,1904,0,0
2024-01-24,P105,S3,90,2070,1,0
2024-01-25,P101,S1,92,3772,1,0
2024-01-25,P101,S2,80,2880,0,0
2024-01-25,P101,S3,96,4608,1,0
2024-01-25,P102,S1,92,4508,1,0
2024-01-25,P102,S2,111,2220,1,0
2024-01-25,P102,S3,96,2496,1,0
2024-01-25,P103,S1,105,5145,0,0
2024-01-25,P103,S2,83,2739,1,0
2024-01-25,P103,S3,106,4452,0,0
2024-01-25,P104,S1,106,4240,0,0
2024-01-25,P104,S2,92,3864,1,0
2024-01-25,P104,S3,122,5612,1,0
2024-01-25,P105,S1,106,3816,0,0
2024-01-25,P105,S2,97,4753,1,0
2024-01-25,P105,S3,88,4136,1,0
2024-01-26,P101,S1,78,2574,0,0
2024-01-26,P101,S2,90,3510,0,0
2024-01-26,P101,S3,126,5292,1,0
2024-01-26,P102,S1,105,3360,0,0
2024-01-26,P102,S2,107,2354,0,0
2024-01-26,P102,S3,117,4563,0,0
2024-01-26,P103,S1,115,2990,0,0
2024-01-26,P103,S2,92,3312,1,0
2024-01-26,P103,S3,106,2544,0,0
2024-01-26,P104,S1,88,3784,0,0
2024-01-26,P104,S2,116,4872,0,0
2024-01-26,P104,S3,103,3502,1,0
2024-01-26,P105,S1,108,3456,0,0
2024-01-26,P105,S2,106,3604,1,0
2024-01-26,P105,S3,128,4608,0,0
2024-01-27,P101,S1,107,2996,0,0
2024-01-27,P101,S2,120,4080,0,0
2024-01-27,P101,S3,112,5152,0,0
2024-01-27,P102,S1,117,3861,0,0
2024-01-27,P102,S2,106,2226,0,0
2024-01-27,P102,S3,100,3900,0,0
2024-01-27,P103,S1,124,2976,0,0
2024-01-27,P103,S2,131,4323,1,0
2024-01-27,P103,S3,109,4251,0,0
2024-01-27,P104,S1,130,4550,0,0
2024-01-27,P104,S2,131,2751,0,0
2024-01-27,P104,S3,131,4847,1,0
2024-01-27,P105,S1,120,5280,1,0
2024-01-27,P105,S2,121,2420,0,0
2024-01-27,P105,S3,120,4440,0,0
2024-01-28,P101,S1,154,4620,1,1
2024-01-28,P101,S2,108,5292,0,1
2024-01-28,P101,S3,138,3036,1,1
2024-01-28,P102,S1,122,4270,0,1
2024-01-28,P102,S2,102,4488,0,1
2024-01-28,P102,S3,125,5000,0,1
2024-01-28,P103,S1,113,4972,0,1
2024-01-28,P103,S2,124,3596,0,1
2024-01-28,P103,S3,123,5781,1,1
2024-01-28,P104,S1,107,4922,0,1
2024-01-28,P104,S2,122,5856,0,1
2024-01-28,P104,S3,104,2912,0,1
2024-01-28,P105,S1,165,3960,0,1
2024-01-28,P105,S2,137,3288,1,1
2024-01-28,P105,S3,110,5280,0,1
2024-01-29,P101,S1,83,3237,0,0
2024-01-29,P101,S2,109,3379,0,0
2024-01-29,P101,S3,72,1656,0,0
2024-01-29,P102,S1,69,2139,0,0
2024-01-29,P102,S2,77,3542,1,0
2024-01-29,P102,S3,112,5040,0,0
2024-01-29,P103,S1,92,3220,0,0
2024-01-29,P103,S2,107,3103,1,0
2024-01-29,P103,S3,85,2805,0,0
2024-01-29,P104,S1,94,4042,0,0
2024-01-29,P104,S2,109,5123,0,0
2024-01-29,P104,S3,97,3783,1,0
2024-01-29,P105,S1,94,3384,1,0
2024-01-29,P105,S2,138,4968,0,0
2024-01-29,P105,S3,109,5123,0,0
2024-01-30,P101,S1,88,3520,1,0
2024-01-30,P101,S2,103,2060,0,0
2024-01-30,P101,S3,105,2100,1,0
2024-01-30,P102,S1,117,3861,1,0
2024-01-30,P102,S2,102,2652,1,0
2024-01-30,P102,S3,100,4700,0,0
2024-01-30,P103,S1,94,4136,0,0
2024-01-30,P103,S2,121,5082,0,0
2024-01-30,P103,S3,110,3300,0,0
2024-01-30,P104,S1,95,3705,0,0
2024-01-30,P104,S2,108,4212,1,0
2024-01-30,P104,S3,104,3432,0,0
2024-01-30,P105,S1,93,2418,1,0
2024-01-30,P105,S2,98,2646,0,0
2024-01-30,P105,S3,126,5922,1,0
2024-01-31,P101,S1,118,3776,0,0
2024-01-31,P101,S2,99,2178,0,0
2024-01-31,P101,S3,87,2001,1,0
2024-01-31,P102,S1,108,2808,0,0
2024-01-31,P102,S2,108,4536,0,0
2024-01-31,P102,S3,111,4218,0,0
2024-01-31,P103,S1,110,3850,0,0
2024-01-31,P103,S2,117,4914,0,0
2024-01-31,P103,S3,123,2706,0,0
2024-01-31,P104,S1,86,2150,0,0
2024-01-31,P104,S2,126,5670,0,0
2024-01-31,P104,S3,71,2130,0,0
2024-01-31,P105,S1,119,4522,0,0
2024-01-31,P105,S2,71,1846,1,0
2024-01-31,P105,S3,104,2288,0,0
2024-02-01,P101,S1,96,3360,1,0
2024-02-01,P101,S2,114,4902,0,0
2024-02-01,P101,S3,96,4704,1,0
2024-02-01,P102,S1,85,2550,0,0
2024-02-01,P102,S2,131,4192,0,0
2024-02-01,P102,S3,87,2523,1,0
2024-02-01,P103,S1,128,4992,1,0
2024-02-01,P103,S2,91,3458,1,0
2024-02-01,P103,S3,129,5289,1,0
2024-02-01,P104,S1,134,2948,1,0
2024-02-01,P104,S2,105,2520,0,0
2024-02-01,P104,S3,82,4018,0,0
2024-02-01,P105,S1,99,2772,1,0
2024-02-01,P105,S2,134,6566,0,0
2024-02-01,P105,S3,96,3264,0,0
2024-02-02,P101,S1,123,3321,0,0
2024-02-02,P101,S2,85,2975,0,0
2024-02-02,P101,S3,66,2046,0,0
2024-02-02,P102,S1,99,3465,0,0
2024-02-02,P102,S2,90,4050,1,0
2024-02-02,P102,S3,126,4788,0,0
2024-02-02,P103,S1,115,4025,0,0
2024-02-02,P103,S2,112,4032,1,0
2024-02-02,P103,S3,107,5029,0,0
2024-02-02,P104,S1,110,5170,0,0
2024-02-02,P104,S2,103,2266,0,0
2024-02-02,P104,S3,88,3256,0,0
2024-02-02,P105,S1,95,2565,0,0
2024-02-02,P105,S2,104,3640,0,0
2024-02-02,P105,S3,100,3100,0,0
2024-02-03,P101,S1,122,3172,0,0
2024-02-03,P101,S2,122,3416,0,0
2024-02-03,P101,S3,100,4600,1,0
2024-02-03,P102,S1,120,4680,1,0
2024-02-03,P102,S2,110,4290,1,0
2024-02-03,P102,S3,120,2520,0,0
2024-02-03,P103,S1,121,5203,0,0
2024-02-03,P103,S2,102,2652,1,0
2024-02-03,P103,S3,118,5664,0,0
2024-02-03,P104,S1,117,3159,0,0
2024-02-03,P104,S2,124,4712,0,0
2024-02-03,P104,S3,114,5244,0,0
2024-02-03,P105,S1,136,4624,0,0
2024-02-03,P105,S2,134,4824,0,0
2024-02-03,P105,S3,113,5424,1,0
2024-02-04,P101,S1,123,3198,0,1
2024-02-04,P101,S2,132,5016,0,1
2024-02-04,P101,S3,156,3588,1,1
2024-02-04,P102,S1,127,4572,0,1
2024-02-04,P102,S2,133,6251,0,1
2024-02-04,P102,S3,114,3876,0,1
2024-02-04,P103,S1,101,2222,0,1
2024-02-04,P103,S2,145,3190,1,1
2024-02-04,P103,S3,155,3100,0,1
2024-02-04,P104,S1,143,5720,0,1
2024-02-04,P104,S2,116,5104,0,1
2024-02-04,P104,S3,104,4056,0,1
2024-02-04,P105,S1,99,3861,0,1
2024-02-04,P105,S2,157,4239,1,1
2024-02-04,P105,S3,114,3306,1,1
2024-02-05,P101,S1,83,3569,0,0
2024-02-05,P101,S2,101,4545,1,0
2024-02-05,P101,S3,107,2889,1,0
2024-02-05,P102,S1,100,3400,0,0
2024-02-05,P102,S2,98,2940,0,0
2024-02-05,P102,S3,117,5733,0,0
2024-02-05,P103,S1,107,5243,1,0
2024-02-05,P103,S2,111,5217,1,0
2024-02-05,P103,S3,97,1940,0,0
2024-02-05,P104,S1,104,3120,0,0
2024-02-05,P104,S2,141,6627,0,0
2024-02-05,P104,S3,93,3255,0,0
2024-02-05,P105,S1,81,3645,0,0
2024-02-05,P105,S2,95,4085,0,0
2024-02-05,P105,S3,95,3990,0,0
2024-02-06,P101,S1,116,2320,0,0
2024-02-06,P101,S2,122,4148,1,0
2024-02-06,P101,S3,111,4773,0,0
2024-02-06,P102,S1,89,2848,0,0
2024-02-06,P102,S2,126,5040,0,0
2024-02-06,P102,S3,126,5166,0,0
2024-02-06,P103,S1,123,5535,0,0
2024-02-06,P103,S2,82,2296,0,0
2024-02-06,P103,S3,122,3416,0,0
2024-02-06,P104,S1,110,4620,1,0
2024-02-06,P104,S2,106,3392,0,0
2024-02-06,P104,S3,93,3348,0,0
2024-02-06,P105,S1,76,2204,0,0
2024-02-06,P105,S2,89,3382,0,0
2024-02-06,P105,S3,92,3128,0,0
2024-02-07,P101,S1,103,5047,0,0
2024-02-07,P101,S2,118,2478,1,0
2024-02-07,P101,S3,116,5684,0,0
2024-02-07,P102,S1,118,4248,0,0
2024-02-07,P102,S2,91,1911,0,0
2024-02-07,P102,S3,126,5040,0,0
2024-02-07,P103,S1,92,2392,1,0
2024-02-07,P103,S2,120,5760,1,0
2024-02-07,P103,S3,83,3154,0,0
2024-02-07,P104,S1,89,4183,1,0
2024-02-07,P104,S2,100,4500,0,0
2024-02-07,P104,S3,84,2772,0,0
2024-02-07,P105,S1,95,2945,0,0
2024-02-07,P105,S2,109,2834,0,0
2024-02-07,P105,S3,107,2675,0,0
2024-02-08,P101,S1,109,3815,1,0
2024-02-08,P101,S2,81,3969,0,0
2024-02-08,P101,S3,115,2990,0,0
2024-02-08,P102,S1,117,5733,0,0
2024-02-08,P102,S2,96,3552,0,0
2024-02-08,P102,S3,97,2425,0,0
2024-02-08,P103,S1,116,2900,1,0
2024-02-08,P103,S2,107,4708,0,0
2024-02-08,P103,S3,107,2568,0,0
2024-02-08,P104,S1,112,2800,0,0
2024-02-08,P104,S2,121,5808,0,0
2024-02-08,P104,S3,94,3666,1,0
2024-02-08,P105,S1,128,3584,0,0
2024-02-08,P105,S2,86,3612,0,0
2024-02-08,P105,S3,108,5076,1,0
2024-02-09,P101,S1,104,3536,0,0
2024-02-09,P101,S2,83,3486,0,0
2024-02-09,P101,S3,70,1890,0,0
2024-02-09,P102,S1,109,4360,0,0
2024-02-09,P102,S2,117,5148,0,0
2024-02-09,P102,S3,86,3182,0,0
2024-02-09,P103,S1,121,2662,0,0
2024-02-09,P103,S2,106,2756,0,0
2024-02-09,P103,S3,110,4070,0,0
2024-02-09,P104,S1,123,5043,0,0
2024-02-09,P104,S2,107,4280,0,0
2024-02-09,P104,S3,111,4440,0,0
2024-02-09,P105,S1,120,3240,0,0
2024-02-09,P105,S2,85,3230,1,0
2024-02-09,P105,S3,86,2064,1,0
2024-02-10,P101,S1,131,2620,0,0
2024-02-10,P101,S2,124,5828,0,0
2024-02-10,P101,S3,111,4662,0,0
2024-02-10,P102,S1,134,3350,0,0
2024-02-10,P102,S2,136,3400,1,0
2024-02-10,P102,S3,139,5282,0,0
2024-02-10,P103,S1,109,5123,0,0
2024-02-10,P103,S2,107,3317,0,0
2024-02-10,P103,S3,112,4144,0,0
2024-02-10,P104,S1,129,5031,0,0
2024-02-10,P104,S2,115,3335,0,0
2024-02-10,P104,S3,127,5461,0,0
2024-02-10,P105,S1,105,4200,0,0
2024-02-10,P105,S2,114,5358,0,0
2024-02-10,P105,S3,100,3800,1,0
2024-02-11,P101,S1,148,3256,0,1
2024-02-11,P101,S2,111,3663,0,1
2024-02-11,P101,S3,112,5488,1,1
2024-02-11,P102,S1,121,4719,1,1
2024-02-11,P102,S2,109,4251,0,1
2024-02-11,P102,S3,117,2691,1,1
2024-02-11,P103,S1,115,4830,0,1
2024-02-11,P103,S2,110,4290,1,1
2024-02-11,P103,S3,136,4624,0,1
2024-02-11,P104,S1,148,3996,0,1
2024-02-11,P104,S2,113,5537,1,1
2024-02-11,P104,S3,131,2882,0,1
2024-02-11,P105,S1,172,4300,0,1
2024-02-11,P105,S2,102,3366,0,1
2024-02-11,P105,S3,118,3658,0,1
2024-02-12,P101,S1,106,4452,0,0
2024-02-12,P101,S2,97,4656,0,0
2024-02-12,P101,S3,98,2254,0,0
2024-02-12,P102,S1,106,5194,0,0
2024-02-12,P102,S2,106,4876,0,0
2024-02-12,P102,S3,128,3584,0,0
2024-02-12,P103,S1,86,4214,0,0
2024-02-12,P103,S2,125,3500,0,0
2024-02-12,P103,S3,112,4816,1,0
2024-02-12,P104,S1,122,5002,0,0
2024-02-12,P104,S2,114,5016,0,0
2024-02-12,P104,S3,115,4025,0,0
2024-02-12,P105,S1,98,4214,0,0
2024-02-12,P105,S2,103,3811,0,0
2024-02-12,P105,S3,106,5088,1,0
2024-02-13,P101,S1,103,5047,0,0
2024-02-13,P101,S2,107,4066,0,0
2024-02-13,P101,S3,111,3774,0,0
2024-02-13,P102,S1,82,1968,0,0
2024-02-13,P102,S2,105,3570,0,0
2024-02-13,P102,S3,115,2875,0,0
2024-02-13,P103,S1,107,2461,1,0
2024-02-13,P103,S2,102,4488,0,0
2024-02-13,P103,S3,115,2415,0,0
2024-02-13,P104,S1,85,1785,0,0
2024-02-13,P104,S2,112,5376,1,0
2024-02-13,P104,S3,92,2668,1,0
2024-02-13,P105,S1,101,4343,0,0
2024-02-13,P105,S2,57,1311,0,0
2024-02-13,P105,S3,130,3770,0,0
2024-02-14,P101,S1,96,3552,1,0
2024-02-14,P101,S2,106,4770,0,0
2024-02-14,P101,S3,77,1925,1,0
2024-02-14,P102,S1,107,3424,0,0
2024-02-14,P102,S2,102,3876,0,0
2024-02-14,P102,S3,83,2075,1,0
2024-02-14,P103,S1,103,2266,0,0
2024-02-14,P103,S2,88,2640,0,0
2024-02-14,P103,S3,107,4387,1,0
2024-02-14,P104,S1,101,3535,0,0
2024-02-14,P104,S2,110,3850,0,0
2024-02-14,P104,S3,104,2912,0,0
2024-02-14,P105,S1,108,2268,0,0
2024-02-14,P105,S2,98,3822,0,0
2024-02-14,P105,S3,108,4104,0,0
2024-02-15,P101,S1,101,3636,0,0
2024-02-15,P101,S2,96,4032,0,0
2024-02-15,P101,S3,95,2375,0,0
2024-02-15,P102,S1,85,3910,0,0
2024-02-15,P102,S2,108,4860,0,0
2024-02-15,P102,S3,119,4284,1,0
2024-02-15,P103,S1,124,4216,0,0
2024-02-15,P103,S2,125,6000,0,0
2024-02-15,P103,S3,120,5400,0,0
2024-02-15,P104,S1,110,4840,0,0
2024-02-15,P104,S2,90,3690,0,0
2024-02-15,P104,S3,140,5180,1,0
2024-02-15,P105,S1,95,2945,1,0
2024-02-15,P105,S2,84,2604,0,0
2024-02-15,P105,S3,99,2277,0,0
2024-02-16,P101,S1,95,1900,0,0
2024-02-16,P101,S2,84,4032,1,0
2024-02-16,P101,S3,92,2484,0,0
2024-02-16,P102,S1,82,3526,0,0
2024-02-16,P102,S2,111,2886,1,0
2024-02-16,P102,S3,106,4982,0,0
2024-02-16,P103,S1,129,4515,0,0
2024-02-16,P103,S2,111,3552,0,0
2024-02-16,P103,S3,78,3042,1,0
2024-02-16,P104,S1,123,5289,0,0
2024-02-16,P104,S2,101,2323,0,0
2024-02-16,P104,S3,86,4214,1,0
2024-02-16,P105,S1,103,4841,0,0
2024-02-16,P105,S2,138,5520,0,0
2024-02-16,P105,S3,116,2320,1,0
2024-02-17,P101,S1,116,4060,0,0
2024-02-17,P101,S2,97,4753,0,0
2024-02-17,P101,S3,131,2620,0,0
2024-02-17,P102,S1,116,5336,0,0
2024-02-17,P102,S2,146,5402,0,0
2024-02-17,P102,S3,119,2975,0,0
2024-02-17,P103,S1,138,3036,0,0
2024-02-17,P103,S2,107,3959,0,0
2024-02-17,P103,S3,139,2780,1,0
2024-02-17,P104,S1,112,2688,1,0
2024-02-17,P104,S2,107,4708,1,0
2024-02-17,P104,S3,130,6110,0,0
2024-02-17,P105,S1,98,1960,0,0
2024-02-17,P105,S2,103,5047,0,0
2024-02-17,P105,S3,117,3042,1,0
2024-02-18,P101,S1,145,6960,0,1
2024-02-18,P101,S2,106,2968,1,1
2024-02-18,P101,S3,131,5240,0,1
2024-02-18,P102,S1,130,4550,0,1
2024-02-18,P102,S2,129,3483,0,1
2024-02-18,P102,S3,135,3240,0,1
2024-02-18,P103,S1,112,5152,1,1
2024-02-18,P103,S2,148,2960,1,1
2024-02-18,P103,S3,126,3024,0,1
2024-02-18,P104,S1,127,5207,1,1
2024-02-18,P104,S2,129,3741,1,1
2024-02-18,P104,S3,131,4323,0,1
2024-02-18,P105,S1,123,5043,0,1
2024-02-18,P105,S2,131,3537,0,1
2024-02-18,P105,S3,136,4760,1,1
2024-02-19,P101,S1,125,5000,0,0
2024-02-19,P101,S2,107,5136,0,0
2024-02-19,P101,S3,112,3472,0,0
2024-02-19,P102,S1,96,2304,0,0
2024-02-19,P102,S2,110,2200,0,0
2024-02-19,P102,S3,93,3534,0,0
2024-02-19,P103,S1,100,4500,1,0
2024-02-19,P103,S2,96,3072,0,0
2024-02-19,P103,S3,88,3960,0,0
2024-02-19,P104,S1,107,3745,0,0
2024-02-19,P104,S2,107,4922,0,0
2024-02-19,P104,S3,104,2288,0,0
2024-02-19,P105,S1,104,3640,0,0
2024-02-19,P105,S2,112,4144,0,0
2024-02-19,P105,S3,95,1995,0,0
2024-02-20,P101,S1,112,2576,0,0
2024-02-20,P101,S2,81,3483,0,0
2024-02-20,P101,S3,100,4900,1,0
2024-02-20,P102,S1,107,4815,1,0
2024-02-20,P102,S2,116,4640,0,0
2024-02-20,P102,S3,124,5704,0,0
2024-02-20,P103,S1,114,4902,0,0
2024-02-20,P103,S2,105,3150,0,0
2024-02-20,P103,S3,101,4646,1,0
2024-02-20,P104,S1,77,1848,0,0
2024-02-20,P104,S2,127,4953,1,0
2024-02-20,P104,S3,86,1978,0,0
2024-02-20,P105,S1,98,2744,0,0
2024-02-20,P105,S2,91,2093,1,0
2024-02-20,P105,S3,136,3536,0,0
2024-02-21,P101,S1,112,5264,0,0
2024-02-21,P101,S2,121,5203,0,0
2024-02-21,P101,S3,116,4988,0,0
2024-02-21,P102,S1,77,1771,1,0
2024-02-21,P102,S2,100,2200,0,0
2024-02-21,P102,S3,113,3616,0,0
2024-02-21,P103,S1,87,2871,0,0
2024-02-21,P103,S2,75,3675,1,0
2024-02-21,P103,S3,123,3444,1,0
2024-02-21,P104,S1,94,1880,0,0
2024-02-21,P104,S2,109,2398,0,0
2024-02-21,P104,S3,89,3560,0,0
2024-02-21,P105,S1,111,2553,0,0
2024-02-21,P105,S2,107,5029,0,0
2024-02-21,P105,S3,117,2925,0,0
2024-02-22,P101,S1,106,3498,1,0
2024-02-22,P101,S2,99,2376,1,0
2024-02-22,P101,S3,113,3390,0,0
2024-02-22,P102,S1,129,5547,0,0
2024-02-22,P102,S2,72,1872,0,0
2024-02-22,P102,S3,111,3552,0,0
2024-02-22,P103,S1,93,2511,1,0
2024-02-22,P103,S2,99,2079,0,0
2024-02-22,P103,S3,90,3780,0,0
2024-02-22,P104,S1,122,5124,1,0
2024-02-22,P104,S2,106,2650,0,0
2024-02-22,P104,S3,106,4770,1,0
2024-02-22,P105,S1,141,3807,1,0
2024-02-22,P105,S2,104,4680,1,0
2024-02-22,P105,S3,114,5586,1,0
2024-02-23,P101,S1,118,2832,0,0
2024-02-23,P101,S2,110,4950,0,0
2024-02-23,P101,S3,82,2296,0,0
2024-02-23,P102,S1,115,5290,1,0
2024-02-23,P102,S2,117,5499,1,0
2024-02-23,P102,S3,110,4180,1,0
2024-02-23,P103,S1,125,2750,1,0
2024-02-23,P103,S2,120,3960,1,0
2024-02-23,P103,S3,142,4118,0,0
2024-02-23,P104,S1,81,3888,1,0
2024-02-23,P104,S2,110,5060,0,0
2024-02-23,P104,S3,94,4136,0,0
2024-02-23,P105,S1,102,3162,0,0
2024-02-23,P105,S2,125,5375,0,0
2024-02-23,P105,S3,130,4810,0,0
2024-02-24,P101,S1,146,2920,0,0
2024-02-24,P101,S2,125,6125,0,0
2024-02-24,P101,S3,111,5106,0,0
2024-02-24,P102,S1,151,4832,0,0
2024-02-24,P102,S2,94,4512,0,0
2024-02-24,P102,S3,125,5125,0,0
2024-02-24,P103,S1,122,4636,1,0
2024-02-24,P103,S2,127,3937,0,0
2024-02-24,P103,S3,134,2680,0,0
2024-02-24,P104,S1,127,2667,0,0
2024-02-24,P104,S2,132,3168,0,0
2024-02-24,P104,S3,131,4192,1,0
2024-02-24,P105,S1,150,5850,0,0
2024-02-24,P105,S2,121,5687,0,0
2024-02-24,P105,S3,113,3277,0,0
2024-02-25,P101,S1,83,3403,0,1
2024-02-25,P101,S2,128,3584,0,1
2024-02-25,P101,S3,88,2992,1,1
2024-02-25,P102,S1,109,4469,0,1
2024-02-25,P102,S2,103,3914,1,1
2024-02-25,P102,S3,127,5588,1,1
2024-02-25,P103,S1,117,4212,1,1
2024-02-25,P103,S2,121,4114,0,1
2024-02-25,P103,S3,121,2662,0,1
2024-02-25,P104,S1,115,4025,0,1
2024-02-25,P104,S2,125,2625,0,1
2024-02-25,P104,S3,110,3630,0,1
2024-02-25,P105,S1,130,2730,1,1
2024-02-25,P105,S2,129,5031,0,1
2024-02-25,P105,S3,138,3036,0,1
2024-02-26,P101,S1,105,2100,0,0
2024-02-26,P101,S2,114,2622,1,0
2024-02-26,P101,S3,82,1886,0,0
2024-02-26,P102,S1,93,2883,1,0
2024-02-26,P102,S2,128,5504,0,0
2024-02-26,P102,S3,101,3636,0,0
2024-02-26,P103,S1,102,3978,0,0
2024-02-26,P103,S2,88,1848,0,0
2024-02-26,P103,S3,127,5080,0,0
2024-02-26,P104,S1,101,2929,0,0
2024-02-26,P104,S2,108,4536,0,0
2024-02-26,P104,S3,114,3534,0,0
2024-02-26,P105,S1,120,5280,0,0
2024-02-26,P105,S2,102,4182,1,0
2024-02-26,P105,S3,82,2706,0,0
2024-02-27,P101,S1,94,2162,0,0
2024-02-27,P101,S2,80,2960,0,0
2024-02-27,P101,S3,120,3000,0,0
2024-02-27,P102,S1,104,3536,1,0
2024-02-27,P102,S2,118,3304,0,0
2024-02-27,P102,S3,112,5040,0,0
2024-02-27,P103,S1,96,4512,1,0
2024-02-27,P103,S2,129,4773,0,0
2024-02-27,P103,S3,88,2728,1,0
2024-02-27,P104,S1,119,4641,0,0
2024-02-27,P104,S2,86,2666,0,0
2024-02-27,P104,S3,106,3498,1,0
2024-02-27,P105,S1,102,3672,0,0
2024-02-27,P105,S2,98,3430,0,0
2024-02-27,P105,S3,97,4074,0,0
2024-02-28,P101,S1,114,3192,0,0
2024-02-28,P101,S2,76,3344,0,0
2024-02-28,P101,S3,151,4077,0,0
2024-02-28,P102,S1,90,3240,0,0
2024-02-28,P102,S2,109,3379,0,0
2024-02-28,P102,S3,122,3660,1,0
2024-02-28,P103,S1,113,3842,0,0
2024-02-28,P103,S2,91,3367,0,0
2024-02-28,P103,S3,92,3496,0,0
2024-02-28,P104,S1,90,4050,0,0
2024-02-28,P104,S2,104,2496,0,0
2024-02-28,P104,S3,104,4680,0,0
2024-02-28,P105,S1,109,4469,0,0
2024-02-28,P105,S2,96,3552,0,0
2024-02-28,P105,S3,106,3816,0,0
2024-02-29,P101,S1,110,3300,1,0
2024-02-29,P101,S2,105,5145,1,0
2024-02-29,P101,S3,90,3330,0,0
2024-02-29,P102,S1,94,3854,0,0
2024-02-29,P102,S2,106,3074,0,0
2024-02-29,P102,S3,91,3458,1,0
2024-02-29,P103,S1,123,2829,1,0
2024-02-29,P103,S2,107,5243,1,0
2024-02-29,P103,S3,107,5029,0,0
2024-02-29,P104,S1,75,1575,0,0
2024-02-29,P104,S2,109,5014,0,0
2024-02-29,P104,S3,92,3404,0,0
2024-02-29,P105,S1,112,3808,0,0
2024-02-29,P105,S2,105,3045,0,0
2024-02-29,P105,S3,108,2268,0,0
2024-03-01,P101,S1,93,4185,0,0
2024-03-01,P101,S2,93,2976,1,0
2024-03-01,P101,S3,120,5640,0,0
2024-03-01,P102,S1,125,5875,0,0
2024-03-01,P102,S2,93,2139,1,0
2024-03-01,P102,S3,125,4125,1,0
2024-03-01,P103,S1,97,3492,0,0
2024-03-01,P103,S2,104,4680,1,0
2024-03-01,P103,S3,110,5060,0,0
2024-03-01,P104,S1,108,3240,0,0
2024-03-01,P104,S2,109,2289,0,0
2024-03-01,P104,S3,105,3990,0,0
2024-03-01,P105,S1,111,4218,0,0
2024-03-01,P105,S2,116,5452,0,0
2024-03-01,P105,S3,109,3270,0,0
2024-03-02,P101,S1,135,2970,1,0
2024-03-02,P101,S2,104,2808,1,0
2024-03-02,P101,S3,123,4797,0,0
2024-03-02,P102,S1,135,4050,1,0
2024-03-02,P102,S2,121,5203,0,0
2024-03-02,P102,S3,104,3224,1,0
2024-03-02,P103,S1,143,2860,0,0
2024-03-02,P103,S2,124,5332,0,0
2024-03-02,P103,S3,124,4092,0,0
2024-03-02,P104,S1,121,5929,0,0
2024-03-02,P104,S2,131,4061,0,0
2024-03-02,P104,S3,101,4141,0,0
2024-03-02,P105,S1,139,4448,0,0
2024-03-02,P105,S2,123,3075,0,0
2024-03-02,P105,S3,135,3915,0,0
2024-03-03,P101,S1,125,4250,0,1
2024-03-03,P101,S2,138,5106,0,1
2024-03-03,P101,S3,123,3075,0,1
2024-03-03,P102,S1,113,3390,0,1
2024-03-03,P102,S2,113,3390,1,1
2024-03-03,P102,S3,151,6795,0,1
2024-03-03,P103,S1,118,2950,0,1
2024-03-03,P103,S2,129,2709,1,1
2024-03-03,P103,S3,128,3840,0,1
2024-03-03,P104,S1,104,4784,0,1
2024-03-03,P104,S2,129,2967,0,1
2024-03-03,P104,S3,140,4200,0,1
2024-03-03,P105,S1,126,5670,1,1
2024-03-03,P105,S2,125,5875,1,1
2024-03-03,P105,S3,119,5831,0,1
2024-03-04,P101,S1,99,3861,1,0
2024-03-04,P101,S2,100,3100,0,0
2024-03-04,P101,S3,123,3936,0,0
2024-03-04,P102,S1,120,4320,0,0
2024-03-04,P102,S2,120,4080,0,0
2024-03-04,P102,S3,134,4020,0,0
2024-03-04,P103,S1,80,3280,0,0
2024-03-04,P103,S2,109,3161,0,0
2024-03-04,P103,S3,107,4601,0,0
2024-03-04,P104,S1,121,4477,1,0
2024-03-04,P104,S2,98,4214,0,0
2024-03-04,P104,S3,86,3870,1,0
2024-03-04,P105,S1,121,5566,0,0
2024-03-04,P105,S2,92,2944,1,0
2024-03-04,P105,S3,114,5244,0,0
2024-03-05,P101,S1,108,4320,1,0
2024-03-05,P101,S2,115,4255,1,0
2024-03-05,P101,S3,107,5136,1,0
2024-03-05,P102,S1,114,5016,0,0
2024-03-05,P102,S2,132,3828,1,0
2024-03-05,P102,S3,94,2914,1,0
2024-03-05,P103,S1,126,4788,0,0
2024-03-05,P103,S2,110,5390,1,0
2024-03-05,P103,S3,100,3300,0,0
2024-03-05,P104,S1,114,5472,0,0
2024-03-05,P104,S2,112,2352,1,0
2024-03-05,P104,S3,82,2788,0,0
2024-03-05,P105,S1,98,3430,0,0
2024-03-05,P105,S2,94,3948,0,0
2024-03-05,P105,S3,117,5031,0,0
2024-03-06,P101,S1,98,2058,0,0
2024-03-06,P101,S2,97,2231,0,0
2024-03-06,P101,S3,114,5130,1,0
2024-03-06,P102,S1,101,2020,1,0
2024-03-06,P102,S2,107,2782,0,0
2024-03-06,P102,S3,124,5828,1,0
2024-03-06,P103,S1,105,5145,0,0
2024-03-06,P103,S2,99,2673,0,0
2024-03-06,P103,S3,95,2185,1,0
2024-03-06,P104,S1,103,3914,1,0
2024-03-06,P104,S2,92,4140,0,0
2024-03-06,P104,S3,102,3876,0,0
2024-03-06,P105,S1,134,4556,1,0
2024-03-06,P105,S2,110,3630,0,0
2024-03-06,P105,S3,132,4224,1,0
2024-03-07,P101,S1,91,1911,0,0
2024-03-07,P101,S2,115,5060,1,0
2024-03-07,P101,S3,112,4144,0,0
2024-03-07,P102,S1,95,2185,1,0
2024-03-07,P102,S2,106,3498,0,0
2024-03-07,P102,S3,112,5264,0,0
2024-03-07,P103,S1,97,2716,1,0
2024-03-07,P103,S2,100,2400,1,0
2024-03-07,P103,S3,138,3036,1,0
2024-03-07,P104,S1,109,5014,0,0
2024-03-07,P104,S2,113,5537,0,0
2024-03-07,P104,S3,100,3800,1,0
2024-03-07,P105,S1,112,4256,0,0
2024-03-07,P105,S2,138,3588,0,0
2024-03-07,P105,S3,84,3948,0,0
2024-03-08,P101,S1,106,4558,0,0
2024-03-08,P101,S2,85,3655,0,0
2024-03-08,P101,S3,106,4982,0,0
2024-03-08,P102,S1,108,3132,0,0
2024-03-08,P102,S2,122,5368,0,0
2024-03-08,P102,S3,88,1848,1,0
2024-03-08,P103,S1,108,3024,0,0
2024-03-08,P103,S2,117,4797,0,0
2024-03-08,P103,S3,93,4464,1,0
2024-03-08,P104,S1,101,4343,0,0
2024-03-08,P104,S2,111,5328,0,0
2024-03-08,P104,S3,89,1869,0,0
2024-03-08,P105,S1,92,2484,1,0
2024-03-08,P105,S2,115,3220,0,0
2024-03-08,P105,S3,122,5368,0,0
2024-03-09,P101,S1,93,2976,1,0
2024-03-09,P101,S2,136,5576,0,0
2024-03-09,P101,S3,110,3190,1,0
2024-03-09,P102,S1,130,5850,1,0
2024-03-09,P102,S2,127,5842,0,0
2024-03-09,P102,S3,128,4352,0,0
2024-03-09,P103,S1,141,4230,0,0
2024-03-09,P103,S2,131,6157,0,0
2024-03-09,P103,S3,99,2178,1,0
2024-03-09,P104,S1,93,2418,0,0
2024-03-09,P104,S2,103,5047,0,0
2024-03-09,P104,S3,128,5888,0,0
2024-03-09,P105,S1,96,2400,0,0
2024-03-09,P105,S2,144,5616,0,0
2024-03-09,P105,S3,119,4998,0,0
2024-03-10,P101,S1,131,3406,0,1
2024-03-10,P101,S2,149,6705,0,1
2024-03-10,P101,S3,95,2280,1,1
2024-03-10,P102,S1,114,4446,0,1
2024-03-10,P102,S2,131,3930,1,1
2024-03-10,P102,S3,140,4060,0,1
2024-03-10,P103,S1,142,6532,1,1
2024-03-10,P103,S2,143,4147,0,1
2024-03-10,P103,S3,133,4655,1,1
2024-03-10,P104,S1,142,6390,0,1
2024-03-10,P104,S2,141,3243,0,1
2024-03-10,P104,S3,123,5904,0,1
2024-03-10,P105,S1,132,4356,1,1
2024-03-10,P105,S2,96,2976,0,1
2024-03-10,P105,S3,112,5152,0,1
2024-03-11,P101,S1,119,3213,1,0
2024-03-11,P101,S2,108,3888,1,0
2024-03-11,P101,S3,106,4770,0,0
2024-03-11,P102,S1,120,3480,0,0
2024-03-11,P102,S2,117,3159,1,0
2024-03-11,P102,S3,118,4012,1,0
2024-03-11,P103,S1,113,3503,1,0
2024-03-11,P103,S2,139,3892,0,0
2024-03-11,P103,S3,113,5085,1,0
2024-03-11,P104,S1,126,4536,0,0
2024-03-11,P104,S2,109,4905,0,0
2024-03-11,P104,S3,104,2912,1,0
2024-03-11,P105,S1,107,4494,1,0
2024-03-11,P105,S2,115,5290,1,0
2024-03-11,P105,S3,116,5452,0,0
2024-03-12,P101,S1,116,3016,0,0
2024-03-12,P101,S2,88,2728,0,0
2024-03-12,P101,S3,130,4550,0,0
2024-03-12,P102,S1,117,4680,1,0
2024-03-12,P102,S2,91,4186,0,0
2024-03-12,P102,S3,124,5828,0,0
2024-03-12,P103,S1,108,3240,0,0
2024-03-12,P103,S2,88,2728,0,0
2024-03-12,P103,S3,94,2162,0,0
2024-03-12,P104,S1,92,4140,0,0
2024-03-12,P104,S2,122,3172,1,0
2024-03-12,P104,S3,86,2408,0,0
2024-03-12,P105,S1,91,4004,1,0
2024-03-12,P105,S2,126,5922,1,0
2024-03-12,P105,S3,108,4320,1,0
2024-03-13,P101,S1,95,2565,0,0
2024-03-13,P101,S2,99,4851,0,0
2024-03-13,P101,S3,108,3240,0,0
2024-03-13,P102,S1,76,3268,0,0
2024-03-13,P102,S2,103,3708,0,0
2024-03-13,P102,S3,117,5148,0,0
2024-03-13,P103,S1,86,3440,0,0
2024-03-13,P103,S2,120,2400,0,0
2024-03-13,P103,S3,140,6580,0,0
2024-03-13,P104,S1,131,6288,1,0
2024-03-13,P104,S2,88,2728,1,0
2024-03-13,P104,S3,106,4770,1,0
2024-03-13,P105,S1,110,3410,1,0
2024-03-13,P105,S2,100,4900,1,0
2024-03-13,P105,S3,116,5684,1,0
2024-03-14,P101,S1,96,3840,0,0
2024-03-14,P101,S2,124,5580,0,0
2024-03-14,P101,S3,140,5320,0,0
2024-03-14,P102,S1,77,2464,0,0
2024-03-14,P102,S2,106,2650,0,0
2024-03-14,P102,S3,111,3996,1,0
2024-03-14,P103,S1,66,2046,0,0
2024-03-14,P103,S2,104,3328,0,0
2024-03-14,P103,S3,116,4756,0,0
2024-03-14,P104,S1,123,3075,1,0
2024-03-14,P104,S2,123,2706,0,0
2024-03-14,P104,S3,127,6096,0,0
2024-03-14,P105,S1,98,3528,0,0
2024-03-14,P105,S2,79,2054,0,0
2024-03-14,P105,S3,106,2862,0,0
2024-03-15,P101,S1,108,4428,1,0
2024-03-15,P101,S2,93,1953,0,0
2024-03-15,P101,S3,117,4095,0,0
2024-03-15,P102,S1,112,3024,0,0
2024-03-15,P102,S2,110,4400,0,0
2024-03-15,P102,S3,94,3760,1,0
2024-03-15,P103,S1,119,4641,0,0
2024-03-15,P103,S2,103,3502,1,0
2024-03-15,P103,S3,83,3486,0,0
2024-03-15,P104,S1,90,3600,0,0
2024-03-15,P104,S2,120,5760,0,0
2024-03-15,P104,S3,95,1900,0,0
2024-03-15,P105,S1,113,4181,0,0
2024-03-15,P105,S2,124,5828,0,0
2024-03-15,P105,S3,126,6174,0,0
2024-03-16,P101,S1,159,5088,1,0
2024-03-16,P101,S2,124,5704,1,0
2024-03-16,P101,S3,117,2691,0,0
2024-03-16,P102,S1,154,6314,0,0
2024-03-16,P102,S2,139,4726,0,0
2024-03-16,P102,S3,151,4681,0,0
2024-03-16,P103,S1,141,5358,0,0
2024-03-16,P103,S2,129,4902,0,0
2024-03-16,P103,S3,124,6076,1,0
2024-03-16,P104,S1,149,5960,1,0
2024-03-16,P104,S2,107,4922,0,0
2024-03-16,P104,S3,122,2684,0,0
2024-03-16,P105,S1,102,3162,0,0
2024-03-16,P105,S2,145,5800,0,0
2024-03-16,P105,S3,134,3350,0,0
2024-03-17,P101,S1,123,5412,0,1
2024-03-17,P101,S2,131,3799,0,1
2024-03-17,P101,S3,114,5016,1,1
2024-03-17,P102,S1,148,5032,1,1
2024-03-17,P102,S2,147,5439,1,1
2024-03-17,P102,S3,87,2175,0,1
2024-03-17,P103,S1,105,3465,1,1
2024-03-17,P103,S2,111,4440,0,1
2024-03-17,P103,S3,123,3075,0,1
2024-03-17,P104,S1,137,3973,0,1
2024-03-17,P104,S2,93,3906,0,1
2024-03-17,P104,S3,104,3224,0,1
2024-03-17,P105,S1,103,4841,1,1
2024-03-17,P105,S2,116,2784,0,1
2024-03-17,P105,S3,123,5289,0,1
2024-03-18,P101,S1,102,4794,0,0
2024-03-18,P101,S2,119,5474,1,0
2024-03-18,P101,S3,95,3515,0,0
2024-03-18,P102,S1,95,2375,0,0
2024-03-18,P102,S2,104,3328,0,0
2024-03-18,P102,S3,143,5005,0,0
2024-03-18,P103,S1,99,3960,0,0
2024-03-18,P103,S2,93,4464,1,0
2024-03-18,P103,S3,108,2700,0,0
2024-03-18,P104,S1,112,3920,0,0
2024-03-18,P104,S2,109,4251,0,0
2024-03-18,P104,S3,109,4796,1,0
2024-03-18,P105,S1,93,3627,0,0
2024-03-18,P105,S2,105,4095,1,0
2024-03-18,P105,S3,119,3808,1,0
2024-03-19,P101,S1,122,4148,0,0
2024-03-19,P101,S2,94,2162,0,0
2024-03-19,P101,S3,116,4524,0,0
2024-03-19,P102,S1,114,3078,1,0
2024-03-19,P102,S2,91,2730,0,0
2024-03-19,P102,S3,109,3597,1,0
2024-03-19,P103,S1,118,5192,0,0
2024-03-19,P103,S2,133,5453,0,0
2024-03-19,P103,S3,99,4158,1,0
2024-03-19,P104,S1,117,4680,0,0
2024-03-19,P104,S2,118,4838,0,0
2024-03-19,P104,S3,93,1953,1,0
2024-03-19,P105,S1,116,2784,0,0
2024-03-19,P105,S2,111,4440,0,0
2024-03-19,P105,S3,94,4136,1,0
2024-03-20,P101,S1,102,3162,0,0
2024-03-20,P101,S2,121,5203,0,0
2024-03-20,P101,S3,119,4879,1,0
2024-03-20,P102,S1,107,4066,0,0
2024-03-20,P102,S2,118,3776,1,0
2024-03-20,P102,S3,116,2436,1,0
2024-03-20,P103,S1,107,5029,1,0
2024-03-20,P103,S2,104,3328,1,0
2024-03-20,P103,S3,110,4400,1,0
2024-03-20,P104,S1,116,2320,1,0
2024-03-20,P104,S2,95,3040,0,0
2024-03-20,P104,S3,132,3036,1,0
2024-03-20,P105,S1,100,2600,0,0
2024-03-20,P105,S2,112,2688,0,0
2024-03-20,P105,S3,82,2378,0,0
2024-03-21,P101,S1,133,3857,1,0
2024-03-21,P101,S2,91,2821,1,0
2024-03-21,P101,S3,73,2555,1,0
2024-03-21,P102,S1,117,5148,0,0
2024-03-21,P102,S2,106,3286,0,0
2024-03-21,P102,S3,87,2523,1,0
2024-03-21,P103,S1,123,3567,1,0
2024-03-21,P103,S2,106,4452,0,0
2024-03-21,P103,S3,107,3959,1,0
2024-03-21,P104,S1,124,3348,0,0
2024-03-21,P104,S2,127,4572,0,0
2024-03-21,P104,S3,119,5355,0,0
2024-03-21,P105,S1,95,4655,0,0
2024-03-21,P105,S2,87,3393,1,0
2024-03-21,P105,S3,112,2464,0,0
2024-03-22,P101,S1,93,2697,0,0
2024-03-22,P101,S2,97,4559,0,0
2024-03-22,P101,S3,112,3024,0,0
2024-03-22,P102,S1,102,3162,0,0
2024-03-22,P102,S2,78,2340,0,0
2024-03-22,P102,S3,75,1575,0,0
2024-03-22,P103,S1,116,2320,0,0
2024-03-22,P103,S2,109,3706,0,0
2024-03-22,P103,S3,129,5547,0,0
2024-03-22,P104,S1,97,3298,0,0
2024-03-22,P104,S2,108,3024,0,0
2024-03-22,P104,S3,114,2622,0,0
2024-03-22,P105,S1,86,2666,0,0
2024-03-22,P105,S2,105,3465,1,0
2024-03-22,P105,S3,106,2650,0,0
2024-03-23,P101,S1,116,5220,0,0
2024-03-23,P101,S2,112,4144,0,0
2024-03-23,P101,S3,124,3596,0,0
2024-03-23,P102,S1,109,4469,1,0
2024-03-23,P102,S2,114,4332,0,0
2024-03-23,P102,S3,142,6106,1,0
2024-03-23,P103,S1,140,4900,0,0
2024-03-23,P103,S2,119,4165,0,0
2024-03-23,P103,S3,118,5428,0,0
2024-03-23,P104,S1,145,3335,0,0
2024-03-23,P104,S2,104,3952,0,0
2024-03-23,P104,S3,126,2898,0,0
2024-03-23,P105,S1,129,5805,0,0
2024-03-23,P105,S2,124,4960,0,0
2024-03-23,P105,S3,122,3416,0,0
2024-03-24,P101,S1,120,2640,0,1
2024-03-24,P101,S2,143,4719,0,1
2024-03-24,P101,S3,99,2673,0,1
2024-03-24,P102,S1,117,3861,1,1
2024-03-24,P102,S2,106,2650,1,1
2024-03-24,P102,S3,126,4284,0,1
2024-03-24,P103,S1,117,2574,1,1
2024-03-24,P103,S2,119,3689,0,1
2024-03-24,P103,S3,125,5625,1,1
2024-03-24,P104,S1,103,3811,0,1
2024-03-24,P104,S2,125,2500,0,1
2024-03-24,P104,S3,125,3625,0,1
2024-03-24,P105,S1,94,3572,0,1
2024-03-24,P105,S2,96,3648,0,1
2024-03-24,P105,S3,97,3104,0,1
2024-03-25,P101,S1,99,2772,1,0
2024-03-25,P101,S2,93,2697,0,0
2024-03-25,P101,S3,130,5720,0,0
2024-03-25,P102,S1,95,2660,0,0
2024-03-25,P102,S2,95,4275,0,0
2024-03-25,P102,S3,104,3432,0,0
2024-03-25,P103,S1,105,4200,1,0
2024-03-25,P103,S2,106,3180,1,0
2024-03-25,P103,S3,84,2184,0,0
2024-03-25,P104,S1,125,3625,0,0
2024-03-25,P104,S2,121,5566,0,0
2024-03-25,P104,S3,133,3990,1,0
2024-03-25,P105,S1,123,3444,1,0
2024-03-25,P105,S2,110,5280,0,0
2024-03-25,P105,S3,120,5520,0,0
2024-03-26,P101,S1,86,3440,1,0
2024-03-26,P101,S2,89,3649,1,0
2024-03-26,P101,S3,125,4750,0,0
2024-03-26,P102,S1,60,2040,0,0
2024-03-26,P102,S2,101,4343,0,0
2024-03-26,P102,S3,106,3498,0,0
2024-03-26,P103,S1,106,3710,0,0
2024-03-26,P103,S2,103,2987,1,0
2024-03-26,P103,S3,94,4230,0,0
2024-03-26,P104,S1,128,3840,0,0
2024-03-26,P104,S2,122,4758,0,0
2024-03-26,P104,S3,100,3600,0,0
2024-03-26,P105,S1,76,2128,1,0
2024-03-26,P105,S2,99,4455,1,0
2024-03-26,P105,S3,132,6204,1,0
2024-03-27,P101,S1,105,2835,1,0
2024-03-27,P101,S2,106,5194,0,0
2024-03-27,P101,S3,69,3243,0,0
2024-03-27,P102,S1,84,2352,1,0
2024-03-27,P102,S2,119,4998,0,0
2024-03-27,P102,S3,107,3959,0,0
2024-03-27,P103,S1,131,5764,0,0
2024-03-27,P103,S2,106,2226,1,0
2024-03-27,P103,S3,82,3116,0,0
2024-03-27,P104,S1,107,2889,0,0
2024-03-27,P104,S2,127,5715,1,0
2024-03-27,P104,S3,115,3795,0,0
2024-03-27,P105,S1,101,2626,0,0
2024-03-27,P105,S2,95,4180,1,0
2024-03-27,P105,S3,82,3362,0,0
2024-03-28,P101,S1,97,3104,1,0
2024-03-28,P101,S2,117,2340,0,0
2024-03-28,P101,S3,84,4116,0,0
2024-03-28,P102,S1,89,1780,0,0
2024-03-28,P102,S2,109,4796,0,0
2024-03-28,P102,S3,89,2314,0,0
2024-03-28,P103,S1,115,4140,0,0
2024-03-28,P103,S2,95,2755,0,0
2024-03-28,P103,S3,93,2790,1,0
2024-03-28,P104,S1,117,4914,0,0
2024-03-28,P104,S2,111,4884,0,0
2024-03-28,P104,S3,91,2639,1,0
2024-03-28,P105,S1,89,2314,1,0
2024-03-28,P105,S2,104,4264,1,0
2024-03-28,P105,S3,103,2266,0,0
2024-03-29,P101,S1,117,4446,0,0
2024-03-29,P101,S2,117,5499,0,0
2024-03-29,P101,S3,128,4736,0,0
2024-03-29,P102,S1,104,4264,0,0
2024-03-29,P102,S2,113,3164,1,0
2024-03-29,P102,S3,122,4758,1,0
2024-03-29,P103,S1,94,3666,0,0
2024-03-29,P103,S2,100,4900,0,0
2024-03-29,P103,S3,104,3640,0,0
2024-03-29,P104,S1,107,5029,1,0
2024-03-29,P104,S2,115,2645,1,0
2024-03-29,P104,S3,84,2520,0,0
2024-03-29,P105,S1,78,3042,0,0
2024-03-29,P105,S2,120,3720,0,0
2024-03-29,P105,S3,109,2616,0,0
2024-03-30,P101,S1,106,5194,0,0
2024-03-30,P101,S2,128,2560,1,0
2024-03-30,P101,S3,122,5246,1,0
2024-03-30,P102,S1,117,4329,0,0
2024-03-30,P102,S2,114,5130,0,0
2024-03-30,P102,S3,99,3960,0,0
2024-03-30,P103,S1,134,3484,1,0
2024-03-30,P103,S2,105,2415,1,0
2024-03-30,P103,S3,134,2680,0,0
2024-03-30,P104,S1,120,2760,0,0
2024-03-30,P104,S2,127,2667,0,0
2024-03-30,P104,S3,132,4356,1,0
2024-03-30,P105,S1,121,4477,0,0
2024-03-30,P105,S2,139,4170,0,0
2024-03-30,P105,S3,98,4410,0,0
2024-03-31,P101,S1,111,4995,0,1
2024-03-31,P101,S2,125,3625,0,1
2024-03-31,P101,S3,121,2541,0,1
2024-03-31,P102,S1,120,3240,0,1
2024-03-31,P102,S2,116,3132,1,1
2024-03-31,P102,S3,125,6125,0,1
2024-03-31,P103,S1,135,3510,0,1
2024-03-31,P103,S2,143,3289,0,1
2024-03-31,P103,S3,106,3922,0,1
2024-03-31,P104,S1,126,3906,0,1
2024-03-31,P104,S2,122,5002,1,1
2024-03-31,P104,S3,147,4704,0,1
2024-03-31,P105,S1,127,5334,0,1
2024-03-31,P105,S2,124,4464,0,1
2024-03-31,P105,S3,131,4978,0,1
2024-04-01,P101,S1,112,2352,0,0
2024-04-01,P101,S2,98,4606,0,0
2024-04-01,P101,S3,94,2726,1,0
2024-04-01,P102,S1,100,2100,0,0
2024-04-01,P102,S2,127,4572,0,0
2024-04-01,P102,S3,111,4662,0,0
2024-04-01,P103,S1,110,4070,0,0
2024-04-01,P103,S2,85,3485,1,0
2024-04-01,P103,S3,109,5341,1,0
2024-04-01,P104,S1,101,4646,1,0
2024-04-01,P104,S2,102,2040,0,0
2024-04-01,P104,S3,98,2744,1,0
2024-04-01,P105,S1,95,3990,1,0
2024-04-01,P105,S2,100,4200,1,0
2024-04-01,P105,S3,92,2300,0,0
2024-04-02,P101,S1,101,2929,1,0
2024-04-02,P101,S2,91,2457,0,0
2024-04-02,P101,S3,77,2387,1,0
2024-04-02,P102,S1,132,5676,0,0
2024-04-02,P102,S2,101,3737,0,0
2024-04-02,P102,S3,112,2688,0,0
2024-04-02,P103,S1,102,2346,1,0
2024-04-02,P103,S2,103,4532,1,0
2024-04-02,P103,S3,117,3627,1,0
2024-04-02,P104,S1,108,2268,0,0
2024-04-02,P104,S2,112,3584,0,0
2024-04-02,P104,S3,115,4715,0,0
2024-04-02,P105,S1,101,2828,0,0
2024-04-02,P105,S2,96,3168,1,0
2024-04-02,P105,S3,133,5719,0,0
2024-04-03,P101,S1,121,4477,0,0
2024-04-03,P101,S2,103,2472,1,0
2024-04-03,P101,S3,123,3813,1,0
2024-04-03,P102,S1,106,4346,0,0
2024-04-03,P102,S2,112,3360,1,0
2024-04-03,P102,S3,93,2976,0,0
2024-04-03,P103,S1,107,3424,0,0
2024-04-03,P103,S2,111,4662,1,0
2024-04-03,P103,S3,116,5684,0,0
2024-04-03,P104,S1,110,3190,1,0
2024-04-03,P104,S2,103,4841,0,0
2024-04-03,P104,S3,117,5265,0,0
2024-04-03,P105,S1,98,2842,0,0
2024-04-03,P105,S2,116,2900,0,0
2024-04-03,P105,S3,95,2945,0,0
2024-04-04,P101,S1,99,3564,0,0
2024-04-04,P101,S2,116,4524,0,0
2024-04-04,P101,S3,85,4165,0,0
2024-04-04,P102,S1,108,4104,1,0
2024-04-04,P102,S2,96,4128,0,0
2024-04-04,P102,S3,135,5670,0,0
2024-04-04,P103,S1,110,2420,0,0
2024-04-04,P103,S2,125,5750,0,0
2024-04-04,P103,S3,117,2457,0,0
2024-04-04,P104,S1,115,5290,0,0
2024-04-04,P104,S2,106,2226,0,0
2024-04-04,P104,S3,117,5265,0,0
2024-04-04,P105,S1,127,3556,1,0
2024-04-04,P105,S2,115,2760,0,0
2024-04-04,P105,S3,125,4000,0,0
2024-04-05,P101,S1,115,3450,0,0
2024-04-05,P101,S2,119,2380,0,0
2024-04-05,P101,S3,116,5568,0,0
2024-04-05,P102,S1,107,2568,0,0
2024-04-05,P102,S2,95,2375,1,0
2024-04-05,P102,S3,102,4590,1,0
2024-04-05,P103,S1,123,4182,0,0
2024-04-05,P103,S2,94,1880,1,0
2024-04-05,P103,S3,130,4550,0,0
2024-04-05,P104,S1,92,3220,0,0
2024-04-05,P104,S2,138,4278,0,0
2024-04-05,P104,S3,136,6120,0,0
2024-04-05,P105,S1,106,4664,0,0
2024-04-05,P105,S2,118,4956,1,0
2024-04-05,P105,S3,108,4752,0,0
2024-04-06,P101,S1,131,5109,1,0
2024-04-06,P101,S2,112,4368,1,0
2024-04-06,P101,S3,134,3484,1,0
2024-04-06,P102,S1,97,4171,0,0
2024-04-06,P102,S2,137,5480,0,0
2024-04-06,P102,S3,124,3348,0,0
2024-04-06,P103,S1,160,6560,0,0
2024-04-06,P103,S2,130,6110,0,0
2024-04-06,P103,S3,119,3927,1,0
2024-04-06,P104,S1,139,4726,0,0
2024-04-06,P104,S2,123,4551,0,0
2024-04-06,P104,S3,118,3186,0,0
2024-04-06,P105,S1,121,2783,0,0
2024-04-06,P105,S2,107,2782,1,0
2024-04-06,P105,S3,142,6532,0,0
2024-04-07,P101,S1,113,3955,0,1
2024-04-07,P101,S2,117,5265,0,1
2024-04-07,P101,S3,115,5520,0,1
2024-04-07,P102,S1,122,3660,0,1
2024-04-07,P102,S2,119,4522,0,1
2024-04-07,P102,S3,125,2750,0,1
2024-04-07,P103,S1,113,3729,0,1
2024-04-07,P103,S2,126,3402,0,1
2024-04-07,P103,S3,158,6478,1,1
2024-04-07,P104,S1,130,3770,0,1
2024-04-07,P104,S2,118,4130,1,1
2024-04-07,P104,S3,127,3048,0,1
2024-04-07,P105,S1,151,4077,1,1
2024-04-07,P105,S2,168,6384,0,1
2024-04-07,P105,S3,137,6713,0,1
2024-04-08,P101,S1,41,1394,1,0
2024-04-08,P101,S2,100,2300,0,0
2024-04-08,P101,S3,115,3335,0,0
2024-04-08,P102,S1,109,3379,0,0
2024-04-08,P102,S2,120,3840,0,0
2024-04-08,P102,S3,112,4032,0,0
2024-04-08,P103,S1,103,2472,1,0
2024-04-08,P103,S2,88,3168,0,0
2024-04-08,P103,S3,110,2750,1,0
2024-04-08,P104,S1,104,3328,1,0
2024-04-08,P104,S2,101,4646,0,0
2024-04-08,P104,S3,102,3978,0,0
2024-04-08,P105,S1,91,2730,1,0
2024-04-08,P105,S2,110,4070,0,0
2024-04-08,P105,S3,117,4446,0,0
2024-04-09,P101,S1,152,3344,0,0
2024-04-09,P101,S2,119,4998,0,0
2024-04-09,P101,S3,77,2695,0,0
2024-04-09,P102,S1,106,3710,1,0
2024-04-09,P102,S2,142,5254,0,0
2024-04-09,P102,S3,94,2162,0,0
2024-04-09,P103,S1,76,2964,0,0
2024-04-09,P103,S2,107,2568,0,0
2024-04-09,P103,S3,115,4600,0,0
2024-04-09,P104,S1,75,2700,0,0
2024-04-09,P104,S2,108,2592,1,0
2024-04-09,P104,S3,117,3276,0,0
2024-04-09,P105,S1,127,5969,0,0
2024-04-09,P105,S2,93,4092,0,0
2024-04-09,P105,S3,92,2024,0,0
2024-04-10,P101,S1,90,3060,1,0
2024-04-10,P101,S2,88,3168,0,0
2024-04-10,P101,S3,102,3570,0,0
2024-04-10,P102,S1,121,4235,0,0
2024-04-10,P102,S2,103,2472,1,0
2024-04-10,P102,S3,114,4332,0,0
2024-04-10,P103,S1,87,2610,0,0
2024-04-10,P103,S2,109,2507,0,0
2024-04-10,P103,S3,115,3910,0,0
2024-04-10,P104,S1,100,2000,0,0
2024-04-10,P104,S2,110,5060,1,0
2024-04-10,P104,S3,134,5360,0,0
2024-04-10,P105,S1,100,2300,0,0
2024-04-10,P105,S2,133,3192,0,0
2024-04-10,P105,S3,101,2626,0,0
2024-04-11,P101,S1,87,4263,0,0
2024-04-11,P101,S2,104,2288,1,0
2024-04-11,P101,S3,99,2475,0,0
2024-04-11,P102,S1,129,2967,0,0
2024-04-11,P102,S2,91,4277,0,0
2024-04-11,P102,S3,105,3045,1,0
2024-04-11,P103,S1,105,3885,0,0
2024-04-11,P103,S2,110,2310,1,0
2024-04-11,P103,S3,104,3016,0,0
2024-04-11,P104,S1,98,4508,0,0
2024-04-11,P104,S2,105,3045,0,0
2024-04-11,P104,S3,93,2511,0,0
2024-04-11,P105,S1,94,3196,1,0
2024-04-11,P105,S2,124,4712,0,0
2024-04-11,P105,S3,134,4958,0,0
2024-04-12,P101,S1,138,5520,0,0
2024-04-12,P101,S2,114,2964,0,0
2024-04-12,P101,S3,99,4455,0,0
2024-04-12,P102,S1,123,2706,0,0
2024-04-12,P102,S2,107,2140,0,0
2024-04-12,P102,S3,93,3999,0,0
2024-04-12,P103,S1,112,4592,0,0
2024-04-12,P103,S2,118,4366,1,0
2024-04-12,P103,S3,102,2244,0,0
2024-04-12,P104,S1,121,3630,1,0
2024-04-12,P104,S2,89,4361,0,0
2024-04-12,P104,S3,104,2600,0,0
2024-04-12,P105,S1,109,3379,1,0
2024-04-12,P105,S2,91,2912,0,0
2024-04-12,P105,S3,111,2886,0,0
2024-04-13,P101,S1,127,5080,1,0
2024-04-13,P101,S2,129,6321,1,0
2024-04-13,P101,S3,116,3596,1,0
2024-04-13,P102,S1,120,3480,0,0
2024-04-13,P102,S2,113,2260,0,0
2024-04-13,P102,S3,154,6930,0,0
2024-04-13,P103,S1,122,5368,0,0
2024-04-13,P103,S2,112,5488,0,0
2024-04-13,P103,S3,105,3885,0,0
2024-04-13,P104,S1,112,5152,0,0
2024-04-13,P104,S2,135,2835,0,0
2024-04-13,P104,S3,135,5130,1,0
2024-04-13,P105,S1,132,4356,0,0
2024-04-13,P105,S2,108,3672,0,0
2024-04-13,P105,S3,147,3381,1,0
2024-04-14,P101,S1,127,5461,0,1
2024-04-14,P101,S2,123,4551,0,1
2024-04-14,P101,S3,121,2420,1,1
2024-04-14,P102,S1,129,2967,1,1
2024-04-14,P102,S2,143,5148,0,1
2024-04-14,P102,S3,108,3456,0,1
2024-04-14,P103,S1,125,4000,0,1
2024-04-14,P103,S2,152,6384,0,1
2024-04-14,P103,S3,118,5192,0,1
2024-04-14,P104,S1,121,5324,0,1
2024-04-14,P104,S2,104,3848,0,1
2024-04-14,P104,S3,111,3108,0,1
2024-04-14,P105,S1,131,6419,0,1
2024-04-14,P105,S2,127,3048,0,1
2024-04-14,P105,S3,138,6348,0,1
2024-04-15,P101,S1,122,4514,1,0
2024-04-15,P101,S2,93,2883,0,0
2024-04-15,P101,S3,109,4905,1,0
2024-04-15,P102,S1,140,5180,1,0
2024-04-15,P102,S2,123,5781,0,0
2024-04-15,P102,S3,89,3471,1,0
2024-04-15,P103,S1,103,4635,1,0
2024-04-15,P103,S2,106,4028,0,0
2024-04-15,P103,S3,96,2400,0,0
2024-04-15,P104,S1,112,3696,0,0
2024-04-15,P104,S2,120,3720,1,0
2024-04-15,P104,S3,109,3597,1,0
2024-04-15,P105,S1,121,3146,0,0
2024-04-15,P105,S2,121,3509,1,0
2024-04-15,P105,S3,108,3348,1,0
2024-04-16,P101,S1,112,3248,1,0
2024-04-16,P101,S2,94,2444,0,0
2024-04-16,P101,S3,107,3638,0,0
2024-04-16,P102,S1,96,2496,1,0
2024-04-16,P102,S2,105,2625,0,0
2024-04-16,P102,S3,92,3864,0,0
2024-04-16,P103,S1,79,2212,0,0
2024-04-16,P103,S2,117,5499,0,0
2024-04-16,P103,S3,80,3440,0,0
2024-04-16,P104,S1,100,4800,0,0
2024-04-16,P104,S2,88,3256,0,0
2024-04-16,P104,S3,106,4558,1,0
2024-04-16,P105,S1,110,3080,1,0
2024-04-16,P105,S2,104,2600,0,0
2024-04-16,P105,S3,127,5080,0,0
2024-04-17,P101,S1,129,2709,0,0
2024-04-17,P101,S2,97,4559,1,0
2024-04-17,P101,S3,126,6048,0,0
2024-04-17,P102,S1,109,4905,0,0
2024-04-17,P102,S2,119,3570,0,0
2024-04-17,P102,S3,117,2457,0,0
2024-04-17,P103,S1,105,3360,1,0
2024-04-17,P103,S2,90,4140,0,0
2024-04-17,P103,S3,111,2775,0,0
2024-04-17,P104,S1,131,4978,1,0
2024-04-17,P104,S2,102,2754,1,0
2024-04-17,P104,S3,90,2880,0,0
2024-04-17,P105,S1,114,3876,0,0
2024-04-17,P105,S2,92,2300,0,0
2024-04-17,P105,S3,102,3978,0,0
2024-04-18,P101,S1,108,2160,0,0
2024-04-18,P101,S2,105,5145,0,0
2024-04-18,P101,S3,119,3927,0,0
2024-04-18,P102,S1,133,3857,0,0
2024-04-18,P102,S2,127,3302,0,0
2024-04-18,P102,S3,134,6432,0,0
2024-04-18,P103,S1,96,2688,0,0
2024-04-18,P103,S2,109,3379,1,0
2024-04-18,P103,S3,110,3410,0,0
2024-04-18,P104,S1,94,3854,1,0
2024-04-18,P104,S2,92,2484,0,0
2024-04-18,P104,S3,117,5499,0,0
2024-04-18,P105,S1,101,4545,1,0
2024-04-18,P105,S2,111,4218,0,0
2024-04-18,P105,S3,96,4512,0,0
2024-04-19,P101,S1,85,2125,1,0
2024-04-19,P101,S2,109,2834,0,0
2024-04-19,P101,S3,129,5289,0,0
2024-04-19,P102,S1,110,4840,0,0
2024-04-19,P102,S2,97,3783,0,0
2024-04-19,P102,S3,120,4440,0,0
2024-04-19,P103,S1,97,3589,0,0
2024-04-19,P103,S2,99,3465,0,0
2024-04-19,P103,S3,88,1848,0,0
2024-04-19,P104,S1,112,2912,0,0
2024-04-19,P104,S2,117,2691,0,0
2024-04-19,P104,S3,116,3248,1,0
2024-04-19,P105,S1,90,2520,0,0
2024-04-19,P105,S2,101,4141,1,0
2024-04-19,P105,S3,109,4796,0,0
2024-04-20,P101,S1,142,5254,0,0
2024-04-20,P101,S2,120,2760,0,0
2024-04-20,P101,S3,130,5980,0,0
2024-04-20,P102,S1,117,3393,1,0
2024-04-20,P102,S2,137,6302,1,0
2024-04-20,P102,S3,127,3556,0,0
2024-04-20,P103,S1,126,3906,1,0
2024-04-20,P103,S2,139,4309,0,0
2024-04-20,P103,S3,129,3225,0,0
2024-04-20,P104,S1,126,2646,0,0
2024-04-20,P104,S2,108,2916,0,0
2024-04-20,P104,S3,120,5400,0,0
2024-04-20,P105,S1,123,2460,0,0
2024-04-20,P105,S2,125,6000,0,0
2024-04-20,P105,S3,163,6357,0,0
2024-04-21,P101,S1,127,5588,1,1
2024-04-21,P101,S2,113,3164,0,1
2024-04-21,P101,S3,139,5143,0,1
2024-04-21,P102,S1,122,3172,0,1
2024-04-21,P102,S2,132,3300,0,1
2024-04-21,P102,S3,122,3538,0,1
2024-04-21,P103,S1,125,4125,0,1
2024-04-21,P103,S2,134,5896,0,1
2024-04-21,P103,S3,155,6820,0,1
2024-04-21,P104,S1,113,4972,0,1
2024-04-21,P104,S2,125,4250,1,1
2024-04-21,P104,S3,151,3020,1,1
2024-04-21,P105,S1,156,4992,0,1
2024-04-21,P105,S2,144,3744,0,1
2024-04-21,P105,S3,129,3354,0,1
2024-04-22,P101,S1,115,4715,1,0
2024-04-22,P101,S2,106,3816,1,0
2024-04-22,P101,S3,113,2486,1,0
2024-04-22,P102,S1,121,4356,1,0
2024-04-22,P102,S2,82,2870,1,0
2024-04-22,P102,S3,110,2640,0,0
2024-04-22,P103,S1,117,3276,0,0
2024-04-22,P103,S2,132,4224,0,0
2024-04-22,P103,S3,126,4914,1,0
2024-04-22,P104,S1,134,5360,0,0
2024-04-22,P104,S2,114,4560,1,0
2024-04-22,P104,S3,107,4922,0,0
2024-04-22,P105,S1,86,3612,1,0
2024-04-22,P105,S2,109,4033,1,0
2024-04-22,P105,S3,94,2538,1,0
2024-04-23,P101,S1,104,3224,0,0
2024-04-23,P101,S2,111,2442,0,0
2024-04-23,P101,S3,105,4095,0,0
2024-04-23,P102,S1,117,3744,0,0
2024-04-23,P102,S2,84,3024,1,0
2024-04-23,P102,S3,105,3255,1,0
2024-04-23,P103,S1,104,2704,1,0
2024-04-23,P103,S2,101,3535,0,0
2024-04-23,P103,S3,111,2220,1,0
2024-04-23,P104,S1,86,3096,0,0
2024-04-23,P104,S2,75,2250,0,0
2024-04-23,P104,S3,97,2910,1,0
2024-04-23,P105,S1,101,2929,0,0
2024-04-23,P105,S2,109,2725,0,0
2024-04-23,P105,S3,102,3570,0,0
2024-04-24,P101,S1,110,4840,0,0
2024-04-24,P101,S2,127,5461,1,0
2024-04-24,P101,S3,87,2436,0,0
2024-04-24,P102,S1,78,3744,0,0
2024-04-24,P102,S2,121,3872,0,0
2024-04-24,P102,S3,120,5880,0,0
2024-04-24,P103,S1,115,4830,0,0
2024-04-24,P103,S2,125,5625,1,0
2024-04-24,P103,S3,80,1920,0,0
2024-04-24,P104,S1,90,2250,1,0
2024-04-24,P104,S2,110,4400,0,0
2024-04-24,P104,S3,145,6090,0,0
2024-04-24,P105,S1,109,3052,0,0
2024-04-24,P105,S2,109,2289,0,0
2024-04-24,P105,S3,99,3663,0,0
2024-04-25,P101,S1,110,2860,0,0
2024-04-25,P101,S2,107,4387,1,0
2024-04-25,P101,S3,98,3528,1,0
2024-04-25,P102,S1,98,2352,1,0
2024-04-25,P102,S2,106,3710,1,0
2024-04-25,P102,S3,113,4294,0,0
2024-04-25,P103,S1,107,4494,0,0
2024-04-25,P103,S2,103,2575,0,0
2024-04-25,P103,S3,131,6026,0,0
2024-04-25,P104,S1,111,3996,1,0
2024-04-25,P104,S2,121,4961,0,0
2024-04-25,P104,S3,119,3451,0,0
2024-04-25,P105,S1,106,4452,0,0
2024-04-25,P105,S2,137,6713,0,0
2024-04-25,P105,S3,119,4403,0,0
2024-04-26,P101,S1,108,3456,0,0
2024-04-26,P101,S2,119,2618,0,0
2024-04-26,P101,S3,92,2668,0,0
2024-04-26,P102,S1,78,2496,1,0
2024-04-26,P102,S2,105,4305,0,0
2024-04-26,P102,S3,85,3230,0,0
2024-04-26,P103,S1,93,2790,0,0
2024-04-26,P103,S2,90,2880,0,0
2024-04-26,P103,S3,82,2870,1,0
2024-04-26,P104,S1,100,3900,1,0
2024-04-26,P104,S2,113,4068,0,0
2024-04-26,P104,S3,108,3240,0,0
2024-04-26,P105,S1,116,2784,0,0
2024-04-26,P105,S2,109,2943,1,0
2024-04-26,P105,S3,118,5664,0,0
2024-04-27,P101,S1,124,4092,1,0
2024-04-27,P101,S2,116,5452,0,0
2024-04-27,P101,S3,119,2737,0,0
2024-04-27,P102,S1,150,4350,0,0
2024-04-27,P102,S2,105,3465,0,0
2024-04-27,P102,S3,109,2616,0,0
2024-04-27,P103,S1,173,7093,1,0
2024-04-27,P103,S2,135,3240,0,0
2024-04-27,P103,S3,93,4185,1,0
2024-04-27,P104,S1,110,4950,0,0
2024-04-27,P104,S2,115,3680,0,0
2024-04-27,P104,S3,114,4788,1,0
2024-04-27,P105,S1,105,3885,0,0
2024-04-27,P105,S2,150,4500,0,0
2024-04-27,P105,S3,134,5762,0,0
2024-04-28,P101,S1,120,5160,0,1
2024-04-28,P101,S2,130,4550,0,1
2024-04-28,P101,S3,114,3306,1,1
2024-04-28,P102,S1,133,4921,1,1
2024-04-28,P102,S2,124,3720,0,1
2024-04-28,P102,S3,126,3402,0,1
2024-04-28,P103,S1,143,4290,1,1
2024-04-28,P103,S2,156,7332,0,1
2024-04-28,P103,S3,132,5412,1,1
2024-04-28,P104,S1,134,4154,0,1
2024-04-28,P104,S2,104,2288,0,1
2024-04-28,P104,S3,131,3930,0,1
2024-04-28,P105,S1,120,3240,0,1
2024-04-28,P105,S2,122,5612,1,1
2024-04-28,P105,S3,123,5289,0,1
2024-04-29,P101,S1,101,2525,1,0
2024-04-29,P101,S2,87,2697,0,0
2024-04-29,P101,S3,110,3850,0,0
2024-04-29,P102,S1,124,3596,0,0
2024-04-29,P102,S2,97,2619,1,0
2024-04-29,P102,S3,136,3672,0,0
2024-04-29,P103,S1,105,4200,1,0
2024-04-29,P103,S2,124,2604,0,0
2024-04-29,P103,S3,100,4100,1,0
2024-04-29,P104,S1,141,6345,0,0
2024-04-29,P104,S2,123,5043,0,0
2024-04-29,P104,S3,102,4590,0,0
2024-04-29,P105,S1,118,3186,0,0
2024-04-29,P105,S2,97,2619,0,0
2024-04-29,P105,S3,134,6030,0,0
2024-04-30,P101,S1,91,3549,0,0
2024-04-30,P101,S2,129,6321,1,0
2024-04-30,P101,S3,95,4370,0,0
2024-04-30,P102,S1,82,2050,0,0
2024-04-30,P102,S2,103,3090,1,0
2024-04-30,P102,S3,105,3465,1,0
2024-04-30,P103,S1,113,3503,0,0
2024-04-30,P103,S2,96,4320,0,0
2024-04-30,P103,S3,102,3672,0,0
2024-04-30,P104,S1,105,4410,0,0
2024-04-30,P104,S2,107,2247,1,0
2024-04-30,P104,S3,91,3367,1,0
2024-04-30,P105,S1,110,2860,1,0
2024-04-30,P105,S2,100,2800,1,0
2024-04-30,P105,S3,118,4602,0,0
2024-05-01,P101,S1,86,2064,0,0
2024-05-01,P101,S2,112,5152,0,0
2024-05-01,P101,S3,95,3230,1,0
2024-05-01,P102,S1,111,3441,0,0
2024-05-01,P102,S2,119,4760,1,0
2024-05-01,P102,S3,90,3240,0,0
2024-05-01,P103,S1,101,3131,1,0
2024-05-01,P103,S2,112,5376,0,0
2024-05-01,P103,S3,110,4840,0,0
2024-05-01,P104,S1,144,6912,0,0
2024-05-01,P104,S2,105,4200,0,0
2024-05-01,P104,S3,117,2457,1,0
2024-05-01,P105,S1,121,4477,0,0
2024-05-01,P105,S2,112,3584,0,0
2024-05-01,P105,S3,84,1848,0,0
2024-05-02,P101,S1,108,4536,1,0
2024-05-02,P101,S2,102,2652,0,0
2024-05-02,P101,S3,95,1995,1,0
2024-05-02,P102,S1,89,4272,0,0
2024-05-02,P102,S2,126,4032,1,0
2024-05-02,P102,S3,86,2408,0,0
2024-05-02,P103,S1,89,3293,1,0
2024-05-02,P103,S2,117,5148,0,0
2024-05-02,P103,S3,114,5586,1,0
2024-05-02,P104,S1,121,5808,1,0
2024-05-02,P104,S2,114,3762,0,0
2024-05-02,P104,S3,83,3652,0,0
2024-05-02,P105,S1,83,2241,0,0
2024-05-02,P105,S2,81,3969,0,0
2024-05-02,P105,S3,93,2697,1,0
2024-05-03,P101,S1,140,5600,1,0
2024-05-03,P101,S2,104,4680,0,0
2024-05-03,P101,S3,109,4905,1,0
2024-05-03,P102,S1,110,2970,0,0
2024-05-03,P102,S2,101,4343,0,0
2024-05-03,P102,S3,121,2541,0,0
2024-05-03,P103,S1,97,4365,0,0
2024-05-03,P103,S2,114,2508,0,0
2024-05-03,P103,S3,111,4218,0,0
2024-05-03,P104,S1,126,3906,0,0
2024-05-03,P104,S2,116,4408,0,0
2024-05-03,P104,S3,113,5311,0,0
2024-05-03,P105,S1,92,4232,0,0
2024-05-03,P105,S2,101,4242,0,0
2024-05-03,P105,S3,108,3348,0,0
2024-05-04,P101,S1,145,4060,0,0
2024-05-04,P101,S2,136,2856,0,0
2024-05-04,P101,S3,141,3102,0,0
2024-05-04,P102,S1,160,7200,1,0
2024-05-04,P102,S2,144,3168,1,0
2024-05-04,P102,S3,117,3978,0,0
2024-05-04,P103,S1,114,5130,0,0
2024-05-04,P103,S2,141,5076,1,0
2024-05-04,P103,S3,137,6302,0,0
2024-05-04,P104,S1,135,5805,0,0
2024-05-04,P104,S2,114,2736,0,0
2024-05-04,P104,S3,124,2480,1,0
2024-05-04,P105,S1,129,3612,1,0
2024-05-04,P105,S2,132,2640,0,0
2024-05-04,P105,S3,161,4669,1,0
2024-05-05,P101,S1,166,7968,1,1
2024-05-05,P101,S2,163,7009,1,1
2024-05-05,P101,S3,126,3528,0,1
2024-05-05,P102,S1,130,5590,1,1
2024-05-05,P102,S2,132,6336,0,1
2024-05-05,P102,S3,116,3480,0,1
2024-05-05,P103,S1,141,3807,1,1
2024-05-05,P103,S2,132,3036,0,1
2024-05-05,P103,S3,148,6068,0,1
2024-05-05,P104,S1,120,2880,1,1
2024-05-05,P104,S2,98,3332,1,1
2024-05-05,P104,S3,125,4250,0,1
2024-05-05,P105,S1,137,3151,1,1
2024-05-05,P105,S2,125,4875,0,1
2024-05-05,P105,S3,123,6027,0,1
2024-05-06,P101,S1,106,2332,1,0
2024-05-06,P101,S2,125,5500,0,0
2024-05-06,P101,S3,112,3584,1,0
2024-05-06,P102,S1,110,3190,1,0
2024-05-06,P102,S2,121,4719,0,0
2024-05-06,P102,S3,93,2325,0,0
2024-05-06,P103,S1,84,2436,0,0
2024-05-06,P103,S2,111,3219,0,0
2024-05-06,P103,S3,107,2782,0,0
2024-05-06,P104,S1,109,4033,1,0
2024-05-06,P104,S2,134,6432,0,0
2024-05-06,P104,S3,119,4522,1,0
2024-05-06,P105,S1,101,3333,0,0
2024-05-06,P105,S2,134,3082,0,0
2024-05-06,P105,S3,128,3072,0,0
2024-05-07,P101,S1,119,4046,1,0
2024-05-07,P101,S2,89,2047,0,0
2024-05-07,P101,S3,95,4560,0,0
2024-05-07,P102,S1,113,5311,0,0
2024-05-07,P102,S2,92,1840,0,0
2024-05-07,P102,S3,98,3332,0,0
2024-05-07,P103,S1,92,4140,1,0
2024-05-07,P103,S2,94,2820,0,0
2024-05-07,P103,S3,123,3936,0,0
2024-05-07,P104,S1,115,4255,0,0
2024-05-07,P104,S2,108,4320,0,0
2024-05-07,P104,S3,109,4469,0,0
2024-05-07,P105,S1,111,4329,1,0
2024-05-07,P105,S2,115,2530,0,0
2024-05-07,P105,S3,81,3159,0,0
2024-05-08,P101,S1,131,6026,0,0
2024-05-08,P101,S2,110,3850,0,0
2024-05-08,P101,S3,115,2760,0,0
2024-05-08,P102,S1,112,5488,1,0
2024-05-08,P102,S2,91,4459,0,0
2024-05-08,P102,S3,105,4515,1,0
2024-05-08,P103,S1,95,3230,1,0
2024-05-08,P103,S2,103,4944,1,0
2024-05-08,P103,S3,95,2090,1,0
2024-05-08,P104,S1,100,3500,0,0
2024-05-08,P104,S2,97,3880,0,0
2024-05-08,P104,S3,124,2852,1,0
2024-05-08,P105,S1,93,1953,0,0
2024-05-08,P105,S2,102,2550,0,0
2024-05-08,P105,S3,108,3996,0,0
2024-05-09,P101,S1,103,2472,0,0
2024-05-09,P101,S2,101,4747,0,0
2024-05-09,P101,S3,118,3894,0,0
2024-05-09,P102,S1,86,3182,0,0
2024-05-09,P102,S2,111,2553,0,0
2024-05-09,P102,S3,115,5635,0,0
2024-05-09,P103,S1,120,4200,1,0
2024-05-09,P103,S2,109,4687,1,0
2024-05-09,P103,S3,101,4646,0,0
2024-05-09,P104,S1,122,3050,0,0
2024-05-09,P104,S2,86,4042,1,0
2024-05-09,P104,S3,134,6164,0,0
2024-05-09,P105,S1,116,4872,0,0
2024-05-09,P105,S2,118,2596,0,0
2024-05-09,P105,S3,125,2750,1,0
2024-05-10,P101,S1,111,3774,0,0
2024-05-10,P101,S2,111,2664,0,0
2024-05-10,P101,S3,122,3172,0,0
2024-05-10,P102,S1,94,2350,0,0
2024-05-10,P102,S2,86,3010,0,0
2024-05-10,P102,S3,96,2976,0,0
2024-05-10,P103,S1,114,3306,0,0
2024-05-10,P103,S2,129,2580,0,0
2024-05-10,P103,S3,103,5047,0,0
2024-05-10,P104,S1,107,2140,0,0
2024-05-10,P104,S2,108,3780,0,0
2024-05-10,P104,S3,132,3036,0,0
2024-05-10,P105,S1,112,5152,1,0
2024-05-10,P105,S2,121,4235,0,0
2024-05-10,P105,S3,110,2200,0,0
2024-05-11,P101,S1,128,4736,0,0
2024-05-11,P101,S2,133,4522,0,0
2024-05-11,P101,S3,114,4104,0,0
2024-05-11,P102,S1,140,4200,0,0
2024-05-11,P102,S2,139,2780,0,0
2024-05-11,P102,S3,138,4416,0,0
2024-05-11,P103,S1,131,6288,1,0
2024-05-11,P103,S2,141,6627,1,0
2024-05-11,P103,S3,152,7144,0,0
2024-05-11,P104,S1,147,3675,0,0
2024-05-11,P104,S2,125,4000,0,0
2024-05-11,P104,S3,136,3944,0,0
2024-05-11,P105,S1,156,4680,1,0
2024-05-11,P105,S2,134,6432,1,0
2024-05-11,P105,S3,106,2756,0,0
2024-05-12,P101,S1,126,3150,0,1
2024-05-12,P101,S2,124,3844,0,1
2024-05-12,P101,S3,143,4576,0,1
2024-05-12,P102,S1,155,3255,0,1
2024-05-12,P102,S2,123,5289,0,1
2024-05-12,P102,S3,136,4488,0,1
2024-05-12,P103,S1,140,5460,0,1
2024-05-12,P103,S2,129,3483,0,1
2024-05-12,P103,S3,123,4920,1,1
2024-05-12,P104,S1,120,2400,0,1
2024-05-12,P104,S2,109,4796,0,1
2024-05-12,P104,S3,122,4026,0,1
2024-05-12,P105,S1,142,6106,1,1
2024-05-12,P105,S2,147,5292,0,1
2024-05-12,P105,S3,112,2688,0,1
2024-05-13,P101,S1,99,4455,1,0
2024-05-13,P101,S2,116,2320,1,0
2024-05-13,P101,S3,116,2900,1,0
2024-05-13,P102,S1,73,3212,1,0
2024-05-13,P102,S2,104,5096,0,0
2024-05-13,P102,S3,110,5390,0,0
2024-05-13,P103,S1,103,4223,0,0
2024-05-13,P103,S2,91,3458,0,0
2024-05-13,P103,S3,84,2268,0,0
2024-05-13,P104,S1,132,6336,0,0
2024-05-13,P104,S2,84,2184,0,0
2024-05-13,P104,S3,78,2652,0,0
2024-05-13,P105,S1,110,2860,0,0
2024-05-13,P105,S2,107,3531,0,0
2024-05-13,P105,S3,105,4305,1,0
2024-05-14,P101,S1,97,3492,1,0
2024-05-14,P101,S2,92,2208,0,0
2024-05-14,P101,S3,108,3672,0,0
2024-05-14,P102,S1,102,3264,0,0
2024-05-14,P102,S2,114,4902,0,0
2024-05-14,P102,S3,125,2875,0,0
2024-05-14,P103,S1,104,4056,0,0
2024-05-14,P103,S2,90,3690,1,0
2024-05-14,P103,S3,122,2806,0,0
2024-05-14,P104,S1,104,4992,0,0
2024-05-14,P104,S2,86,1806,1,0
2024-05-14,P104,S3,106,4346,1,0
2024-05-14,P105,S1,112,5376,0,0
2024-05-14,P105,S2,108,3456,1,0
2024-05-14,P105,S3,99,2475,1,0
2024-05-15,P101,S1,95,1995,0,0
2024-05-15,P101,S2,100,3000,0,0
2024-05-15,P101,S3,111,5439,0,0
2024-05-15,P102,S1,85,2805,1,0
2024-05-15,P102,S2,100,4700,0,0
2024-05-15,P102,S3,108,4212,0,0
2024-05-15,P103,S1,122,2684,1,0
2024-05-15,P103,S2,120,4920,1,0
2024-05-15,P103,S3,96,3936,1,0
2024-05-15,P104,S1,115,4370,0,0
2024-05-15,P104,S2,111,4440,1,0
2024-05-15,P104,S3,130,5070,0,0
2024-05-15,P105,S1,97,4462,0,0
2024-05-15,P105,S2,126,5292,1,0
2024-05-15,P105,S3,84,3276,0,0
2024-05-16,P101,S1,134,3618,1,0
2024-05-16,P101,S2,126,3402,0,0
2024-05-16,P101,S3,112,2464,0,0
2024-05-16,P102,S1,123,4182,0,0
2024-05-16,P102,S2,105,4830,1,0
2024-05-16,P102,S3,100,3300,0,0
2024-05-16,P103,S1,97,2910,0,0
2024-05-16,P103,S2,96,2976,1,0
2024-05-16,P103,S3,101,4949,0,0
2024-05-16,P104,S1,124,4960,0,0
2024-05-16,P104,S2,125,3375,0,0
2024-05-16,P104,S3,94,2068,1,0
2024-05-16,P105,S1,116,4524,0,0
2024-05-16,P105,S2,107,4173,0,0
2024-05-16,P105,S3,129,3354,0,0
2024-05-17,P101,S1,119,3451,0,0
2024-05-17,P101,S2,120,4200,0,0
2024-05-17,P101,S3,114,4560,0,0
2024-05-17,P102,S1,83,3652,0,0
2024-05-17,P102,S2,95,3895,1,0
2024-05-17,P102,S3,114,4218,0,0
2024-05-17,P103,S1,90,4230,0,0
2024-05-17,P103,S2,128,5248,0,0
2024-05-17,P103,S3,92,2760,0,0
2024-05-17,P104,S1,88,4312,1,0
2024-05-17,P104,S2,92,2484,0,0
2024-05-17,P104,S3,107,5029,0,0
2024-05-17,P105,S1,119,5117,1,0
2024-05-17,P105,S2,87,3741,0,0
2024-05-17,P105,S3,102,4692,0,0
2024-05-18,P101,S1,125,5375,1,0
2024-05-18,P101,S2,148,5032,0,0
2024-05-18,P101,S3,131,5633,0,0
2024-05-18,P102,S1,95,3990,1,0
2024-05-18,P102,S2,136,3536,0,0
2024-05-18,P102,S3,121,3025,0,0
2024-05-18,P103,S1,142,6674,0,0
2024-05-18,P103,S2,136,2992,0,0
2024-05-18,P103,S3,117,5382,0,0
2024-05-18,P104,S1,142,3550,0,0
2024-05-18,P104,S2,99,3465,0,0
2024-05-18,P104,S3,136,4624,0,0
2024-05-18,P105,S1,131,5371,0,0
2024-05-18,P105,S2,141,2961,1,0
2024-05-18,P105,S3,130,4940,0,0
2024-05-19,P101,S1,131,5371,0,1
2024-05-19,P101,S2,124,5332,0,1
2024-05-19,P101,S3,111,4662,0,1
2024-05-19,P102,S1,141,3807,0,1
2024-05-19,P102,S2,93,3906,1,1
2024-05-19,P102,S3,113,5311,0,1
2024-05-19,P103,S1,139,3753,0,1
2024-05-19,P103,S2,139,4309,0,1
2024-05-19,P103,S3,129,3096,1,1
2024-05-19,P104,S1,128,6272,0,1
2024-05-19,P104,S2,123,2460,0,1
2024-05-19,P104,S3,119,2737,1,1
2024-05-19,P105,S1,139,2919,0,1
2024-05-19,P105,S2,143,5434,0,1
2024-05-19,P105,S3,117,3276,0,1
2024-05-20,P101,S1,109,2725,1,0
2024-05-20,P101,S2,120,2760,0,0
2024-05-20,P101,S3,93,3720,1,0
2024-05-20,P102,S1,99,2277,0,0
2024-05-20,P102,S2,107,4387,0,0
2024-05-20,P102,S3,131,6026,0,0
2024-05-20,P103,S1,105,3885,1,0
2024-05-20,P103,S2,99,2673,1,0
2024-05-20,P103,S3,113,3955,1,0
2024-05-20,P104,S1,98,2450,0,0
2024-05-20,P104,S2,120,3360,1,0
2024-05-20,P104,S3,104,3432,0,0
2024-05-20,P105,S1,101,2424,0,0
2024-05-20,P105,S2,125,2750,0,0
2024-05-20,P105,S3,102,2448,0,0
2024-05-21,P101,S1,110,5170,1,0
2024-05-21,P101,S2,80,3760,0,0
2024-05-21,P101,S3,115,2875,0,0
2024-05-21,P102,S1,121,4235,0,0
2024-05-21,P102,S2,95,2185,0,0
2024-05-21,P102,S3,97,2231,0,0
2024-05-21,P103,S1,107,3210,0,0
2024-05-21,P103,S2,114,5016,0,0
2024-05-21,P103,S3,92,2668,1,0
2024-05-21,P104,S1,104,4888,0,0
2024-05-21,P104,S2,130,6370,0,0
2024-05-21,P104,S3,101,4040,1,0
2024-05-21,P105,S1,138,3036,0,0
2024-05-21,P105,S2,95,3040,0,0
2024-05-21,P105,S3,124,2728,0,0
2024-05-22,P101,S1,103,3708,0,0
2024-05-22,P101,S2,94,3384,1,0
2024-05-22,P101,S3,105,2625,0,0
2024-05-22,P102,S1,86,3268,0,0
2024-05-22,P102,S2,108,2160,0,0
2024-05-22,P102,S3,96,2304,0,0
2024-05-22,P103,S1,121,5808,0,0
2024-05-22,P103,S2,122,5246,0,0
2024-05-22,P103,S3,126,2898,0,0
2024-05-22,P104,S1,110,3300,0,0
2024-05-22,P104,S2,94,2162,1,0
2024-05-22,P104,S3,128,4608,0,0
2024-05-22,P105,S1,107,2140,0,0
2024-05-22,P105,S2,98,4802,1,0
2024-05-22,P105,S3,160,4960,0,0
2024-05-23,P101,S1,93,3441,0,0
2024-05-23,P101,S2,106,2544,1,0
2024-05-23,P101,S3,122,4636,0,0
2024-05-23,P102,S1,96,3744,1,0
2024-05-23,P102,S2,120,3360,0,0
2024-05-23,P102,S3,89,3382,0,0
2024-05-23,P103,S1,94,2350,0,0
2024-05-23,P103,S2,115,5175,0,0
2024-05-23,P103,S3,102,2448,0,0
2024-05-23,P104,S1,94,2068,1,0
2024-05-23,P104,S2,101,2222,0,0
2024-05-23,P104,S3,120,4440,1,0
2024-05-23,P105,S1,131,5371,0,0
2024-05-23,P105,S2,90,2070,0,0
2024-05-23,P105,S3,93,2046,1,0
2024-05-24,P101,S1,97,2522,0,0
2024-05-24,P101,S2,108,2376,0,0
2024-05-24,P101,S3,112,3136,0,0
2024-05-24,P102,S1,126,5922,1,0
2024-05-24,P102,S2,122,2562,1,0
2024-05-24,P102,S3,104,3744,1,0
2024-05-24,P103,S1,107,5243,0,0
2024-05-24,P103,S2,103,3399,0,0
2024-05-24,P103,S3,114,4104,0,0
2024-05-24,P104,S1,121,3509,0,0
2024-05-24,P104,S2,108,3240,0,0
2024-05-24,P104,S3,109,4469,1,0
2024-05-24,P105,S1,107,3959,0,0
2024-05-24,P105,S2,97,4365,0,0
2024-05-24,P105,S3,101,3838,0,0
2024-05-25,P101,S1,121,3751,0,0
2024-05-25,P101,S2,115,4600,1,0
2024-05-25,P101,S3,126,3276,0,0
2024-05-25,P102,S1,129,5934,1,0
2024-05-25,P102,S2,94,2256,1,0
2024-05-25,P102,S3,140,5180,0,0
2024-05-25,P103,S1,132,3168,0,0
2024-05-25,P103,S2,122,2806,1,0
2024-05-25,P103,S3,137,5891,0,0
2024-05-25,P104,S1,140,6720,1,0
2024-05-25,P104,S2,134,3216,0,0
2024-05-25,P104,S3,130,3640,1,0
2024-05-25,P105,S1,109,2616,0,0
2024-05-25,P105,S2,126,4914,0,0
2024-05-25,P105,S3,111,4995,0,0
2024-05-26,P101,S1,117,4095,1,1
2024-05-26,P101,S2,126,5922,0,1
2024-05-26,P101,S3,142,5964,0,1
2024-05-26,P102,S1,130,6370,1,1
2024-05-26,P102,S2,106,2968,0,1
2024-05-26,P102,S3,129,5934,0,1
2024-05-26,P103,S1,124,5704,1,1
2024-05-26,P103,S2,107,4708,1,1
2024-05-26,P103,S3,110,2640,0,1
2024-05-26,P104,S1,141,6627,1,1
2024-05-26,P104,S2,130,2990,0,1
2024-05-26,P104,S3,128,2688,0,1
2024-05-26,P105,S1,145,3335,0,1
2024-05-26,P105,S2,140,3360,1,1
2024-05-26,P105,S3,123,4428,0,1
2024-05-27,P101,S1,115,4140,0,0
2024-05-27,P101,S2,121,3872,1,0
2024-05-27,P101,S3,87,1827,0,0
2024-05-27,P102,S1,112,3920,0,0
2024-05-27,P102,S2,119,5355,0,0
2024-05-27,P102,S3,99,3564,0,0
2024-05-27,P103,S1,87,2001,0,0
2024-05-27,P103,S2,98,4312,0,0
2024-05-27,P103,S3,122,2928,0,0
2024-05-27,P104,S1,109,3161,0,0
2024-05-27,P104,S2,117,3510,0,0
2024-05-27,P104,S3,114,2736,0,0
2024-05-27,P105,S1,116,5568,0,0
2024-05-27,P105,S2,114,5586,0,0
2024-05-27,P105,S3,87,3567,1,0
2024-05-28,P101,S1,98,4704,0,0
2024-05-28,P101,S2,103,2884,1,0
2024-05-28,P101,S3,87,2262,0,0
2024-05-28,P102,S1,108,2160,1,0
2024-05-28,P102,S2,94,1880,1,0
2024-05-28,P102,S3,116,3712,0,0
2024-05-28,P103,S1,89,1869,0,0
2024-05-28,P103,S2,115,2760,1,0
2024-05-28,P103,S3,117,4329,0,0
2024-05-28,P104,S1,133,3990,0,0
2024-05-28,P104,S2,111,2664,1,0
2024-05-28,P104,S3,125,2625,0,0
2024-05-28,P105,S1,118,5310,1,0
2024-05-28,P105,S2,82,2378,1,0
2024-05-28,P105,S3,112,2688,0,0
2024-05-29,P101,S1,97,4656,1,0
2024-05-29,P101,S2,90,3870,0,0
2024-05-29,P101,S3,118,5664,0,0
2024-05-29,P102,S1,100,2200,0,0
2024-05-29,P102,S2,103,4738,1,0
2024-05-29,P102,S3,108,5292,0,0
2024-05-29,P103,S1,108,5292,1,0
2024-05-29,P103,S2,128,3456,0,0
2024-05-29,P103,S3,131,3144,0,0
2024-05-29,P104,S1,98,4606,0,0
2024-05-29,P104,S2,94,2256,0,0
2024-05-29,P104,S3,113,4068,0,0
2024-05-29,P105,S1,124,3596,1,0
2024-05-29,P105,S2,129,2709,0,0
2024-05-29,P105,S3,85,2890,0,0
2024-05-30,P101,S1,126,3276,1,0
2024-05-30,P101,S2,109,5123,0,0
2024-05-30,P101,S3,123,4551,1,0
2024-05-30,P102,S1,76,3420,1,0
2024-05-30,P102,S2,131,5371,0,0
2024-05-30,P102,S3,99,3465,0,0
2024-05-30,P103,S1,118,5664,0,0
2024-05-30,P103,S2,88,1760,1,0
2024-05-30,P103,S3,107,3531,1,0
2024-05-30,P104,S1,105,4830,0,0
2024-05-30,P104,S2,124,5580,0,0
2024-05-30,P104,S3,110,3410,1,0
2024-05-30,P105,S1,95,2090,0,0
2024-05-30,P105,S2,106,3604,1,0
2024-05-30,P105,S3,106,5088,1,0
2024-05-31,P101,S1,106,3286,0,0
2024-05-31,P101,S2,98,2352,0,0
2024-05-31,P101,S3,112,4704,0,0
2024-05-31,P102,S1,104,4992,0,0
2024-05-31,P102,S2,112,4480,0,0
2024-05-31,P102,S3,104,5096,0,0
2024-05-31,P103,S1,133,5054,1,0
2024-05-31,P103,S2,121,4840,0,0
2024-05-31,P103,S3,65,2730,0,0
2024-05-31,P104,S1,111,2331,0,0
2024-05-31,P104,S2,113,2373,0,0
2024-05-31,P104,S3,115,3910,0,0
2024-05-31,P105,S1,105,4095,0,0
2024-05-31,P105,S2,105,4935,1,0
2024-05-31,P105,S3,143,4719,0,0
2024-06-01,P101,S1,139,6533,0,0
2024-06-01,P101,S2,133,2926,0,0
2024-06-01,P101,S3,141,5358,1,0
2024-06-01,P102,S1,115,2760,0,0
2024-06-01,P102,S2,161,6118,1,0
2024-06-01,P102,S3,127,2667,0,0
2024-06-01,P103,S1,131,2882,1,0
2024-06-01,P103,S2,120,3720,0,0
2024-06-01,P103,S3,134,6432,0,0
2024-06-01,P104,S1,119,5236,0,0
2024-06-01,P104,S2,153,3672,0,0
2024-06-01,P104,S3,117,2808,0,0
2024-06-01,P105,S1,137,5480,0,0
2024-06-01,P105,S2,161,3703,0,0
2024-06-01,P105,S3,146,6132,0,0
2024-06-02,P101,S1,116,3364,1,1
2024-06-02,P101,S2,105,4515,0,1
2024-06-02,P101,S3,123,2829,0,1
2024-06-02,P102,S1,120,5040,1,1
2024-06-02,P102,S2,148,5772,1,1
2024-06-02,P102,S3,155,3255,0,1
2024-06-02,P103,S1,111,3219,0,1
2024-06-02,P103,S2,147,3087,1,1
2024-06-02,P103,S3,145,3335,0,1
2024-06-02,P104,S1,134,6432,0,1
2024-06-02,P104,S2,122,5002,0,1
2024-06-02,P104,S3,113,2825,1,1
2024-06-02,P105,S1,111,2331,0,1
2024-06-02,P105,S2,150,3000,0,1
2024-06-02,P105,S3,113,4068,1,1
2024-06-03,P101,S1,109,4578,0,0
2024-06-03,P101,S2,92,2208,0,0
2024-06-03,P101,S3,88,2816,1,0
2024-06-03,P102,S1,111,4551,0,0
2024-06-03,P102,S2,132,3828,1,0
2024-06-03,P102,S3,129,5805,1,0
2024-06-03,P103,S1,102,2958,1,0
2024-06-03,P103,S2,111,5439,0,0
2024-06-03,P103,S3,115,4255,0,0
2024-06-03,P104,S1,137,3836,0,0
2024-06-03,P104,S2,98,4508,1,0
2024-06-03,P104,S3,119,3094,0,0
2024-06-03,P105,S1,107,5243,1,0
2024-06-03,P105,S2,88,3168,0,0
2024-06-03,P105,S3,108,5292,0,0
2024-06-04,P101,S1,125,6125,1,0
2024-06-04,P101,S2,113,3051,0,0
2024-06-04,P101,S3,143,6435,1,0
2024-06-04,P102,S1,95,4370,1,0
2024-06-04,P102,S2,106,4982,0,0
2024-06-04,P102,S3,92,3588,0,0
2024-06-04,P103,S1,96,2976,1,0
2024-06-04,P103,S2,115,3795,1,0
2024-06-04,P103,S3,135,6345,1,0
2024-06-04,P104,S1,114,5472,0,0
2024-06-04,P104,S2,101,4444,0,0
2024-06-04,P104,S3,104,4056,0,0
2024-06-04,P105,S1,125,5750,0,0
2024-06-04,P105,S2,119,5236,0,0
2024-06-04,P105,S3,116,4872,1,0
2024-06-05,P101,S1,92,4508,1,0
2024-06-05,P101,S2,92,4508,0,0
2024-06-05,P101,S3,132,4356,1,0
2024-06-05,P102,S1,118,3068,0,0
2024-06-05,P102,S2,113,4633,1,0
2024-06-05,P102,S3,112,2800,1,0
2024-06-05,P103,S1,108,4752,0,0
2024-06-05,P103,S2,101,2222,0,0
2024-06-05,P103,S3,116,2668,1,0
2024-06-05,P104,S1,124,5208,0,0
2024-06-05,P104,S2,142,3266,0,0
2024-06-05,P104,S3,102,3468,0,0
2024-06-05,P105,S1,94,4418,0,0
2024-06-05,P105,S2,114,4332,1,0
2024-06-05,P105,S3,119,4522,0,0
2024-06-06,P101,S1,116,3364,1,0
2024-06-06,P101,S2,91,3731,0,0
2024-06-06,P101,S3,111,2886,0,0
2024-06-06,P102,S1,123,4551,1,0
2024-06-06,P102,S2,100,4200,1,0
2024-06-06,P102,S3,119,5831,1,0
2024-06-06,P103,S1,106,4558,0,0
2024-06-06,P103,S2,114,4788,0,0
2024-06-06,P103,S3,121,3388,1,0
2024-06-06,P104,S1,114,5586,0,0
2024-06-06,P104,S2,116,2552,1,0
2024-06-06,P104,S3,111,3885,1,0
2024-06-06,P105,S1,89,2670,1,0
2024-06-06,P105,S2,97,2231,0,0
2024-06-06,P105,S3,100,2200,1,0
2024-06-07,P101,S1,116,2900,0,0
2024-06-07,P101,S2,128,5248,0,0
2024-06-07,P101,S3,100,2600,0,0
2024-06-07,P102,S1,125,5375,0,0
2024-06-07,P102,S2,110,3740,1,0
2024-06-07,P102,S3,122,2562,1,0
2024-06-07,P103,S1,139,6116,0,0
2024-06-07,P103,S2,103,2987,1,0
2024-06-07,P103,S3,102,3672,0,0
2024-06-07,P104,S1,86,4128,0,0
2024-06-07,P104,S2,104,4888,0,0
2024-06-07,P104,S3,84,2100,0,0
2024-06-07,P105,S1,115,3910,0,0
2024-06-07,P105,S2,110,4070,0,0
2024-06-07,P105,S3,124,4836,0,0
2024-06-08,P101,S1,123,3567,1,0
2024-06-08,P101,S2,135,3510,0,0
2024-06-08,P101,S3,120,3360,0,0
2024-06-08,P102,S1,127,4572,0,0
2024-06-08,P102,S2,133,4389,1,0
2024-06-08,P102,S3,118,4130,0,0
2024-06-08,P103,S1,126,4788,1,0
2024-06-08,P103,S2,131,3668,0,0
2024-06-08,P103,S3,133,5320,1,0
2024-06-08,P104,S1,97,3492,0,0
2024-06-08,P104,S2,134,4020,0,0
2024-06-08,P104,S3,132,3828,0,0
2024-06-08,P105,S1,144,6768,0,0
2024-06-08,P105,S2,142,3692,0,0
2024-06-08,P105,S3,112,3472,0,0
2024-06-09,P101,S1,107,4494,0,1
2024-06-09,P101,S2,164,6888,0,1
2024-06-09,P101,S3,127,3683,0,1
2024-06-09,P102,S1,126,6048,0,1
2024-06-09,P102,S2,152,4864,0,1
2024-06-09,P102,S3,127,5080,0,1
2024-06-09,P103,S1,144,3888,1,1
2024-06-09,P103,S2,148,7252,1,1
2024-06-09,P103,S3,125,5750,0,1
2024-06-09,P104,S1,146,4964,1,1
2024-06-09,P104,S2,100,2300,1,1
2024-06-09,P104,S3,143,5577,0,1
2024-06-09,P105,S1,125,6000,0,1
2024-06-09,P105,S2,133,5852,0,1
2024-06-09,P105,S3,169,5239,0,1
2024-06-10,P101,S1,128,2944,0,0
2024-06-10,P101,S2,135,2700,0,0
2024-06-10,P101,S3,129,2838,1,0
2024-06-10,P102,S1,108,2376,0,0
2024-06-10,P102,S2,142,6674,1,0
2024-06-10,P102,S3,92,2392,1,0
2024-06-10,P103,S1,100,2600,0,0
2024-06-10,P103,S2,111,4440,0,0
2024-06-10,P103,S3,103,3708,0,0
2024-06-10,P104,S1,111,2997,0,0
2024-06-10,P104,S2,84,3780,1,0
2024-06-10,P104,S3,122,5978,0,0
2024-06-10,P105,S1,85,2550,1,0
2024-06-10,P105,S2,141,3666,0,0
2024-06-10,P105,S3,122,3416,0,0
2024-06-11,P101,S1,124,4464,1,0
2024-06-11,P101,S2,111,2775,1,0
2024-06-11,P101,S3,113,2373,0,0
2024-06-11,P102,S1,98,3136,0,0
2024-06-11,P102,S2,99,2574,1,0
2024-06-11,P102,S3,100,3300,1,0
2024-06-11,P103,S1,104,4472,0,0
2024-06-11,P103,S2,92,4508,0,0
2024-06-11,P103,S3,127,2794,0,0
2024-06-11,P104,S1,105,2940,1,0
2024-06-11,P104,S2,114,4104,1,0
2024-06-11,P104,S3,115,2530,0,0
2024-06-11,P105,S1,98,2450,1,0
2024-06-11,P105,S2,123,5904,0,0
2024-06-11,P105,S3,105,4305,1,0
2024-06-12,P101,S1,109,3706,0,0
2024-06-12,P101,S2,126,3024,0,0
2024-06-12,P101,S3,91,3913,1,0
2024-06-12,P102,S1,113,4407,0,0
2024-06-12,P102,S2,118,4130,1,0
2024-06-12,P102,S3,112,3696,1,0
2024-06-12,P103,S1,139,6533,1,0
2024-06-12,P103,S2,109,4469,0,0
2024-06-12,P103,S3,114,5586,1,0
2024-06-12,P104,S1,107,4066,0,0
2024-06-12,P104,S2,120,4440,0,0
2024-06-12,P104,S3,114,4104,0,0
2024-06-12,P105,S1,102,2448,0,0
2024-06-12,P105,S2,110,5170,0,0
2024-06-12,P105,S3,131,4847,0,0
2024-06-13,P101,S1,103,2987,0,0
2024-06-13,P101,S2,115,2300,1,0
2024-06-13,P101,S3,106,2120,1,0
2024-06-13,P102,S1,116,3480,0,0
2024-06-13,P102,S2,129,2838,0,0
2024-06-13,P102,S3,113,3955,0,0
2024-06-13,P103,S1,93,2325,1,0
2024-06-13,P103,S2,98,3038,0,0
2024-06-13,P103,S3,115,3105,0,0
2024-06-13,P104,S1,127,4445,0,0
2024-06-13,P104,S2,77,2772,1,0
2024-06-13,P104,S3,107,3638,0,0
2024-06-13,P105,S1,116,4176,0,0
2024-06-13,P105,S2,115,4830,0,0
2024-06-13,P105,S3,87,4002,0,0
2024-06-14,P101,S1,120,2880,0,0
2024-06-14,P101,S2,90,1980,0,0
2024-06-14,P101,S3,118,3894,1,0
2024-06-14,P102,S1,94,3572,0,0
2024-06-14,P102,S2,111,3774,1,0
2024-06-14,P102,S3,135,3105,0,0
2024-06-14,P103,S1,122,3782,0,0
2024-06-14,P103,S2,118,4838,0,0
2024-06-14,P103,S3,128,3200,0,0
2024-06-14,P104,S1,144,3024,1,0
2024-06-14,P104,S2,104,4992,0,0
2024-06-14,P104,S3,124,4836,0,0
2024-06-14,P105,S1,97,2522,0,0
2024-06-14,P105,S2,106,3180,1,0
2024-06-14,P105,S3,133,5453,1,0
2024-06-15,P101,S1,132,4884,1,0
2024-06-15,P101,S2,162,6966,0,0
2024-06-15,P101,S3,136,4352,1,0
2024-06-15,P102,S1,135,6075,1,0
2024-06-15,P102,S2,141,4089,0,0
2024-06-15,P102,S3,122,2684,1,0
2024-06-15,P103,S1,132,4884,1,0
2024-06-15,P103,S2,125,2875,1,0
2024-06-15,P103,S3,163,5053,1,0
2024-06-15,P104,S1,138,4968,0,0
2024-06-15,P104,S2,125,3625,0,0
2024-06-15,P104,S3,144,2880,0,0
2024-06-15,P105,S1,130,4940,0,0
2024-06-15,P105,S2,110,5390,0,0
2024-06-15,P105,S3,105,4515,0,0
2024-06-16,P101,S1,105,3885,0,1
2024-06-16,P101,S2,136,3808,0,1
2024-06-16,P101,S3,139,4448,1,1
2024-06-16,P102,S1,118,3658,0,1
2024-06-16,P102,S2,137,3151,1,1
2024-06-16,P102,S3,123,5166,0,1
2024-06-16,P103,S1,128,3712,0,1
2024-06-16,P103,S2,130,5590,1,1
2024-06-16,P103,S3,124,5456,1,1
2024-06-16,P104,S1,96,1920,0,1
2024-06-16,P104,S2,130,3510,1,1
2024-06-16,P104,S3,144,5328,0,1
2024-06-16,P105,S1,132,3432,0,1
2024-06-16,P105,S2,136,5712,0,1
2024-06-16,P105,S3,117,4680,0,1
2024-06-17,P101,S1,95,3230,0,0
2024-06-17,P101,S2,102,2346,1,0
2024-06-17,P101,S3,93,2232,1,0
2024-06-17,P102,S1,114,3534,0,0
2024-06-17,P102,S2,113,3503,0,0
2024-06-17,P102,S3,101,3636,0,0
2024-06-17,P103,S1,123,2706,0,0
2024-06-17,P103,S2,119,3927,0,0
2024-06-17,P103,S3,106,4770,0,0
2024-06-17,P104,S1,90,3600,0,0
2024-06-17,P104,S2,123,4428,0,0
2024-06-17,P104,S3,121,4840,0,0
2024-06-17,P105,S1,77,3773,0,0
2024-06-17,P105,S2,103,4635,0,0
2024-06-17,P105,S3,98,3430,0,0
2024-06-18,P101,S1,122,3538,0,0
2024-06-18,P101,S2,94,4512,1,0
2024-06-18,P101,S3,121,2904,0,0
2024-06-18,P102,S1,111,3441,0,0
2024-06-18,P102,S2,91,2275,0,0
2024-06-18,P102,S3,108,3780,0,0
2024-06-18,P103,S1,111,3219,0,0
2024-06-18,P103,S2,135,6345,1,0
2024-06-18,P103,S3,128,3072,0,0
2024-06-18,P104,S1,103,3914,1,0
2024-06-18,P104,S2,122,2806,0,0
2024-06-18,P104,S3,97,2910,0,0
2024-06-18,P105,S1,86,3870,1,0
2024-06-18,P105,S2,123,2706,0,0
2024-06-18,P105,S3,105,4410,0,0
2024-06-19,P101,S1,120,5400,0,0
2024-06-19,P101,S2,112,4928,0,0
2024-06-19,P101,S3,103,4429,0,0
2024-06-19,P102,S1,129,5031,0,0
2024-06-19,P102,S2,147,3087,0,0
2024-06-19,P102,S3,116,2320,1,0
2024-06-19,P103,S1,107,3638,0,0
2024-06-19,P103,S2,128,3840,0,0
2024-06-19,P103,S3,106,2544,0,0
2024-06-19,P104,S1,121,2904,0,0
2024-06-19,P104,S2,108,5076,0,0
2024-06-19,P104,S3,109,5341,0,0
2024-06-19,P105,S1,113,4859,1,0
2024-06-19,P105,S2,121,2783,0,0
2024-06-19,P105,S3,102,3468,0,0
2024-06-20,P101,S1,114,4560,0,0
2024-06-20,P101,S2,120,5880,1,0
2024-06-20,P101,S3,111,2442,0,0
2024-06-20,P102,S1,96,4512,0,0
2024-06-20,P102,S2,79,2133,1,0
2024-06-20,P102,S3,113,3616,0,0
2024-06-20,P103,S1,115,5290,0,0
2024-06-20,P103,S2,117,2925,0,0
2024-06-20,P103,S3,77,1617,1,0
2024-06-20,P104,S1,107,3852,0,0
2024-06-20,P104,S2,107,4387,0,0
2024-06-20,P104,S3,110,4620,0,0
2024-06-20,P105,S1,99,4158,1,0
2024-06-20,P105,S2,126,5418,0,0
2024-06-20,P105,S3,106,4134,1,0
2024-06-21,P101,S1,116,5568,1,0
2024-06-21,P101,S2,115,3220,1,0
2024-06-21,P101,S3,133,4389,1,0
2024-06-21,P102,S1,109,3488,0,0
2024-06-21,P102,S2,104,2704,0,0
2024-06-21,P102,S3,106,4876,0,0
2024-06-21,P103,S1,125,3500,1,0
2024-06-21,P103,S2,85,2720,0,0
2024-06-21,P103,S3,113,4859,0,0
2024-06-21,P104,S1,107,2247,0,0
2024-06-21,P104,S2,124,4092,0,0
2024-06-21,P104,S3,123,3936,1,0
2024-06-21,P105,S1,102,4590,1,0
2024-06-21,P105,S2,118,4248,0,0
2024-06-21,P105,S3,109,3815,1,0
2024-06-22,P101,S1,116,4872,1,0
2024-06-22,P101,S2,123,5658,1,0
2024-06-22,P101,S3,115,2530,0,0
2024-06-22,P102,S1,122,2562,0,0
2024-06-22,P102,S2,138,5520,0,0
2024-06-22,P102,S3,139,3058,0,0
2024-06-22,P103,S1,148,5328,0,0
2024-06-22,P103,S2,138,5382,0,0
2024-06-22,P103,S3,130,5200,0,0
2024-06-22,P104,S1,149,4172,1,0
2024-06-22,P104,S2,117,2457,1,0
2024-06-22,P104,S3,120,5880,1,0
2024-06-22,P105,S1,145,3190,0,0
2024-06-22,P105,S2,110,4620,0,0
2024-06-22,P105,S3,138,4140,1,0
2024-06-23,P101,S1,138,3864,1,1
2024-06-23,P101,S2,126,3906,0,1
2024-06-23,P101,S3,152,4560,0,1
2024-06-23,P102,S1,108,3348,1,1
2024-06-23,P102,S2,114,3192,1,1
2024-06-23,P102,S3,126,4788,0,1
2024-06-23,P103,S1,114,4560,0,1
2024-06-23,P103,S2,125,3875,0,1
2024-06-23,P103,S3,120,5880,1,1
2024-06-23,P104,S1,121,5687,1,1
2024-06-23,P104,S2,127,2921,0,1
2024-06-23,P104,S3,125,2625,1,1
2024-06-23,P105,S1,130,2730,0,1
2024-06-23,P105,S2,122,3050,0,1
2024-06-23,P105,S3,131,5764,0,1
2024-06-24,P101,S1,122,4880,0,0
2024-06-24,P101,S2,106,5194,0,0
2024-06-24,P101,S3,87,4263,1,0
2024-06-24,P102,S1,120,5280,1,0
2024-06-24,P102,S2,106,2332,1,0
2024-06-24,P102,S3,133,4123,0,0
2024-06-24,P103,S1,126,2772,1,0
2024-06-24,P103,S2,98,4018,0,0
2024-06-24,P103,S3,102,4692,0,0
2024-06-24,P104,S1,126,5166,0,0
2024-06-24,P104,S2,102,2346,0,0
2024-06-24,P104,S3,141,5922,0,0
2024-06-24,P105,S1,111,3552,0,0
2024-06-24,P105,S2,123,3567,0,0
2024-06-24,P105,S3,118,5546,1,0
2024-06-25,P101,S1,122,3538,0,0
2024-06-25,P101,S2,111,3441,1,0
2024-06-25,P101,S3,108,2808,0,0
2024-06-25,P102,S1,85,1700,1,0
2024-06-25,P102,S2,82,3690,0,0
2024-06-25,P102,S3,115,5635,0,0
2024-06-25,P103,S1,102,2346,0,0
2024-06-25,P103,S2,113,5198,0,0
2024-06-25,P103,S3,109,2507,0,0
2024-06-25,P104,S1,73,2993,0,0
2024-06-25,P104,S2,120,5520,1,0
2024-06-25,P104,S3,96,4416,0,0
2024-06-25,P105,S1,102,4590,1,0
2024-06-25,P105,S2,107,3103,1,0
2024-06-25,P105,S3,122,5368,1,0
2024-06-26,P101,S1,102,4590,0,0
2024-06-26,P101,S2,122,3538,1,0
2024-06-26,P101,S3,96,4128,0,0
2024-06-26,P102,S1,124,5332,0,0
2024-06-26,P102,S2,107,4922,0,0
2024-06-26,P102,S3,108,3780,0,0
2024-06-26,P103,S1,96,2496,0,0
2024-06-26,P103,S2,114,3990,0,0
2024-06-26,P103,S3,126,3276,0,0
2024-06-26,P104,S1,137,4521,0,0
2024-06-26,P104,S2,105,3675,0,0
2024-06-26,P104,S3,123,2706,1,0
2024-06-26,P105,S1,112,4368,0,0
2024-06-26,P105,S2,122,4880,0,0
2024-06-26,P105,S3,115,3680,0,0
2024-06-27,P101,S1,119,4641,1,0
2024-06-27,P101,S2,117,3393,0,0
2024-06-27,P101,S3,86,1892,0,0
2024-06-27,P102,S1,106,4028,0,0
2024-06-27,P102,S2,114,4560,0,0
2024-06-27,P102,S3,82,3362,1,0
2024-06-27,P103,S1,96,4128,0,0
2024-06-27,P103,S2,99,4653,0,0
2024-06-27,P103,S3,128,3328,1,0
2024-06-27,P104,S1,116,2320,0,0
2024-06-27,P104,S2,133,5453,0,0
2024-06-27,P104,S3,111,5439,0,0
2024-06-27,P105,S1,102,2448,0,0
2024-06-27,P105,S2,109,4905,1,0
2024-06-27,P105,S3,84,2436,0,0
2024-06-28,P101,S1,123,3198,0,0
2024-06-28,P101,S2,114,3078,0,0
2024-06-28,P101,S3,152,7296,0,0
2024-06-28,P102,S1,120,4560,0,0
2024-06-28,P102,S2,100,3100,1,0
2024-06-28,P102,S3,111,5439,1,0
2024-06-28,P103,S1,127,3683,0,0
2024-06-28,P103,S2,120,2640,0,0
2024-06-28,P103,S3,85,3655,0,0
2024-06-28,P104,S1,117,4212,0,0
2024-06-28,P104,S2,108,3564,0,0
2024-06-28,P104,S3,128,4864,0,0
2024-06-28,P105,S1,94,4042,0,0
2024-06-28,P105,S2,108,4320,0,0
2024-06-28,P105,S3,102,2856,1,0
2024-06-29,P101,S1,111,3108,0,0
2024-06-29,P101,S2,151,3624,1,0
2024-06-29,P101,S3,133,3591,0,0
2024-06-29,P102,S1,122,5978,0,0
2024-06-29,P102,S2,136,5032,1,0
2024-06-29,P102,S3,158,5688,0,0
2024-06-29,P103,S1,125,4125,0,0
2024-06-29,P103,S2,147,3675,1,0
2024-06-29,P103,S3,127,5588,1,0
2024-06-29,P104,S1,143,5148,0,0
2024-06-29,P104,S2,130,4550,0,0
2024-06-29,P104,S3,121,3751,1,0
2024-06-29,P105,S1,155,3100,0,0
2024-06-29,P105,S2,148,6512,0,0
2024-06-29,P105,S3,125,5375,0,0
2024-06-30,P101,S1,146,3504,1,1
2024-06-30,P101,S2,137,5206,0,1
2024-06-30,P101,S3,142,6106,1,1
2024-06-30,P102,S1,130,4160,0,1
2024-06-30,P102,S2,107,5243,0,1
2024-06-30,P102,S3,119,5474,0,1
2024-06-30,P103,S1,116,3480,0,1
2024-06-30,P103,S2,142,3692,0,1
2024-06-30,P103,S3,123,6027,0,1
2024-06-30,P104,S1,131,5109,1,1
2024-06-30,P104,S2,99,2376,0,1
2024-06-30,P104,S3,123,4059,0,1
2024-06-30,P105,S1,114,4446,0,1
2024-06-30,P105,S2,128,5632,1,1
2024-06-30,P105,S3,116,5220,1,1
2024-07-01,P101,S1,107,4066,0,0
2024-07-01,P101,S2,116,4060,0,0
2024-07-01,P101,S3,95,3705,0,0
2024-07-01,P102,S1,106,4982,1,0
2024-07-01,P102,S2,100,3600,1,0
2024-07-01,P102,S3,115,2875,0,0
2024-07-01,P103,S1,79,3476,0,0
2024-07-01,P103,S2,96,4224,0,0
2024-07-01,P103,S3,94,2162,0,0
2024-07-01,P104,S1,103,4841,0,0
2024-07-01,P104,S2,117,3978,0,0
2024-07-01,P104,S3,104,4784,0,0
2024-07-01,P105,S1,102,3672,1,0
2024-07-01,P105,S2,138,6762,0,0
2024-07-01,P105,S3,90,2700,0,0
2024-07-02,P101,S1,100,4300,0,0
2024-07-02,P101,S2,113,3955,1,0
2024-07-02,P101,S3,111,2775,0,0
2024-07-02,P102,S1,99,2673,1,0
2024-07-02,P102,S2,120,2880,1,0
2024-07-02,P102,S3,87,2175,0,0
2024-07-02,P103,S1,98,3136,0,0
2024-07-02,P103,S2,106,4770,0,0
2024-07-02,P103,S3,130,2730,0,0
2024-07-02,P104,S1,140,4060,0,0
2024-07-02,P104,S2,103,3399,0,0
2024-07-02,P104,S3,97,2037,1,0
2024-07-02,P105,S1,125,5500,0,0
2024-07-02,P105,S2,113,3729,1,0
2024-07-02,P105,S3,115,4025,0,0
2024-07-03,P101,S1,84,3780,0,0
2024-07-03,P101,S2,125,5000,1,0
2024-07-03,P101,S3,141,6627,0,0
2024-07-03,P102,S1,87,2697,0,0
2024-07-03,P102,S2,91,2093,1,0
2024-07-03,P102,S3,103,2472,0,0
2024-07-03,P103,S1,117,3510,0,0
2024-07-03,P103,S2,135,6210,0,0
2024-07-03,P103,S3,114,2736,0,0
2024-07-03,P104,S1,133,6251,1,0
2024-07-03,P104,S2,107,4280,0,0
2024-07-03,P104,S3,120,4800,0,0
2024-07-03,P105,S1,105,3465,0,0
2024-07-03,P105,S2,103,3811,1,0
2024-07-03,P105,S3,111,2775,0,0
2024-07-04,P101,S1,120,4800,1,0
2024-07-04,P101,S2,99,1980,0,0
2024-07-04,P101,S3,100,3400,0,0
2024-07-04,P102,S1,135,4725,1,0
2024-07-04,P102,S2,139,5560,0,0
2024-07-04,P102,S3,119,2856,0,0
2024-07-04,P103,S1,148,5328,1,0
2024-07-04,P103,S2,97,3686,0,0
2024-07-04,P103,S3,144,4176,1,0
2024-07-04,P104,S1,107,2461,1,0
2024-07-04,P104,S2,116,4176,1,0
2024-07-04,P104,S3,96,3648,1,0
2024-07-04,P105,S1,113,3616,1,0
2024-07-04,P105,S2,113,4181,1,0
2024-07-04,P105,S3,113,2938,0,0
2024-07-05,P101,S1,138,6072,0,0
2024-07-05,P101,S2,113,4972,1,0
2024-07-05,P101,S3,97,4365,0,0
2024-07-05,P102,S1,116,3944,0,0
2024-07-05,P102,S2,106,4028,0,0
2024-07-05,P102,S3,128,3968,1,0
2024-07-05,P103,S1,122,2562,1,0
2024-07-05,P103,S2,117,2340,0,0
2024-07-05,P103,S3,105,3780,0,0
2024-07-05,P104,S1,110,4620,0,0
2024-07-05,P104,S2,107,2568,1,0
2024-07-05,P104,S3,97,3783,0,0
2024-07-05,P105,S1,153,7497,1,0
2024-07-05,P105,S2,120,5520,0,0
2024-07-05,P105,S3,94,3478,0,0
2024-07-06,P101,S1,155,3255,0,0
2024-07-06,P101,S2,139,4448,0,0
2024-07-06,P101,S3,119,3570,0,0
2024-07-06,P102,S1,156,4524,1,0
2024-07-06,P102,S2,131,3144,1,0
2024-07-06,P102,S3,124,3596,0,0
2024-07-06,P103,S1,120,5280,0,0
2024-07-06,P103,S2,132,3828,0,0
2024-07-06,P103,S3,133,6118,0,0
2024-07-06,P104,S1,122,4148,0,0
2024-07-06,P104,S2,143,5005,0,0
2024-07-06,P104,S3,150,5250,1,0
2024-07-06,P105,S1,146,7154,0,0
2024-07-06,P105,S2,164,5904,0,0
2024-07-06,P105,S3,148,5476,0,0
2024-07-07,P101,S1,159,4134,0,1
2024-07-07,P101,S2,131,4454,0,1
2024-07-07,P101,S3,102,2550,0,1
2024-07-07,P102,S1,136,4896,1,1
2024-07-07,P102,S2,138,4416,1,1
2024-07-07,P102,S3,97,4268,0,1
2024-07-07,P103,S1,135,3240,1,1
2024-07-07,P103,S2,144,6336,0,1
2024-07-07,P103,S3,144,4896,0,1
2024-07-07,P104,S1,142,4686,0,1
2024-07-07,P104,S2,152,4256,0,1
2024-07-07,P104,S3,128,2560,1,1
2024-07-07,P105,S1,112,3472,1,1
2024-07-07,P105,S2,149,5811,0,1
2024-07-07,P105,S3,152,4408,0,1
2024-07-08,P101,S1,118,4720,0,0
2024-07-08,P101,S2,120,4200,0,0
2024-07-08,P101,S3,121,2783,0,0
2024-07-08,P102,S1,125,5375,0,0
2024-07-08,P102,S2,116,5568,0,0
2024-07-08,P102,S3,122,5002,0,0
2024-07-08,P103,S1,155,7440,1,0
2024-07-08,P103,S2,124,2852,0,0
2024-07-08,P103,S3,114,3876,0,0
2024-07-08,P104,S1,92,3588,0,0
2024-07-08,P104,S2,112,3696,1,0
2024-07-08,P104,S3,106,2120,0,0
2024-07-08,P105,S1,90,4140,0,0
2024-07-08,P105,S2,116,4408,0,0
2024-07-08,P105,S3,112,4816,0,0
2024-07-09,P101,S1,104,4576,0,0
2024-07-09,P101,S2,79,2844,0,0
2024-07-09,P101,S3,136,2992,0,0
2024-07-09,P102,S1,86,3010,0,0
2024-07-09,P102,S2,101,4343,1,0
2024-07-09,P102,S3,106,3922,0,0
2024-07-09,P103,S1,114,3078,1,0
2024-07-09,P103,S2,135,3510,0,0
2024-07-09,P103,S3,127,5588,0,0
2024-07-09,P104,S1,134,3216,1,0
2024-07-09,P104,S2,115,3795,0,0
2024-07-09,P104,S3,108,2700,0,0
2024-07-09,P105,S1,114,3192,0,0
2024-07-09,P105,S2,117,5265,0,0
2024-07-09,P105,S3,122,3904,0,0
2024-07-10,P101,S1,164,4592,0,0
2024-07-10,P101,S2,122,3050,0,0
2024-07-10,P101,S3,79,3792,0,0
2024-07-10,P102,S1,120,5280,0,0
2024-07-10,P102,S2,141,6204,0,0
2024-07-10,P102,S3,107,3745,0,0
2024-07-10,P103,S1,130,3770,1,0
2024-07-10,P103,S2,130,2860,0,0
2024-07-10,P103,S3,119,5117,0,0
2024-07-10,P104,S1,115,2415,1,0
2024-07-10,P104,S2,141,6909,0,0
2024-07-10,P104,S3,124,2480,0,0
2024-07-10,P105,S1,147,3675,0,0
2024-07-10,P105,S2,105,5040,0,0
2024-07-10,P105,S3,105,2310,1,0
2024-07-11,P101,S1,113,4746,1,0
2024-07-11,P101,S2,101,3939,0,0
2024-07-11,P101,S3,112,2240,0,0
2024-07-11,P102,S1,88,2552,0,0
2024-07-11,P102,S2,112,3920,1,0
2024-07-11,P102,S3,136,6664,0,0
2024-07-11,P103,S1,99,2178,0,0
2024-07-11,P103,S2,128,3456,0,0
2024-07-11,P103,S3,112,4592,0,0
2024-07-11,P104,S1,109,5123,0,0
2024-07-11,P104,S2,86,2064,0,0
2024-07-11,P104,S3,116,3248,0,0
2024-07-11,P105,S1,141,6909,0,0
2024-07-11,P105,S2,76,2356,0,0
2024-07-11,P105,S3,134,4422,0,0
2024-07-12,P101,S1,110,2640,0,0
2024-07-12,P101,S2,113,4633,1,0
2024-07-12,P101,S3,110,4840,0,0
2024-07-12,P102,S1,105,4095,0,0
2024-07-12,P102,S2,133,4788,1,0
2024-07-12,P102,S3,78,3822,0,0
2024-07-12,P103,S1,101,2727,1,0
2024-07-12,P103,S2,144,6912,0,0
2024-07-12,P103,S3,92,2392,0,0
2024-07-12,P104,S1,95,2850,0,0
2024-07-12,P104,S2,101,3636,0,0
2024-07-12,P104,S3,141,6768,1,0
2024-07-12,P105,S1,86,3526,0,0
2024-07-12,P105,S2,103,2266,1,0
2024-07-12,P105,S3,113,4068,0,0
2024-07-13,P101,S1,121,4719,0,0
2024-07-13,P101,S2,134,5226,1,0
2024-07-13,P101,S3,114,2394,1,0
2024-07-13,P102,S1,115,5290,1,0
2024-07-13,P102,S2,130,2730,0,0
2024-07-13,P102,S3,120,2520,0,0
2024-07-13,P103,S1,147,3087,0,0
2024-07-13,P103,S2,140,6860,1,0
2024-07-13,P103,S3,136,2992,0,0
2024-07-13,P104,S1,126,3528,1,0
2024-07-13,P104,S2,130,4680,0,0
2024-07-13,P104,S3,140,4620,0,0
2024-07-13,P105,S1,121,5566,0,0
2024-07-13,P105,S2,121,2904,1,0
2024-07-13,P105,S3,113,3729,0,0
2024-07-14,P101,S1,149,6109,0,1
2024-07-14,P101,S2,131,6157,1,1
2024-07-14,P101,S3,129,5160,0,1
2024-07-14,P102,S1,135,3240,1,1
2024-07-14,P102,S2,109,2616,0,1
2024-07-14,P102,S3,139,3753,1,1
2024-07-14,P103,S1,160,7680,0,1
2024-07-14,P103,S2,113,4972,1,1
2024-07-14,P103,S3,124,4092,0,1
2024-07-14,P104,S1,107,5029,0,1
2024-07-14,P104,S2,138,5934,1,1
2024-07-14,P104,S3,139,5421,0,1
2024-07-14,P105,S1,145,4930,0,1
2024-07-14,P105,S2,132,4488,0,1
2024-07-14,P105,S3,151,6040,0,1
2024-07-15,P101,S1,123,3075,0,0
2024-07-15,P101,S2,115,3565,0,0
2024-07-15,P101,S3,108,2484,1,0
2024-07-15,P102,S1,128,3200,1,0
2024-07-15,P102,S2,103,3502,0,0
2024-07-15,P102,S3,122,4270,0,0
2024-07-15,P103,S1,125,3375,0,0
2024-07-15,P103,S2,129,3354,0,0
2024-07-15,P103,S3,120,2640,1,0
2024-07-15,P104,S1,111,4218,1,0
2024-07-15,P104,S2,111,2775,0,0
2024-07-15,P104,S3,139,5143,1,0
2024-07-15,P105,S1,103,4326,0,0
2024-07-15,P105,S2,133,6517,0,0
2024-07-15,P105,S3,113,3277,0,0
2024-07-16,P101,S1,126,2520,0,0
2024-07-16,P101,S2,105,2520,1,0
2024-07-16,P101,S3,109,3161,1,0
2024-07-16,P102,S1,127,5969,1,0
2024-07-16,P102,S2,128,6144,1,0
2024-07-16,P102,S3,138,5796,0,0
2024-07-16,P103,S1,131,4454,0,0
2024-07-16,P103,S2,112,5488,0,0
2024-07-16,P103,S3,91,3185,0,0
2024-07-16,P104,S1,140,6440,1,0
2024-07-16,P104,S2,95,2945,1,0
2024-07-16,P104,S3,123,5166,0,0
2024-07-16,P105,S1,113,4068,1,0
2024-07-16,P105,S2,116,3944,1,0
2024-07-16,P105,S3,106,2226,0,0
2024-07-17,P101,S1,117,4212,1,0
2024-07-17,P101,S2,82,3116,1,0
2024-07-17,P101,S3,115,4370,1,0
2024-07-17,P102,S1,128,4224,0,0
2024-07-17,P102,S2,100,3900,0,0
2024-07-17,P102,S3,114,2964,1,0
2024-07-17,P103,S1,101,2727,0,0
2024-07-17,P103,S2,112,3360,0,0
2024-07-17,P103,S3,112,2352,0,0
2024-07-17,P104,S1,105,3150,1,0
2024-07-17,P104,S2,106,5194,0,0
2024-07-17,P104,S3,103,4944,1,0
2024-07-17,P105,S1,128,3072,1,0
2024-07-17,P105,S2,99,3663,1,0
2024-07-17,P105,S3,111,4662,1,0
2024-07-18,P101,S1,131,4061,1,0
2024-07-18,P101,S2,116,5452,0,0
2024-07-18,P101,S3,109,5341,1,0
2024-07-18,P102,S1,102,4488,0,0
2024-07-18,P102,S2,115,3105,0,0
2024-07-18,P102,S3,110,4950,0,0
2024-07-18,P103,S1,95,1995,1,0
2024-07-18,P103,S2,113,2599,1,0
2024-07-18,P103,S3,114,5244,0,0
2024-07-18,P104,S1,123,3567,0,0
2024-07-18,P104,S2,104,2080,0,0
2024-07-18,P104,S3,86,2494,0,0
2024-07-18,P105,S1,97,2813,1,0
2024-07-18,P105,S2,101,2929,0,0
2024-07-18,P105,S3,103,4532,0,0
2024-07-19,P101,S1,51,2499,0,0
2024-07-19,P101,S2,115,2990,0,0
2024-07-19,P101,S3,123,4797,0,0
2024-07-19,P102,S1,108,2160,0,0
2024-07-19,P102,S2,89,2225,1,0
2024-07-19,P102,S3,132,6204,0,0
2024-07-19,P103,S1,106,5194,0,0
2024-07-19,P103,S2,124,2976,1,0
2024-07-19,P103,S3,91,3640,0,0
2024-07-19,P104,S1,122,4026,0,0
2024-07-19,P104,S2,114,3192,0,0
2024-07-19,P104,S3,141,5499,0,0
2024-07-19,P105,S1,136,5440,0,0
2024-07-19,P105,S2,121,2662,0,0
2024-07-19,P105,S3,100,3200,0,0
2024-07-20,P101,S1,149,6556,0,0
2024-07-20,P101,S2,150,4800,0,0
2024-07-20,P101,S3,111,2997,0,0
2024-07-20,P102,S1,150,5700,0,0
2024-07-20,P102,S2,137,2740,0,0
2024-07-20,P102,S3,144,3744,0,0
2024-07-20,P103,S1,131,2751,1,0
2024-07-20,P103,S2,158,5214,1,0
2024-07-20,P103,S3,142,6816,0,0
2024-07-20,P104,S1,144,3600,0,0
2024-07-20,P104,S2,136,3944,1,0
2024-07-20,P104,S3,147,5586,0,0
2024-07-20,P105,S1,154,5082,0,0
2024-07-20,P105,S2,138,4692,0,0
2024-07-20,P105,S3,113,4859,1,0
2024-07-21,P101,S1,153,6273,0,1
2024-07-21,P101,S2,110,4950,0,1
2024-07-21,P101,S3,157,3140,1,1
2024-07-21,P102,S1,145,6960,0,1
2024-07-21,P102,S2,123,4182,0,1
2024-07-21,P102,S3,136,2992,1,1
2024-07-21,P103,S1,124,4216,0,1
2024-07-21,P103,S2,122,4026,0,1
2024-07-21,P103,S3,140,4480,0,1
2024-07-21,P104,S1,157,7536,1,1
2024-07-21,P104,S2,126,3780,0,1
2024-07-21,P104,S3,133,3192,0,1
2024-07-21,P105,S1,136,6392,0,1
2024-07-21,P105,S2,136,3536,0,1
2024-07-21,P105,S3,103,2678,0,1
2024-07-22,P101,S1,131,4454,0,0
2024-07-22,P101,S2,107,3638,0,0
2024-07-22,P101,S3,127,5080,0,0
2024-07-22,P102,S1,135,2835,1,0
2024-07-22,P102,S2,89,3115,0,0
2024-07-22,P102,S3,116,4408,0,0
2024-07-22,P103,S1,108,4536,0,0
2024-07-22,P103,S2,113,4859,0,0
2024-07-22,P103,S3,108,4428,0,0
2024-07-22,P104,S1,121,4840,0,0
2024-07-22,P104,S2,119,3927,0,0
2024-07-22,P104,S3,131,5764,1,0
2024-07-22,P105,S1,101,3434,0,0
2024-07-22,P105,S2,106,4876,1,0
2024-07-22,P105,S3,107,4494,0,0
2024-07-23,P101,S1,120,5280,0,0
2024-07-23,P101,S2,99,2178,0,0
2024-07-23,P101,S3,113,4972,0,0
2024-07-23,P102,S1,77,3157,0,0
2024-07-23,P102,S2,109,2943,1,0
2024-07-23,P102,S3,116,3480,0,0
2024-07-23,P103,S1,145,5655,1,0
2024-07-23,P103,S2,122,3172,0,0
2024-07-23,P103,S3,124,4960,1,0
2024-07-23,P104,S1,114,2850,0,0
2024-07-23,P104,S2,122,2440,0,0
2024-07-23,P104,S3,110,5170,1,0
2024-07-23,P105,S1,103,2987,1,0
2024-07-23,P105,S2,132,3300,0,0
2024-07-23,P105,S3,113,2938,0,0
2024-07-24,P101,S1,102,3162,0,0
2024-07-24,P101,S2,113,3729,0,0
2024-07-24,P101,S3,117,2691,0,0
2024-07-24,P102,S1,99,2574,1,0
2024-07-24,P102,S2,94,3572,0,0
2024-07-24,P102,S3,126,3150,0,0
2024-07-24,P103,S1,93,1953,1,0
2024-07-24,P103,S2,134,4154,0,0
2024-07-24,P103,S3,95,4275,0,0
2024-07-24,P104,S1,89,2848,1,0
2024-07-24,P104,S2,112,3584,0,0
2024-07-24,P104,S3,118,5074,1,0
2024-07-24,P105,S1,91,3640,1,0
2024-07-24,P105,S2,130,5720,1,0
2024-07-24,P105,S3,109,4251,0,0
2024-07-25,P101,S1,116,4060,1,0
2024-07-25,P101,S2,126,5292,0,0
2024-07-25,P101,S3,127,2921,0,0
2024-07-25,P102,S1,116,3944,1,0
2024-07-25,P102,S2,100,4700,0,0
2024-07-25,P102,S3,104,2080,0,0
2024-07-25,P103,S1,121,3388,0,0
2024-07-25,P103,S2,145,4930,0,0
2024-07-25,P103,S3,120,4560,0,0
2024-07-25,P104,S1,94,4418,0,0
2024-07-25,P104,S2,130,5720,0,0
2024-07-25,P104,S3,137,4932,0,0
2024-07-25,P105,S1,121,5203,0,0
2024-07-25,P105,S2,113,4746,0,0
2024-07-25,P105,S3,121,3025,0,0
2024-07-26,P101,S1,117,3978,0,0
2024-07-26,P101,S2,109,4251,0,0
2024-07-26,P101,S3,132,3036,1,0
2024-07-26,P102,S1,116,2668,0,0
2024-07-26,P102,S2,127,5842,1,0
2024-07-26,P102,S3,142,4828,0,0
2024-07-26,P103,S1,113,5424,0,0
2024-07-26,P103,S2,101,2929,0,0
2024-07-26,P103,S3,91,1911,1,0
2024-07-26,P104,S1,120,4440,0,0
2024-07-26,P104,S2,103,3605,0,0
2024-07-26,P104,S3,113,5311,0,0
2024-07-26,P105,S1,120,3600,1,0
2024-07-26,P105,S2,107,2461,0,0
2024-07-26,P105,S3,100,3600,0,0
2024-07-27,P101,S1,96,3648,1,0
2024-07-27,P101,S2,150,5400,0,0
2024-07-27,P101,S3,150,6450,0,0
2024-07-27,P102,S1,129,4902,0,0
2024-07-27,P102,S2,138,4416,0,0
2024-07-27,P102,S3,134,5494,1,0
2024-07-27,P103,S1,128,2560,1,0
2024-07-27,P103,S2,153,5814,0,0
2024-07-27,P103,S3,124,4588,0,0
2024-07-27,P104,S1,111,4107,0,0
2024-07-27,P104,S2,151,4530,0,0
2024-07-27,P104,S3,122,4148,0,0
2024-07-27,P105,S1,154,5236,0,0
2024-07-27,P105,S2,148,4588,0,0
2024-07-27,P105,S3,130,4550,0,0
2024-07-28,P101,S1,133,4522,0,1
2024-07-28,P101,S2,139,6116,1,1
2024-07-28,P101,S3,135,4995,0,1
2024-07-28,P102,S1,122,3416,1,1
2024-07-28,P102,S2,115,2875,0,1
2024-07-28,P102,S3,107,3959,0,1
2024-07-28,P103,S1,120,3000,0,1
2024-07-28,P103,S2,118,3422,1,1
2024-07-28,P103,S3,112,5040,0,1
2024-07-28,P104,S1,139,3475,0,1
2024-07-28,P104,S2,123,2829,0,1
2024-07-28,P104,S3,140,3360,0,1
2024-07-28,P105,S1,134,4288,0,1
2024-07-28,P105,S2,117,4329,1,1
2024-07-28,P105,S3,145,5365,0,1
2024-07-29,P101,S1,110,4070,0,0
2024-07-29,P101,S2,126,3402,0,0
2024-07-29,P101,S3,125,5000,0,0
2024-07-29,P102,S1,132,3300,1,0
2024-07-29,P102,S2,113,4181,0,0
2024-07-29,P102,S3,84,3024,1,0
2024-07-29,P103,S1,102,3774,0,0
2024-07-29,P103,S2,105,3570,1,0
2024-07-29,P103,S3,114,5130,1,0
2024-07-29,P104,S1,130,4550,1,0
2024-07-29,P104,S2,107,3210,0,0
2024-07-29,P104,S3,122,2562,1,0
2024-07-29,P105,S1,123,3321,0,0
2024-07-29,P105,S2,118,2832,1,0
2024-07-29,P105,S3,92,3772,0,0
2024-07-30,P101,S1,91,2184,0,0
2024-07-30,P101,S2,93,4092,0,0
2024-07-30,P101,S3,141,3948,0,0
2024-07-30,P102,S1,140,5880,0,0
2024-07-30,P102,S2,118,3422,1,0
2024-07-30,P102,S3,100,4900,1,0
2024-07-30,P103,S1,126,5922,0,0
2024-07-30,P103,S2,95,2565,0,0
2024-07-30,P103,S3,124,3720,1,0
2024-07-30,P104,S1,117,3627,0,0
2024-07-30,P104,S2,112,4480,0,0
2024-07-30,P104,S3,104,3952,0,0
2024-07-30,P105,S1,93,3255,0,0
2024-07-30,P105,S2,100,4900,0,0
2024-07-30,P105,S3,130,3120,0,0
2024-07-31,P101,S1,99,4158,0,0
2024-07-31,P101,S2,93,4557,0,0
2024-07-31,P101,S3,138,5658,1,0
2024-07-31,P102,S1,138,4140,0,0
2024-07-31,P102,S2,107,2889,0,0
2024-07-31,P102,S3,117,3393,0,0
2024-07-31,P103,S1,117,2691,1,0
2024-07-31,P103,S2,116,5104,1,0
2024-07-31,P103,S3,87,3393,1,0
2024-07-31,P104,S1,95,3420,0,0
2024-07-31,P104,S2,97,2522,0,0
2024-07-31,P104,S3,115,2415,0,0
2024-07-31,P105,S1,116,3596,1,0
2024-07-31,P105,S2,84,3780,0,0
2024-07-31,P105,S3,104,2496,1,0
2024-08-01,P101,S1,121,2420,1,0
2024-08-01,P101,S2,89,4094,1,0
2024-08-01,P101,S3,114,5586,0,0
2024-08-01,P102,S1,129,6192,1,0
2024-08-01,P102,S2,88,2552,0,0
2024-08-01,P102,S3,99,2079,0,0
2024-08-01,P103,S1,120,5280,0,0
2024-08-01,P103,S2,107,3424,0,0
2024-08-01,P103,S3,122,3416,1,0
2024-08-01,P104,S1,104,5096,0,0
2024-08-01,P104,S2,111,2220,1,0
2024-08-01,P104,S3,131,6288,1,0
2024-08-01,P105,S1,92,3496,0,0
2024-08-01,P105,S2,137,3151,1,0
2024-08-01,P105,S3,117,4914,0,0
2024-08-02,P101,S1,108,4212,0,0
2024-08-02,P101,S2,104,5096,0,0
2024-08-02,P101,S3,111,5106,0,0
2024-08-02,P102,S1,103,3296,1,0
2024-08-02,P102,S2,124,5704,0,0
2024-08-02,P102,S3,137,3562,0,0
2024-08-02,P103,S1,133,3724,0,0
2024-08-02,P103,S2,118,4130,0,0
2024-08-02,P103,S3,82,3526,0,0
2024-08-02,P104,S1,109,3706,0,0
2024-08-02,P104,S2,129,5031,1,0
2024-08-02,P104,S3,143,3575,1,0
2024-08-02,P105,S1,106,4240,0,0
2024-08-02,P105,S2,145,5075,0,0
2024-08-02,P105,S3,115,3795,1,0
2024-08-03,P101,S1,125,4625,1,0
2024-08-03,P101,S2,125,6125,0,0
2024-08-03,P101,S3,141,5922,0,0
2024-08-03,P102,S1,131,5240,0,0
2024-08-03,P102,S2,120,4800,1,0
2024-08-03,P102,S3,164,3936,0,0
2024-08-03,P103,S1,175,4900,0,0
2024-08-03,P103,S2,127,3175,1,0
2024-08-03,P103,S3,142,2982,1,0
2024-08-03,P104,S1,119,3451,0,0
2024-08-03,P104,S2,129,6063,1,0
2024-08-03,P104,S3,116,3480,1,0
2024-08-03,P105,S1,130,2860,0,0
2024-08-03,P105,S2,148,6808,0,0
2024-08-03,P105,S3,124,3224,0,0
2024-08-04,P101,S1,153,5661,0,1
2024-08-04,P101,S2,123,3690,0,1
2024-08-04,P101,S3,133,2926,0,1
2024-08-04,P102,S1,140,3920,0,1
2024-08-04,P102,S2,133,5852,0,1
2024-08-04,P102,S3,164,4264,1,1
2024-08-04,P103,S1,134,6164,1,1
2024-08-04,P103,S2,131,2882,1,1
2024-08-04,P103,S3,134,2814,1,1
2024-08-04,P104,S1,151,5285,0,1
2024-08-04,P104,S2,134,3618,0,1
2024-08-04,P104,S3,132,3036,0,1
2024-08-04,P105,S1,127,5588,0,1
2024-08-04,P105,S2,139,4448,0,1
2024-08-04,P105,S3,158,5846,1,1
2024-08-05,P101,S1,100,3800,0,0
2024-08-05,P101,S2,108,5292,1,0
2024-08-05,P101,S3,127,2921,1,0
2024-08-05,P102,S1,89,4005,0,0
2024-08-05,P102,S2,100,2000,1,0
2024-08-05,P102,S3,101,2525,0,0
2024-08-05,P103,S1,98,4606,1,0
2024-08-05,P103,S2,133,3990,1,0
2024-08-05,P103,S3,111,3441,0,0
2024-08-05,P104,S1,146,3066,0,0
2024-08-05,P104,S2,133,6118,0,0
2024-08-05,P104,S3,118,4602,0,0
2024-08-05,P105,S1,129,3483,0,0
2024-08-05,P105,S2,112,3136,1,0
2024-08-05,P105,S3,113,5085,0,0
2024-08-06,P101,S1,122,3416,1,0
2024-08-06,P101,S2,122,2440,0,0
2024-08-06,P101,S3,103,2369,1,0
2024-08-06,P102,S1,111,4551,0,0
2024-08-06,P102,S2,106,4982,0,0
2024-08-06,P102,S3,132,2904,0,0
2024-08-06,P103,S1,102,3978,0,0
2024-08-06,P103,S2,92,2852,1,0
2024-08-06,P103,S3,123,4182,0,0
2024-08-06,P104,S1,113,4294,1,0
2024-08-06,P104,S2,121,3509,0,0
2024-08-06,P104,S3,157,5495,0,0
2024-08-06,P105,S1,101,3535,0,0
2024-08-06,P105,S2,111,3996,1,0
2024-08-06,P105,S3,96,3456,1,0
2024-08-07,P101,S1,127,2667,0,0
2024-08-07,P101,S2,146,5986,1,0
2024-08-07,P101,S3,116,2552,0,0
2024-08-07,P102,S1,121,5687,0,0
2024-08-07,P102,S2,128,3328,0,0
2024-08-07,P102,S3,146,5548,0,0
2024-08-07,P103,S1,125,5250,0,0
2024-08-07,P103,S2,141,3807,0,0
2024-08-07,P103,S3,92,3404,0,0
2024-08-07,P104,S1,111,4551,0,0
2024-08-07,P104,S2,118,5192,0,0
2024-08-07,P104,S3,104,3224,1,0
2024-08-07,P105,S1,127,4318,0,0
2024-08-07,P105,S2,131,5764,1,0
2024-08-07,P105,S3,114,5586,0,0
2024-08-08,P101,S1,126,3402,1,0
2024-08-08,P101,S2,133,3458,1,0
2024-08-08,P101,S3,155,4495,0,0
2024-08-08,P102,S1,114,4902,0,0
2024-08-08,P102,S2,92,4140,0,0
2024-08-08,P102,S3,116,4988,0,0
2024-08-08,P103,S1,97,4559,0,0
2024-08-08,P103,S2,143,4719,0,0
2024-08-08,P103,S3,104,5096,0,0
2024-08-08,P104,S1,110,2640,0,0
2024-08-08,P104,S2,107,2354,0,0
2024-08-08,P104,S3,111,2775,0,0
2024-08-08,P105,S1,103,2781,0,0
2024-08-08,P105,S2,103,3090,0,0
2024-08-08,P105,S3,117,5382,0,0
2024-08-09,P101,S1,129,3225,0,0
2024-08-09,P101,S2,90,4320,0,0
2024-08-09,P101,S3,87,2349,1,0
2024-08-09,P102,S1,122,3538,0,0
2024-08-09,P102,S2,137,3288,0,0
2024-08-09,P102,S3,126,4788,1,0
2024-08-09,P103,S1,108,2592,1,0
2024-08-09,P103,S2,118,3776,0,0
2024-08-09,P103,S3,104,2392,1,0
2024-08-09,P104,S1,115,2415,1,0
2024-08-09,P104,S2,126,5166,1,0
2024-08-09,P104,S3,99,2772,0,0
2024-08-09,P105,S1,126,5418,0,0
2024-08-09,P105,S2,132,4752,0,0
2024-08-09,P105,S3,122,4758,0,0
2024-08-10,P101,S1,157,3925,0,0
2024-08-10,P101,S2,100,3100,0,0
2024-08-10,P101,S3,120,4080,0,0
2024-08-10,P102,S1,119,2618,1,0
2024-08-10,P102,S2,113,2938,0,0
2024-08-10,P102,S3,152,5776,1,0
2024-08-10,P103,S1,146,5694,0,0
2024-08-10,P103,S2,135,3510,0,0
2024-08-10,P103,S3,125,2500,0,0
2024-08-10,P104,S1,107,2354,1,0
2024-08-10,P104,S2,110,3300,0,0
2024-08-10,P104,S3,116,2552,1,0
2024-08-10,P105,S1,130,4290,0,0
2024-08-10,P105,S2,107,4280,0,0
2024-08-10,P105,S3,122,2806,1,0
2024-08-11,P101,S1,158,3476,0,1
2024-08-11,P101,S2,158,7426,0,1
2024-08-11,P101,S3,145,7105,1,1
2024-08-11,P102,S1,109,3815,1,1
2024-08-11,P102,S2,153,7344,1,1
2024-08-11,P102,S3,123,3690,0,1
2024-08-11,P103,S1,131,4454,0,1
2024-08-11,P103,S2,133,4921,0,1
2024-08-11,P103,S3,124,3472,0,1
2024-08-11,P104,S1,134,6030,1,1
2024-08-11,P104,S2,119,3332,0,1
2024-08-11,P104,S3,145,6815,0,1
2024-08-11,P105,S1,131,5109,1,1
2024-08-11,P105,S2,146,4672,0,1
2024-08-11,P105,S3,124,5704,0,1
2024-08-12,P101,S1,131,6288,0,0
2024-08-12,P101,S2,115,2645,0,0
2024-08-12,P101,S3,126,2520,0,0
2024-08-12,P102,S1,99,4257,1,0
2024-08-12,P102,S2,92,4508,0,0
2024-08-12,P102,S3,102,4488,1,0
2024-08-12,P103,S1,89,4005,0,0
2024-08-12,P103,S2,112,3696,0,0
2024-08-12,P103,S3,106,4770,0,0
2024-08-12,P104,S1,102,4284,1,0
2024-08-12,P104,S2,124,2604,0,0
2024-08-12,P104,S3,130,5720,0,0
2024-08-12,P105,S1,133,5320,0,0
2024-08-12,P105,S2,88,2464,1,0
2024-08-12,P105,S3,117,3393,1,0
2024-08-13,P101,S1,137,6576,0,0
2024-08-13,P101,S2,123,2829,1,0
2024-08-13,P101,S3,76,2204,1,0
2024-08-13,P102,S1,114,4218,0,0
2024-08-13,P102,S2,122,5124,1,0
2024-08-13,P102,S3,112,5152,0,0
2024-08-13,P103,S1,104,4472,1,0
2024-08-13,P103,S2,112,3360,0,0
2024-08-13,P103,S3,124,5456,1,0
2024-08-13,P104,S1,124,4216,0,0
2024-08-13,P104,S2,143,4433,0,0
2024-08-13,P104,S3,91,3094,1,0
2024-08-13,P105,S1,108,3024,0,0
2024-08-13,P105,S2,99,3564,0,0
2024-08-13,P105,S3,114,4560,0,0
2024-08-14,P101,S1,92,2668,1,0
2024-08-14,P101,S2,120,4080,1,0
2024-08-14,P101,S3,104,2808,1,0
2024-08-14,P102,S1,117,3861,1,0
2024-08-14,P102,S2,87,3654,0,0
2024-08-14,P102,S3,105,3255,1,0
2024-08-14,P103,S1,95,4655,0,0
2024-08-14,P103,S2,124,5084,1,0
2024-08-14,P103,S3,114,3990,0,0
2024-08-14,P104,S1,113,2486,0,0
2024-08-14,P104,S2,135,3240,0,0
2024-08-14,P104,S3,124,5952,0,0
2024-08-14,P105,S1,108,4860,0,0
2024-08-14,P105,S2,128,4736,0,0
2024-08-14,P105,S3,120,4320,1,0
2024-08-15,P101,S1,106,4770,1,0
2024-08-15,P101,S2,127,4699,0,0
2024-08-15,P101,S3,112,5040,0,0
2024-08-15,P102,S1,109,4796,0,0
2024-08-15,P102,S2,117,5265,1,0
2024-08-15,P102,S3,152,6992,0,0
2024-08-15,P103,S1,129,4902,0,0
2024-08-15,P103,S2,148,6364,0,0
2024-08-15,P103,S3,110,2860,0,0
2024-08-15,P104,S1,105,5145,1,0
2024-08-15,P104,S2,128,3584,0,0
2024-08-15,P104,S3,139,3336,1,0
2024-08-15,P105,S1,130,3250,0,0
2024-08-15,P105,S2,125,3125,1,0
2024-08-15,P105,S3,116,5452,1,0
2024-08-16,P101,S1,87,3567,0,0
2024-08-16,P101,S2,122,4148,0,0
2024-08-16,P101,S3,130,2730,0,0
2024-08-16,P102,S1,113,4633,0,0
2024-08-16,P102,S2,132,5148,0,0
2024-08-16,P102,S3,121,5082,0,0
2024-08-16,P103,S1,102,3162,0,0
2024-08-16,P103,S2,117,5031,1,0
2024-08-16,P103,S3,102,2040,0,0
2024-08-16,P104,S1,119,4760,0,0
2024-08-16,P104,S2,115,4945,1,0
2024-08-16,P104,S3,118,3894,0,0
2024-08-16,P105,S1,104,4680,0,0
2024-08-16,P105,S2,128,3328,0,0
2024-08-16,P105,S3,126,3150,0,0
2024-08-17,P101,S1,123,5658,1,0
2024-08-17,P101,S2,146,6424,1,0
2024-08-17,P101,S3,140,6160,0,0
2024-08-17,P102,S1,158,7584,0,0
2024-08-17,P102,S2,137,2740,0,0
2024-08-17,P102,S3,113,4068,0,0
2024-08-17,P103,S1,145,5655,0,0
2024-08-17,P103,S2,142,3550,0,0
2024-08-17,P103,S3,125,5750,1,0
2024-08-17,P104,S1,100,3500,1,0
2024-08-17,P104,S2,137,6439,1,0
2024-08-17,P104,S3,114,2622,1,0
2024-08-17,P105,S1,136,6256,0,0
2024-08-17,P105,S2,133,4522,0,0
2024-08-17,P105,S3,131,5502,1,0
2024-08-18,P101,S1,149,7301,0,1
2024-08-18,P101,S2,117,2574,1,1
2024-08-18,P101,S3,143,5005,1,1
2024-08-18,P102,S1,145,6380,1,1
2024-08-18,P102,S2,125,3125,0,1
2024-08-18,P102,S3,154,5852,1,1
2024-08-18,P103,S1,138,4830,1,1
2024-08-18,P103,S2,149,5066,1,1
2024-08-18,P103,S3,141,6486,0,1
2024-08-18,P104,S1,132,5148,0,1
2024-08-18,P104,S2,130,4810,0,1
2024-08-18,P104,S3,118,3304,0,1
2024-08-18,P105,S1,142,4402,0,1
2024-08-18,P105,S2,120,4320,0,1
2024-08-18,P105,S3,151,6342,1,1
2024-08-19,P101,S1,98,4508,0,0
2024-08-19,P101,S2,144,5184,1,0
2024-08-19,P101,S3,133,5054,1,0
2024-08-19,P102,S1,79,2528,1,0
2024-08-19,P102,S2,122,3416,0,0
2024-08-19,P102,S3,117,4446,0,0
2024-08-19,P103,S1,123,4920,0,0
2024-08-19,P103,S2,100,4600,0,0
2024-08-19,P103,S3,123,5166,0,0
2024-08-19,P104,S1,102,2448,1,0
2024-08-19,P104,S2,114,4788,1,0
2024-08-19,P104,S3,112,4928,0,0
2024-08-19,P105,S1,120,4440,0,0
2024-08-19,P105,S2,118,2714,0,0
2024-08-19,P105,S3,115,4025,0,0
2024-08-20,P101,S1,115,5175,0,0
2024-08-20,P101,S2,151,3322,0,0
2024-08-20,P101,S3,101,4545,1,0
2024-08-20,P102,S1,154,4312,1,0
2024-08-20,P102,S2,113,2712,0,0
2024-08-20,P102,S3,106,4876,0,0
2024-08-20,P103,S1,136,4896,0,0
2024-08-20,P103,S2,128,5120,0,0
2024-08-20,P103,S3,125,4500,0,0
2024-08-20,P104,S1,111,3996,1,0
2024-08-20,P104,S2,125,3000,0,0
2024-08-20,P104,S3,124,5952,0,0
2024-08-20,P105,S1,133,6517,0,0
2024-08-20,P105,S2,105,4620,0,0
2024-08-20,P105,S3,138,5658,0,0
2024-08-21,P101,S1,108,3564,1,0
2024-08-21,P101,S2,102,2448,1,0
2024-08-21,P101,S3,134,6164,0,0
2024-08-21,P102,S1,94,3854,0,0
2024-08-21,P102,S2,133,3724,0,0
2024-08-21,P102,S3,110,2310,1,0
2024-08-21,P103,S1,111,4884,0,0
2024-08-21,P103,S2,97,4365,0,0
2024-08-21,P103,S3,114,2736,0,0
2024-08-21,P104,S1,99,4554,0,0
2024-08-21,P104,S2,110,4840,1,0
2024-08-21,P104,S3,100,2600,0,0
2024-08-21,P105,S1,99,2277,0,0
2024-08-21,P105,S2,84,1764,0,0
2024-08-21,P105,S3,129,4515,1,0
2024-08-22,P101,S1,115,4025,1,0
2024-08-22,P101,S2,125,4875,0,0
2024-08-22,P101,S3,104,5096,0,0
2024-08-22,P102,S1,105,3780,0,0
2024-08-22,P102,S2,88,2200,0,0
2024-08-22,P102,S3,124,5580,0,0
2024-08-22,P103,S1,136,6256,0,0
2024-08-22,P103,S2,122,3172,0,0
2024-08-22,P103,S3,142,4402,0,0
2024-08-22,P104,S1,121,4961,0,0
2024-08-22,P104,S2,129,5805,0,0
2024-08-22,P104,S3,87,3393,1,0
2024-08-22,P105,S1,114,5244,0,0
2024-08-22,P105,S2,106,2438,0,0
2024-08-22,P105,S3,138,3864,0,0
2024-08-23,P101,S1,109,3161,1,0
2024-08-23,P101,S2,99,4158,0,0
2024-08-23,P101,S3,125,2875,0,0
2024-08-23,P102,S1,109,2725,0,0
2024-08-23,P102,S2,87,2784,0,0
2024-08-23,P102,S3,106,3180,0,0
2024-08-23,P103,S1,133,6384,1,0
2024-08-23,P103,S2,119,5712,0,0
2024-08-23,P103,S3,124,5208,1,0
2024-08-23,P104,S1,122,5490,0,0
2024-08-23,P104,S2,113,3164,0,0
2024-08-23,P104,S3,132,2772,0,0
2024-08-23,P105,S1,105,2940,0,0
2024-08-23,P105,S2,123,4674,0,0
2024-08-23,P105,S3,119,2618,1,0
2024-08-24,P101,S1,144,6192,1,0
2024-08-24,P101,S2,95,4085,0,0
2024-08-24,P101,S3,120,3960,1,0
2024-08-24,P102,S1,124,3968,0,0
2024-08-24,P102,S2,134,5628,0,0
2024-08-24,P102,S3,154,5082,1,0
2024-08-24,P103,S1,102,2244,1,0
2024-08-24,P103,S2,131,4847,0,0
2024-08-24,P103,S3,126,5292,0,0
2024-08-24,P104,S1,147,2940,0,0
2024-08-24,P104,S2,158,3476,1,0
2024-08-24,P104,S3,126,3654,0,0
2024-08-24,P105,S1,140,4900,1,0
2024-08-24,P105,S2,137,6713,0,0
2024-08-24,P105,S3,134,3618,0,0
2024-08-25,P101,S1,130,4680,0,1
2024-08-25,P101,S2,133,3724,0,1
2024-08-25,P101,S3,133,3458,1,1
2024-08-25,P102,S1,127,4699,1,1
2024-08-25,P102,S2,113,4633,0,1
2024-08-25,P102,S3,137,3014,0,1
2024-08-25,P103,S1,121,4235,0,1
2024-08-25,P103,S2,128,5632,0,1
2024-08-25,P103,S3,128,3200,0,1
2024-08-25,P104,S1,147,4851,0,1
2024-08-25,P104,S2,123,4797,0,1
2024-08-25,P104,S3,136,5032,0,1
2024-08-25,P105,S1,133,3325,0,1
2024-08-25,P105,S2,146,4672,0,1
2024-08-25,P105,S3,119,4998,0,1
2024-08-26,P101,S1,121,2420,0,0
2024-08-26,P101,S2,113,2373,0,0
2024-08-26,P101,S3,100,3700,0,0
2024-08-26,P102,S1,107,2889,0,0
2024-08-26,P102,S2,111,4551,0,0
2024-08-26,P102,S3,80,3680,0,0
2024-08-26,P103,S1,92,2760,0,0
2024-08-26,P103,S2,111,3552,1,0
2024-08-26,P103,S3,125,3750,0,0
2024-08-26,P104,S1,124,4960,0,0
2024-08-26,P104,S2,119,3451,0,0
2024-08-26,P104,S3,120,3720,0,0
2024-08-26,P105,S1,106,3816,0,0
2024-08-26,P105,S2,97,3298,1,0
2024-08-26,P105,S3,104,3848,0,0
2024-08-27,P101,S1,130,5720,0,0
2024-08-27,P101,S2,107,3424,0,0
2024-08-27,P101,S3,117,4329,0,0
2024-08-27,P102,S1,110,3850,0,0
2024-08-27,P102,S2,134,3350,0,0
2024-08-27,P102,S3,126,4536,0,0
2024-08-27,P103,S1,115,5060,0,0
2024-08-27,P103,S2,124,4712,1,0
2024-08-27,P103,S3,130,3640,1,0
2024-08-27,P104,S1,92,3036,0,0
2024-08-27,P104,S2,93,3162,0,0
2024-08-27,P104,S3,114,5472,1,0
2024-08-27,P105,S1,127,3175,0,0
2024-08-27,P105,S2,124,3596,1,0
2024-08-27,P105,S3,122,4514,0,0
2024-08-28,P101,S1,108,4860,0,0
2024-08-28,P101,S2,139,5421,0,0
2024-08-28,P101,S3,111,4773,0,0
2024-08-28,P102,S1,119,4403,0,0
2024-08-28,P102,S2,136,5168,0,0
2024-08-28,P102,S3,102,3264,0,0
2024-08-28,P103,S1,116,5568,0,0
2024-08-28,P103,S2,117,3159,0,0
2024-08-28,P103,S3,122,3294,0,0
2024-08-28,P104,S1,118,4012,0,0
2024-08-28,P104,S2,113,3503,0,0
2024-08-28,P104,S3,123,3567,0,0
2024-08-28,P105,S1,111,2664,1,0
2024-08-28,P105,S2,111,4551,0,0
2024-08-28,P105,S3,122,5368,0,0
2024-08-29,P101,S1,112,2240,1,0
2024-08-29,P101,S2,104,3952,0,0
2024-08-29,P101,S3,134,4958,0,0
2024-08-29,P102,S1,93,3255,0,0
2024-08-29,P102,S2,103,4120,1,0
2024-08-29,P102,S3,134,4020,0,0
2024-08-29,P103,S1,115,5520,1,0
2024-08-29,P103,S2,130,3770,0,0
2024-08-29,P103,S3,115,2990,0,0
2024-08-29,P104,S1,123,3198,0,0
2024-08-29,P104,S2,102,2652,1,0
2024-08-29,P104,S3,99,2970,0,0
2024-08-29,P105,S1,133,4123,0,0
2024-08-29,P105,S2,138,5520,1,0
2024-08-29,P105,S3,115,3335,0,0
2024-08-30,P101,S1,129,4773,1,0
2024-08-30,P101,S2,96,4608,0,0
2024-08-30,P101,S3,121,5203,0,0
2024-08-30,P102,S1,115,4255,1,0
2024-08-30,P102,S2,125,3500,0,0
2024-08-30,P102,S3,111,3996,1,0
2024-08-30,P103,S1,78,3822,0,0
2024-08-30,P103,S2,103,2575,0,0
2024-08-30,P103,S3,111,4773,0,0
2024-08-30,P104,S1,115,2415,0,0
2024-08-30,P104,S2,112,3024,0,0
2024-08-30,P104,S3,130,3380,0,0
2024-08-30,P105,S1,104,2600,0,0
2024-08-30,P105,S2,108,2484,0,0
2024-08-30,P105,S3,116,3248,0,0
2024-08-31,P101,S1,150,5100,1,0
2024-08-31,P101,S2,143,6578,1,0
2024-08-31,P101,S3,127,4699,0,0
2024-08-31,P102,S1,121,2904,0,0
2024-08-31,P102,S2,147,4557,1,0
2024-08-31,P102,S3,134,4958,0,0
2024-08-31,P103,S1,124,5456,1,0
2024-08-31,P103,S2,150,5850,0,0
2024-08-31,P103,S3,158,5056,0,0
2024-08-31,P104,S1,106,3710,0,0
2024-08-31,P104,S2,148,6956,0,0
2024-08-31,P104,S3,108,3456,0,0
2024-08-31,P105,S1,141,6627,1,0
2024-08-31,P105,S2,135,6075,0,0
2024-08-31,P105,S3,127,3048,1,0
2024-09-01,P101,S1,135,5130,0,1
2024-09-01,P101,S2,149,4321,0,1
2024-09-01,P101,S3,127,2794,1,1
2024-09-01,P102,S1,135,3240,0,1
2024-09-01,P102,S2,139,2919,0,1
2024-09-01,P102,S3,112,5264,1,1
2024-09-01,P103,S1,140,2800,0,1
2024-09-01,P103,S2,137,4932,1,1
2024-09-01,P103,S3,141,3384,1,1
2024-09-01,P104,S1,133,3990,0,1
2024-09-01,P104,S2,145,4205,0,1
2024-09-01,P104,S3,134,4288,1,1
2024-09-01,P105,S1,125,4000,0,1
2024-09-01,P105,S2,128,2816,1,1
2024-09-01,P105,S3,138,5244,1,1
2024-09-02,P101,S1,125,4250,0,0
2024-09-02,P101,S2,142,3408,0,0
2024-09-02,P101,S3,117,2925,1,0
2024-09-02,P102,S1,111,4884,0,0
2024-09-02,P102,S2,134,4690,1,0
2024-09-02,P102,S3,128,3072,1,0
2024-09-02,P103,S1,111,5106,1,0
2024-09-02,P103,S2,78,3042,0,0
2024-09-02,P103,S3,116,4872,1,0
2024-09-02,P104,S1,134,4958,0,0
2024-09-02,P104,S2,125,5000,0,0
2024-09-02,P104,S3,108,4104,1,0
2024-09-02,P105,S1,157,7065,1,0
2024-09-02,P105,S2,110,4400,0,0
2024-09-02,P105,S3,134,3350,0,0
2024-09-03,P101,S1,160,5760,0,0
2024-09-03,P101,S2,134,4958,1,0
2024-09-03,P101,S3,121,4356,1,0
2024-09-03,P102,S1,119,4641,0,0
2024-09-03,P102,S2,128,4352,0,0
2024-09-03,P102,S3,96,3360,0,0
2024-09-03,P103,S1,104,2288,1,0
2024-09-03,P103,S2,128,4224,1,0
2024-09-03,P103,S3,120,4560,1,0
2024-09-03,P104,S1,117,4914,0,0
2024-09-03,P104,S2,112,4368,1,0
2024-09-03,P104,S3,130,5720,0,0
2024-09-03,P105,S1,132,3036,1,0
2024-09-03,P105,S2,94,3290,0,0
2024-09-03,P105,S3,117,5733,0,0
2024-09-04,P101,S1,118,2714,0,0
2024-09-04,P101,S2,106,4240,0,0
2024-09-04,P101,S3,121,5566,1,0
2024-09-04,P102,S1,106,4134,1,0
2024-09-04,P102,S2,122,5612,0,0
2024-09-04,P102,S3,121,4719,1,0
2024-09-04,P103,S1,99,4257,0,0
2024-09-04,P103,S2,110,2860,0,0
2024-09-04,P103,S3,122,4758,0,0
2024-09-04,P104,S1,111,2442,0,0
2024-09-04,P104,S2,116,4988,0,0
2024-09-04,P104,S3,130,5330,0,0
2024-09-04,P105,S1,115,4025,0,0
2024-09-04,P105,S2,107,4280,0,0
2024-09-04,P105,S3,116,5452,1,0
2024-09-05,P101,S1,108,3672,0,0
2024-09-05,P101,S2,106,2650,0,0
2024-09-05,P101,S3,116,5452,1,0
2024-09-05,P102,S1,131,6419,0,0
2024-09-05,P102,S2,119,2380,0,0
2024-09-05,P102,S3,129,3225,0,0
2024-09-05,P103,S1,126,5670,0,0
2024-09-05,P103,S2,162,4860,1,0
2024-09-05,P103,S3,114,5358,0,0
2024-09-05,P104,S1,89,4183,0,0
2024-09-05,P104,S2,115,3450,0,0
2024-09-05,P104,S3,104,4576,0,0
2024-09-05,P105,S1,128,3456,0,0
2024-09-05,P105,S2,130,3900,1,0
2024-09-05,P105,S3,142,5680,0,0
2024-09-06,P101,S1,123,2460,1,0
2024-09-06,P101,S2,111,4329,0,0
2024-09-06,P101,S3,132,5412,1,0
2024-09-06,P102,S1,141,6909,0,0
2024-09-06,P102,S2,88,3520,0,0
2024-09-06,P102,S3,100,3500,0,0
2024-09-06,P103,S1,114,4788,0,0
2024-09-06,P103,S2,123,4551,0,0
2024-09-06,P103,S3,107,3317,0,0
2024-09-06,P104,S1,100,3700,0,0
2024-09-06,P104,S2,126,4032,0,0
2024-09-06,P104,S3,112,4480,0,0
2024-09-06,P105,S1,131,5502,0,0
2024-09-06,P105,S2,123,3936,0,0
2024-09-06,P105,S3,132,4488,1,0
2024-09-07,P101,S1,119,4284,1,0
2024-09-07,P101,S2,110,5170,1,0
2024-09-07,P101,S3,133,6517,0,0
2024-09-07,P102,S1,117,5616,1,0
2024-09-07,P102,S2,126,4158,1,0
2024-09-07,P102,S3,152,6536,1,0
2024-09-07,P103,S1,118,5310,0,0
2024-09-07,P103,S2,132,4752,0,0
2024-09-07,P103,S3,145,6525,0,0
2024-09-07,P104,S1,144,4320,0,0
2024-09-07,P104,S2,163,4075,0,0
2024-09-07,P104,S3,123,2952,0,0
2024-09-07,P105,S1,147,2940,0,0
2024-09-07,P105,S2,107,3959,0,0
2024-09-07,P105,S3,143,4433,0,0
2024-09-08,P101,S1,118,4130,1,1
2024-09-08,P101,S2,140,4480,0,1
2024-09-08,P101,S3,140,5600,1,1
2024-09-08,P102,S1,140,2940,1,1
2024-09-08,P102,S2,148,5920,1,1
2024-09-08,P102,S3,140,3220,1,1
2024-09-08,P103,S1,142,6390,0,1
2024-09-08,P103,S2,141,4371,0,1
2024-09-08,P103,S3,142,6816,0,1
2024-09-08,P104,S1,141,3384,1,1
2024-09-08,P104,S2,122,5246,0,1
2024-09-08,P104,S3,125,4250,0,1
2024-09-08,P105,S1,130,5850,0,1
2024-09-08,P105,S2,123,3321,0,1
2024-09-08,P105,S3,140,5040,0,1
2024-09-09,P101,S1,120,3360,1,0
2024-09-09,P101,S2,135,6345,0,0
2024-09-09,P101,S3,118,2478,1,0
2024-09-09,P102,S1,141,4653,0,0
2024-09-09,P102,S2,114,3990,0,0
2024-09-09,P102,S3,132,5016,1,0
2024-09-09,P103,S1,105,4095,1,0
2024-09-09,P103,S2,122,5978,0,0
2024-09-09,P103,S3,152,6688,0,0
2024-09-09,P104,S1,104,3016,0,0
2024-09-09,P104,S2,117,5148,1,0
2024-09-09,P104,S3,125,2500,1,0
2024-09-09,P105,S1,120,3600,1,0
2024-09-09,P105,S2,118,5664,0,0
2024-09-09,P105,S3,132,5412,0,0
2024-09-10,P101,S1,118,5782,0,0
2024-09-10,P101,S2,116,4176,1,0
2024-09-10,P101,S3,106,3392,0,0
2024-09-10,P102,S1,124,3968,0,0
2024-09-10,P102,S2,129,4773,1,0
2024-09-10,P102,S3,88,3872,1,0
2024-09-10,P103,S1,128,2944,0,0
2024-09-10,P103,S2,142,5964,0,0
2024-09-10,P103,S3,119,3927,1,0
2024-09-10,P104,S1,114,2850,0,0
2024-09-10,P104,S2,98,4704,1,0
2024-09-10,P104,S3,108,5184,0,0
2024-09-10,P105,S1,124,5456,0,0
2024-09-10,P105,S2,143,6578,0,0
2024-09-10,P105,S3,120,3480,0,0
2024-09-11,P101,S1,109,2398,1,0
2024-09-11,P101,S2,109,4251,1,0
2024-09-11,P101,S3,120,5520,0,0
2024-09-11,P102,S1,120,4560,0,0
2024-09-11,P102,S2,108,3780,0,0
2024-09-11,P102,S3,118,3186,0,0
2024-09-11,P103,S1,121,3146,0,0
2024-09-11,P103,S2,98,4802,0,0
2024-09-11,P103,S3,102,4182,0,0
2024-09-11,P104,S1,120,2400,0,0
2024-09-11,P104,S2,111,3774,0,0
2024-09-11,P104,S3,121,3388,0,0
2024-09-11,P105,S1,97,2910,1,0
2024-09-11,P105,S2,121,4114,1,0
2024-09-11,P105,S3,122,5002,1,0
2024-09-12,P101,S1,129,5934,1,0
2024-09-12,P101,S2,114,2280,0,0
2024-09-12,P101,S3,98,2254,0,0
2024-09-12,P102,S1,124,4588,0,0
2024-09-12,P102,S2,117,5265,0,0
2024-09-12,P102,S3,132,6468,1,0
2024-09-12,P103,S1,112,3808,0,0
2024-09-12,P103,S2,122,2684,0,0
2024-09-12,P103,S3,135,4455,0,0
2024-09-12,P104,S1,111,2331,0,0
2024-09-12,P104,S2,149,3576,0,0
2024-09-12,P104,S3,112,4480,1,0
2024-09-12,P105,S1,161,5635,1,0
2024-09-12,P105,S2,142,6816,0,0
2024-09-12,P105,S3,105,2415,1,0
2024-09-13,P101,S1,159,7791,0,0
2024-09-13,P101,S2,128,3328,0,0
2024-09-13,P101,S3,105,2940,1,0
2024-09-13,P102,S1,100,4600,0,0
2024-09-13,P102,S2,122,4270,0,0
2024-09-13,P102,S3,148,2960,1,0
2024-09-13,P103,S1,104,3016,0,0
2024-09-13,P103,S2,121,3872,0,0
2024-09-13,P103,S3,98,4410,0,0
2024-09-13,P104,S1,126,4788,1,0
2024-09-13,P104,S2,142,3976,0,0
2024-09-13,P104,S3,106,4346,0,0
2024-09-13,P105,S1,95,2185,0,0
2024-09-13,P105,S2,128,2560,1,0
2024-09-13,P105,S3,107,3424,1,0
2024-09-14,P101,S1,132,5676,0,0
2024-09-14,P101,S2,140,4340,0,0
2024-09-14,P101,S3,133,4655,0,0
2024-09-14,P102,S1,123,4920,1,0
2024-09-14,P102,S2,124,3844,1,0
2024-09-14,P102,S3,109,2725,1,0
2024-09-14,P103,S1,137,3288,1,0
2024-09-14,P103,S2,127,3556,1,0
2024-09-14,P103,S3,150,6450,0,0
2024-09-14,P104,S1,118,4838,0,0
2024-09-14,P104,S2,119,2975,0,0
2024-09-14,P104,S3,140,6020,0,0
2024-09-14,P105,S1,121,2783,0,0
2024-09-14,P105,S2,130,4160,0,0
2024-09-14,P105,S3,140,5320,0,0
2024-09-15,P101,S1,158,7742,0,1
2024-09-15,P101,S2,152,3952,0,1
2024-09-15,P101,S3,124,3100,1,1
2024-09-15,P102,S1,144,5616,0,1
2024-09-15,P102,S2,124,4588,0,1
2024-09-15,P102,S3,144,6624,0,1
2024-09-15,P103,S1,148,5476,0,1
2024-09-15,P103,S2,136,2720,0,1
2024-09-15,P103,S3,161,5152,1,1
2024-09-15,P104,S1,155,6510,0,1
2024-09-15,P104,S2,133,3724,1,1
2024-09-15,P104,S3,112,3808,0,1
2024-09-15,P105,S1,152,4712,1,1
2024-09-15,P105,S2,152,6688,0,1
2024-09-15,P105,S3,137,5343,0,1
2024-09-16,P101,S1,122,3782,0,0
2024-09-16,P101,S2,148,3552,0,0
2024-09-16,P101,S3,149,5066,1,0
2024-09-16,P102,S1,133,2660,0,0
2024-09-16,P102,S2,120,2640,0,0
2024-09-16,P102,S3,109,4033,0,0
2024-09-16,P103,S1,150,5400,0,0
2024-09-16,P103,S2,124,3224,0,0
2024-09-16,P103,S3,123,5166,0,0
2024-09-16,P104,S1,103,2987,1,0
2024-09-16,P104,S2,126,3654,1,0
2024-09-16,P104,S3,92,2300,0,0
2024-09-16,P105,S1,115,2875,0,0
2024-09-16,P105,S2,109,2725,0,0
2024-09-16,P105,S3,124,2480,1,0
2024-09-17,P101,S1,135,5400,0,0
2024-09-17,P101,S2,139,5143,0,0
2024-09-17,P101,S3,110,2970,0,0
2024-09-17,P102,S1,112,4704,0,0
2024-09-17,P102,S2,143,3003,0,0
2024-09-17,P102,S3,103,3708,0,0
2024-09-17,P103,S1,125,2500,1,0
2024-09-17,P103,S2,123,2460,0,0
2024-09-17,P103,S3,110,3520,0,0
2024-09-17,P104,S1,104,2912,1,0
2024-09-17,P104,S2,130,5590,0,0
2024-09-17,P104,S3,119,2618,1,0
2024-09-17,P105,S1,118,3540,1,0
2024-09-17,P105,S2,101,4646,0,0
2024-09-17,P105,S3,128,4864,0,0
2024-09-18,P101,S1,111,4551,1,0
2024-09-18,P101,S2,116,5452,0,0
2024-09-18,P101,S3,116,4292,1,0
2024-09-18,P102,S1,124,4960,0,0
2024-09-18,P102,S2,123,4059,0,0
2024-09-18,P102,S3,99,2475,0,0
2024-09-18,P103,S1,118,2832,1,0
2024-09-18,P103,S2,110,4840,0,0
2024-09-18,P103,S3,94,2820,1,0
2024-09-18,P104,S1,85,4165,1,0
2024-09-18,P104,S2,140,5040,0,0
2024-09-18,P104,S3,112,5152,1,0
2024-09-18,P105,S1,107,2568,1,0
2024-09-18,P105,S2,112,2688,0,0
2024-09-18,P105,S3,116,5452,0,0
2024-09-19,P101,S1,114,2622,0,0
2024-09-19,P101,S2,121,4356,1,0
2024-09-19,P101,S3,114,4104,0,0
2024-09-19,P102,S1,118,3776,0,0
2024-09-19,P102,S2,88,3608,0,0
2024-09-19,P102,S3,110,3190,0,0
2024-09-19,P103,S1,111,4995,0,0
2024-09-19,P103,S2,129,2709,1,0
2024-09-19,P103,S3,106,4028,1,0
2024-09-19,P104,S1,89,2581,0,0
2024-09-19,P104,S2,99,4653,0,0
2024-09-19,P104,S3,135,2970,1,0
2024-09-19,P105,S1,130,4290,1,0
2024-09-19,P105,S2,104,4888,0,0
2024-09-19,P105,S3,115,3680,0,0
2024-09-20,P101,S1,118,5310,0,0
2024-09-20,P101,S2,82,1804,0,0
2024-09-20,P101,S3,92,2668,0,0
2024-09-20,P102,S1,120,5880,1,0
2024-09-20,P102,S2,131,4323,1,0
2024-09-20,P102,S3,131,5633,1,0
2024-09-20,P103,S1,110,3740,0,0
2024-09-20,P103,S2,130,4810,1,0
2024-09-20,P103,S3,122,4880,0,0
2024-09-20,P104,S1,116,4872,1,0
2024-09-20,P104,S2,139,4865,0,0
2024-09-20,P104,S3,95,2565,0,0
2024-09-20,P105,S1,116,4988,0,0
2024-09-20,P105,S2,115,5520,1,0
2024-09-20,P105,S3,115,3450,0,0
2024-09-21,P101,S1,123,2952,1,0
2024-09-21,P101,S2,115,5520,1,0
2024-09-21,P101,S3,121,4840,0,0
2024-09-21,P102,S1,157,3297,1,0
2024-09-21,P102,S2,137,4658,1,0
2024-09-21,P102,S3,142,3550,0,0
2024-09-21,P103,S1,138,3864,1,0
2024-09-21,P103,S2,123,4059,0,0
2024-09-21,P103,S3,125,3750,0,0
2024-09-21,P104,S1,118,5192,0,0
2024-09-21,P104,S2,97,4559,0,0
2024-09-21,P104,S3,131,6419,0,0
2024-09-21,P105,S1,144,2880,1,0
2024-09-21,P105,S2,126,5544,0,0
2024-09-21,P105,S3,152,4408,0,0
2024-09-22,P101,S1,137,6302,0,1
2024-09-22,P101,S2,133,3458,0,1
2024-09-22,P101,S3,140,3920,0,1
2024-09-22,P102,S1,160,3680,0,1
2024-09-22,P102,S2,167,4843,0,1
2024-09-22,P102,S3,130,3120,1,1
2024-09-22,P103,S1,133,3591,0,1
2024-09-22,P103,S2,147,3675,0,1
2024-09-22,P103,S3,148,6660,0,1
2024-09-22,P104,S1,132,4884,0,1
2024-09-22,P104,S2,148,5032,0,1
2024-09-22,P104,S3,155,4960,0,1
2024-09-22,P105,S1,133,2660,0,1
2024-09-22,P105,S2,146,6862,0,1
2024-09-22,P105,S3,120,4800,0,1
2024-09-23,P101,S1,113,4407,0,0
2024-09-23,P101,S2,113,3842,1,0
2024-09-23,P101,S3,97,2328,0,0
2024-09-23,P102,S1,138,6762,0,0
2024-09-23,P102,S2,127,5207,1,0
2024-09-23,P102,S3,129,4644,1,0
2024-09-23,P103,S1,113,4859,0,0
2024-09-23,P103,S2,137,5617,1,0
2024-09-23,P103,S3,90,3150,0,0
2024-09-23,P104,S1,82,2050,1,0
2024-09-23,P104,S2,101,4747,0,0
2024-09-23,P104,S3,125,6000,0,0
2024-09-23,P105,S1,134,4690,0,0
2024-09-23,P105,S2,86,1892,0,0
2024-09-23,P105,S3,140,6440,1,0
2024-09-24,P101,S1,136,3128,0,0
2024-09-24,P101,S2,130,4030,0,0
2024-09-24,P101,S3,133,6251,1,0
2024-09-24,P102,S1,132,4488,0,0
2024-09-24,P102,S2,106,4028,1,0
2024-09-24,P102,S3,148,3848,1,0
2024-09-24,P103,S1,137,4247,0,0
2024-09-24,P103,S2,125,3000,0,0
2024-09-24,P103,S3,106,3286,0,0
2024-09-24,P104,S1,92,3128,0,0
2024-09-24,P104,S2,94,3666,1,0
2024-09-24,P104,S3,100,4500,0,0
2024-09-24,P105,S1,127,5080,0,0
2024-09-24,P105,S2,140,5880,0,0
2024-09-24,P105,S3,131,3668,1,0
2024-09-25,P101,S1,155,3100,0,0
2024-09-25,P101,S2,121,4235,1,0
2024-09-25,P101,S3,106,5088,0,0
2024-09-25,P102,S1,104,2496,1,0
2024-09-25,P102,S2,111,4440,1,0
2024-09-25,P102,S3,120,3480,1,0
2024-09-25,P103,S1,99,4752,1,0
2024-09-25,P103,S2,101,3030,0,0
2024-09-25,P103,S3,107,3638,0,0
2024-09-25,P104,S1,118,3304,0,0
2024-09-25,P104,S2,154,3696,0,0
2024-09-25,P104,S3,110,2420,0,0
2024-09-25,P105,S1,112,2576,0,0
2024-09-25,P105,S2,109,3488,0,0
2024-09-25,P105,S3,141,5217,0,0
2024-09-26,P101,S1,109,3815,0,0
2024-09-26,P101,S2,120,3480,1,0
2024-09-26,P101,S3,100,3800,0,0
2024-09-26,P102,S1,130,5980,0,0
2024-09-26,P102,S2,117,5382,1,0
2024-09-26,P102,S3,140,6860,1,0
2024-09-26,P103,S1,110,4510,0,0
2024-09-26,P103,S2,104,4264,1,0
2024-09-26,P103,S3,114,2508,1,0
2024-09-26,P104,S1,90,2880,0,0
2024-09-26,P104,S2,141,4794,0,0
2024-09-26,P104,S3,113,4972,0,0
2024-09-26,P105,S1,134,6566,0,0
2024-09-26,P105,S2,137,5617,0,0
2024-09-26,P105,S3,105,4200,0,0
2024-09-27,P101,S1,100,2500,0,0
2024-09-27,P101,S2,131,5895,0,0
2024-09-27,P101,S3,123,3198,0,0
2024-09-27,P102,S1,115,2530,0,0
2024-09-27,P102,S2,122,5856,0,0
2024-09-27,P102,S3,122,2562,1,0
2024-09-27,P103,S1,139,5004,1,0
2024-09-27,P103,S2,112,4480,1,0
2024-09-27,P103,S3,129,4128,0,0
2024-09-27,P104,S1,124,3348,0,0
2024-09-27,P104,S2,123,3321,1,0
2024-09-27,P104,S3,103,2987,0,0
2024-09-27,P105,S1,137,3562,0,0
2024-09-27,P105,S2,104,3848,1,0
2024-09-27,P105,S3,130,5460,1,0
2024-09-28,P101,S1,120,3600,0,0
2024-09-28,P101,S2,142,3976,0,0
2024-09-28,P101,S3,162,3402,0,0
2024-09-28,P102,S1,152,5928,0,0
2024-09-28,P102,S2,157,7065,1,0
2024-09-28,P102,S3,128,6144,1,0
2024-09-28,P103,S1,132,5676,0,0
2024-09-28,P103,S2,153,4896,1,0
2024-09-28,P103,S3,168,4704,1,0
2024-09-28,P104,S1,131,2882,1,0
2024-09-28,P104,S2,136,4760,0,0
2024-09-28,P104,S3,123,3198,0,0
2024-09-28,P105,S1,165,4125,1,0
2024-09-28,P105,S2,131,3144,0,0
2024-09-28,P105,S3,125,4250,0,0
2024-09-29,P101,S1,147,6762,0,1
2024-09-29,P101,S2,144,3600,0,1
2024-09-29,P101,S3,136,2720,0,1
2024-09-29,P102,S1,135,6345,1,1
2024-09-29,P102,S2,144,4608,0,1
2024-09-29,P102,S3,132,3300,1,1
2024-09-29,P103,S1,139,4448,1,1
2024-09-29,P103,S2,129,2709,1,1
2024-09-29,P103,S3,134,2680,0,1
2024-09-29,P104,S1,134,2680,0,1
2024-09-29,P104,S2,150,3150,1,1
2024-09-29,P104,S3,115,2645,1,1
2024-09-29,P105,S1,135,4860,1,1
2024-09-29,P105,S2,110,3080,1,1
2024-09-29,P105,S3,126,2898,0,1
2024-09-30,P101,S1,141,2961,0,0
2024-09-30,P101,S2,126,5922,0,0
2024-09-30,P101,S3,121,2541,0,0
2024-09-30,P102,S1,126,3024,0,0
2024-09-30,P102,S2,101,3232,1,0
2024-09-30,P102,S3,116,4292,0,0
2024-09-30,P103,S1,127,5842,0,0
2024-09-30,P103,S2,141,6204,0,0
2024-09-30,P103,S3,127,3175,0,0
2024-09-30,P104,S1,94,4230,0,0
2024-09-30,P104,S2,157,6751,0,0
2024-09-30,P104,S3,141,3666,0,0
2024-09-30,P105,S1,115,3450,0,0
2024-09-30,P105,S2,141,3807,1,0
2024-09-30,P105,S3,140,5320,0,0
2024-10-01,P101,S1,128,5888,0,0
2024-10-01,P101,S2,141,6627,0,0
2024-10-01,P101,S3,103,4841,0,0
2024-10-01,P102,S1,117,5265,1,0
2024-10-01,P102,S2,99,2970,0,0
2024-10-01,P102,S3,135,3780,1,0
2024-10-01,P103,S1,125,4875,1,0
2024-10-01,P103,S2,118,2596,1,0
2024-10-01,P103,S3,129,5547,1,0
2024-10-01,P104,S1,129,4257,0,0
2024-10-01,P104,S2,132,5808,0,0
2024-10-01,P104,S3,119,2737,0,0
2024-10-01,P105,S1,117,2340,1,0
2024-10-01,P105,S2,117,2808,0,0
2024-10-01,P105,S3,120,3480,0,0
2024-10-02,P101,S1,115,3910,1,0
2024-10-02,P101,S2,142,6816,0,0
2024-10-02,P101,S3,138,6762,1,0
2024-10-02,P102,S1,123,3813,0,0
2024-10-02,P102,S2,143,3289,0,0
2024-10-02,P102,S3,116,3016,1,0
2024-10-02,P103,S1,150,7200,1,0
2024-10-02,P103,S2,104,2912,1,0
2024-10-02,P103,S3,97,3395,0,0
2024-10-02,P104,S1,154,6160,0,0
2024-10-02,P104,S2,138,3312,1,0
2024-10-02,P104,S3,121,3751,0,0
2024-10-02,P105,S1,119,4998,0,0
2024-10-02,P105,S2,90,2430,0,0
2024-10-02,P105,S3,115,4485,0,0
2024-10-03,P101,S1,111,4995,0,0
2024-10-03,P101,S2,114,2508,0,0
2024-10-03,P101,S3,124,5828,1,0
2024-10-03,P102,S1,132,3960,0,0
2024-10-03,P102,S2,117,3159,0,0
2024-10-03,P102,S3,103,2884,1,0
2024-10-03,P103,S1,120,3600,0,0
2024-10-03,P103,S2,98,3724,0,0
2024-10-03,P103,S3,115,2760,0,0
2024-10-03,P104,S1,139,3753,1,0
2024-10-03,P104,S2,105,3675,0,0
2024-10-03,P104,S3,104,4888,0,0
2024-10-03,P105,S1,124,3968,0,0
2024-10-03,P105,S2,126,5544,0,0
2024-10-03,P105,S3,144,5184,0,0
2024-10-04,P101,S1,99,3663,0,0
2024-10-04,P101,S2,120,4800,0,0
2024-10-04,P101,S3,95,2470,0,0
2024-10-04,P102,S1,139,6394,0,0
2024-10-04,P102,S2,79,2212,0,0
2024-10-04,P102,S3,154,6622,0,0
2024-10-04,P103,S1,111,4551,0,0
2024-10-04,P103,S2,180,4320,0,0
2024-10-04,P103,S3,96,2880,0,0
2024-10-04,P104,S1,133,5453,1,0
2024-10-04,P104,S2,116,3712,1,0
2024-10-04,P104,S3,110,2420,0,0
2024-10-04,P105,S1,132,3300,0,0
2024-10-04,P105,S2,113,2260,0,0
2024-10-04,P105,S3,120,4440,1,0
2024-10-05,P101,S1,127,5588,0,0
2024-10-05,P101,S2,158,6952,0,0
2024-10-05,P101,S3,132,3564,0,0
2024-10-05,P102,S1,151,4681,0,0
2024-10-05,P102,S2,154,6160,0,0
2024-10-05,P102,S3,122,2684,1,0
2024-10-05,P103,S1,127,3810,0,0
2024-10-05,P103,S2,142,3266,0,0
2024-10-05,P103,S3,157,3768,0,0
2024-10-05,P104,S1,150,5550,1,0
2024-10-05,P104,S2,139,5282,0,0
2024-10-05,P104,S3,138,6348,0,0
2024-10-05,P105,S1,130,2730,0,0
2024-10-05,P105,S2,138,4554,0,0
2024-10-05,P105,S3,108,4428,1,0
2024-10-06,P101,S1,136,3128,1,1
2024-10-06,P101,S2,143,3146,0,1
2024-10-06,P101,S3,128,3200,0,1
2024-10-06,P102,S1,136,2720,1,1
2024-10-06,P102,S2,116,4640,0,1
2024-10-06,P102,S3,152,5016,0,1
2024-10-06,P103,S1,153,5049,0,1
2024-10-06,P103,S2,161,4991,0,1
2024-10-06,P103,S3,135,4860,1,1
2024-10-06,P104,S1,119,5474,0,1
2024-10-06,P104,S2,127,4445,0,1
2024-10-06,P104,S3,146,5694,0,1
2024-10-06,P105,S1,138,5382,0,1
2024-10-06,P105,S2,135,4860,1,1
2024-10-06,P105,S3,146,3212,0,1
2024-10-07,P101,S1,106,3816,1,0
2024-10-07,P101,S2,123,5658,0,0
2024-10-07,P101,S3,127,4064,1,0
2024-10-07,P102,S1,81,3402,1,0
2024-10-07,P102,S2,92,2668,0,0
2024-10-07,P102,S3,138,3726,0,0
2024-10-07,P103,S1,88,3784,1,0
2024-10-07,P103,S2,121,3025,1,0
2024-10-07,P103,S3,156,6864,1,0
2024-10-07,P104,S1,122,5734,0,0
2024-10-07,P104,S2,99,2277,0,0
2024-10-07,P104,S3,104,3016,0,0
2024-10-07,P105,S1,110,4950,1,0
2024-10-07,P105,S2,107,5243,1,0
2024-10-07,P105,S3,147,7056,1,0
2024-10-08,P101,S1,127,4953,1,0
2024-10-08,P101,S2,106,2438,0,0
2024-10-08,P101,S3,120,3240,0,0
2024-10-08,P102,S1,130,3770,0,0
2024-10-08,P102,S2,125,5125,0,0
2024-10-08,P102,S3,115,3565,0,0
2024-10-08,P103,S1,95,2470,1,0
2024-10-08,P103,S2,124,3472,0,0
2024-10-08,P103,S3,114,2622,0,0
2024-10-08,P104,S1,106,4982,0,0
2024-10-08,P104,S2,114,4674,0,0
2024-10-08,P104,S3,99,2673,1,0
2024-10-08,P105,S1,140,4620,0,0
2024-10-08,P105,S2,126,5418,0,0
2024-10-08,P105,S3,84,3864,0,0
2024-10-09,P101,S1,122,5368,1,0
2024-10-09,P101,S2,112,5488,1,0
2024-10-09,P101,S3,128,4224,1,0
2024-10-09,P102,S1,109,3815,0,0
2024-10-09,P102,S2,104,4056,0,0
2024-10-09,P102,S3,135,5130,0,0
2024-10-09,P103,S1,130,6110,0,0
2024-10-09,P103,S2,100,3800,0,0
2024-10-09,P103,S3,106,2968,1,0
2024-10-09,P104,S1,131,5502,1,0
2024-10-09,P104,S2,114,4674,0,0
2024-10-09,P104,S3,139,6533,0,0
2024-10-09,P105,S1,136,5032,0,0
2024-10-09,P105,S2,111,4662,0,0
2024-10-09,P105,S3,101,3838,0,0
2024-10-10,P101,S1,118,5310,1,0
2024-10-10,P101,S2,137,4110,1,0
2024-10-10,P101,S3,102,4284,0,0
2024-10-10,P102,S1,95,3325,0,0
2024-10-10,P102,S2,145,5655,0,0
2024-10-10,P102,S3,135,6345,0,0
2024-10-10,P103,S1,123,2460,0,0
2024-10-10,P103,S2,142,3976,0,0
2024-10-10,P103,S3,131,5109,0,0
2024-10-10,P104,S1,141,3666,0,0
2024-10-10,P104,S2,136,3944,0,0
2024-10-10,P104,S3,138,5520,0,0
2024-10-10,P105,S1,145,5075,1,0
2024-10-10,P105,S2,121,5566,0,0
2024-10-10,P105,S3,114,4104,0,0
2024-10-11,P101,S1,113,4633,0,0
2024-10-11,P101,S2,109,4360,0,0
2024-10-11,P101,S3,129,5676,0,0
2024-10-11,P102,S1,115,4140,0,0
2024-10-11,P102,S2,111,4884,0,0
2024-10-11,P102,S3,143,6578,0,0
2024-10-11,P103,S1,135,3780,0,0
2024-10-11,P103,S2,95,3230,0,0
2024-10-11,P103,S3,100,2600,0,0
2024-10-11,P104,S1,114,3306,1,0
2024-10-11,P104,S2,112,3136,1,0
2024-10-11,P104,S3,126,5040,0,0
2024-10-11,P105,S1,108,5076,0,0
2024-10-11,P105,S2,110,4290,0,0
2024-10-11,P105,S3,114,3192,0,0
2024-10-12,P101,S1,130,3510,0,0
2024-10-12,P101,S2,139,3892,1,0
2024-10-12,P101,S3,128,3072,0,0
2024-10-12,P102,S1,156,4524,0,0
2024-10-12,P102,S2,166,3984,0,0
2024-10-12,P102,S3,161,6440,1,0
2024-10-12,P103,S1,122,5002,0,0
2024-10-12,P103,S2,154,5852,1,0
2024-10-12,P103,S3,128,5376,0,0
2024-10-12,P104,S1,138,4140,0,0
2024-10-12,P104,S2,156,7644,0,0
2024-10-12,P104,S3,136,4352,0,0
2024-10-12,P105,S1,149,4768,0,0
2024-10-12,P105,S2,139,3058,0,0
2024-10-12,P105,S3,127,5461,0,0
2024-10-13,P101,S1,128,2688,0,1
2024-10-13,P101,S2,168,5712,0,1
2024-10-13,P101,S3,115,3105,0,1
2024-10-13,P102,S1,124,5332,0,1
2024-10-13,P102,S2,109,5232,0,1
2024-10-13,P102,S3,146,6570,1,1
2024-10-13,P103,S1,120,2760,1,1
2024-10-13,P103,S2,144,3600,0,1
2024-10-13,P103,S3,143,3003,0,1
2024-10-13,P104,S1,139,3614,1,1
2024-10-13,P104,S2,102,3570,0,1
2024-10-13,P104,S3,163,7987,1,1
2024-10-13,P105,S1,150,5550,0,1
2024-10-13,P105,S2,159,6519,0,1
2024-10-13,P105,S3,144,6048,0,1
2024-10-14,P101,S1,108,3132,0,0
2024-10-14,P101,S2,124,5456,1,0
2024-10-14,P101,S3,98,3724,1,0
2024-10-14,P102,S1,115,5290,0,0
2024-10-14,P102,S2,131,6026,0,0
2024-10-14,P102,S3,123,5535,1,0
2024-10-14,P103,S1,121,5082,0,0
2024-10-14,P103,S2,109,2180,0,0
2024-10-14,P103,S3,102,2550,0,0
2024-10-14,P104,S1,88,3520,0,0
2024-10-14,P104,S2,114,5016,1,0
2024-10-14,P104,S3,108,3888,0,0
2024-10-14,P105,S1,149,3129,0,0
2024-10-14,P105,S2,114,4560,0,0
2024-10-14,P105,S3,119,5593,0,0
2024-10-15,P101,S1,120,3240,1,0
2024-10-15,P101,S2,121,3146,0,0
2024-10-15,P101,S3,102,4284,0,0
2024-10-15,P102,S1,123,4182,0,0
2024-10-15,P102,S2,126,3528,0,0
2024-10-15,P102,S3,117,4680,0,0
2024-10-15,P103,S1,141,5217,1,0
2024-10-15,P103,S2,108,3348,1,0
2024-10-15,P103,S3,116,3248,1,0
2024-10-15,P104,S1,95,3610,1,0
2024-10-15,P104,S2,127,4953,1,0
2024-10-15,P104,S3,104,4264,0,0
2024-10-15,P105,S1,140,3500,0,0
2024-10-15,P105,S2,122,3050,0,0
2024-10-15,P105,S3,139,6672,0,0
2024-10-16,P101,S1,134,3082,0,0
2024-10-16,P101,S2,108,5076,0,0
2024-10-16,P101,S3,130,5590,1,0
2024-10-16,P102,S1,130,2990,0,0
2024-10-16,P102,S2,147,6909,0,0
2024-10-16,P102,S3,117,3393,1,0
2024-10-16,P103,S1,116,3712,1,0
2024-10-16,P103,S2,106,3710,1,0
2024-10-16,P103,S3,150,6900,1,0
2024-10-16,P104,S1,105,3045,1,0
2024-10-16,P104,S2,138,4002,0,0
2024-10-16,P104,S3,130,2860,0,0
2024-10-16,P105,S1,133,5453,0,0
2024-10-16,P105,S2,146,4526,0,0
2024-10-16,P105,S3,113,3277,0,0
2024-10-17,P101,S1,114,2394,0,0
2024-10-17,P101,S2,86,1720,0,0
2024-10-17,P101,S3,121,5324,0,0
2024-10-17,P102,S1,102,3672,1,0
2024-10-17,P102,S2,135,3375,0,0
2024-10-17,P102,S3,112,5488,0,0
2024-10-17,P103,S1,111,3885,0,0
2024-10-17,P103,S2,123,3075,0,0
2024-10-17,P103,S3,137,4932,1,0
2024-10-17,P104,S1,98,4606,1,0
2024-10-17,P104,S2,134,5092,0,0
2024-10-17,P104,S3,141,4089,1,0
2024-10-17,P105,S1,149,3427,0,0
2024-10-17,P105,S2,108,3348,1,0
2024-10-17,P105,S3,127,4191,0,0
2024-10-18,P101,S1,127,3429,1,0
2024-10-18,P101,S2,120,5880,1,0
2024-10-18,P101,S3,125,3625,0,0
2024-10-18,P102,S1,103,2884,1,0
2024-10-18,P102,S2,110,2860,1,0
2024-10-18,P102,S3,97,2134,1,0
2024-10-18,P103,S1,107,3424,1,0
2024-10-18,P103,S2,100,3700,1,0
2024-10-18,P103,S3,153,3978,0,0
2024-10-18,P104,S1,121,2541,0,0
2024-10-18,P104,S2,122,2440,0,0
2024-10-18,P104,S3,123,4182,0,0
2024-10-18,P105,S1,100,3600,0,0
2024-10-18,P105,S2,112,5376,0,0
2024-10-18,P105,S3,141,2961,0,0
2024-10-19,P101,S1,151,5436,0,0
2024-10-19,P101,S2,138,5796,0,0
2024-10-19,P101,S3,145,3480,0,0
2024-10-19,P102,S1,164,7052,0,0
2024-10-19,P102,S2,144,4608,0,0
2024-10-19,P102,S3,153,3213,0,0
2024-10-19,P103,S1,107,5136,1,0
2024-10-19,P103,S2,132,5808,0,0
2024-10-19,P103,S3,147,6027,0,0
2024-10-19,P104,S1,135,5535,0,0
2024-10-19,P104,S2,163,7661,1,0
2024-10-19,P104,S3,129,4515,0,0
2024-10-19,P105,S1,161,4830,1,0
2024-10-19,P105,S2,146,4818,1,0
2024-10-19,P105,S3,132,2640,0,0
2024-10-20,P101,S1,138,5658,0,1
2024-10-20,P101,S2,132,5148,0,1
2024-10-20,P101,S3,137,6165,0,1
2024-10-20,P102,S1,131,3799,0,1
2024-10-20,P102,S2,159,5724,1,1
2024-10-20,P102,S3,110,2860,0,1
2024-10-20,P103,S1,147,4998,1,1
2024-10-20,P103,S2,119,2499,0,1
2024-10-20,P103,S3,148,5032,0,1
2024-10-20,P104,S1,138,5520,1,1
2024-10-20,P104,S2,153,6732,0,1
2024-10-20,P104,S3,121,5929,0,1
2024-10-20,P105,S1,126,3024,0,1
2024-10-20,P105,S2,135,2835,0,1
2024-10-20,P105,S3,130,6110,0,1
2024-10-21,P101,S1,106,3710,1,0
2024-10-21,P101,S2,128,3200,1,0
2024-10-21,P101,S3,125,5125,0,0
2024-10-21,P102,S1,111,4551,1,0
2024-10-21,P102,S2,122,4758,0,0
2024-10-21,P102,S3,144,5472,1,0
2024-10-21,P103,S1,132,5940,1,0
2024-10-21,P103,S2,98,3626,0,0
2024-10-21,P103,S3,120,4440,1,0
2024-10-21,P104,S1,121,3751,0,0
2024-10-21,P104,S2,134,5360,1,0
2024-10-21,P104,S3,126,5292,0,0
2024-10-21,P105,S1,107,2996,0,0
2024-10-21,P105,S2,127,5969,1,0
2024-10-21,P105,S3,115,4600,0,0
2024-10-22,P101,S1,131,3275,0,0
2024-10-22,P101,S2,122,2440,1,0
2024-10-22,P101,S3,137,6028,0,0
2024-10-22,P102,S1,120,4920,0,0
2024-10-22,P102,S2,129,5805,0,0
2024-10-22,P102,S3,113,5311,0,0
2024-10-22,P103,S1,104,3224,0,0
2024-10-22,P103,S2,149,3874,0,0
2024-10-22,P103,S3,121,5566,0,0
2024-10-22,P104,S1,123,4305,0,0
2024-10-22,P104,S2,111,2997,0,0
2024-10-22,P104,S3,111,2331,1,0
2024-10-22,P105,S1,151,5738,0,0
2024-10-22,P105,S2,113,3277,0,0
2024-10-22,P105,S3,128,3456,0,0
2024-10-23,P101,S1,99,2475,1,0
2024-10-23,P101,S2,124,3968,1,0
2024-10-23,P101,S3,123,3198,0,0
2024-10-23,P102,S1,123,3690,0,0
2024-10-23,P102,S2,121,4598,0,0
2024-10-23,P102,S3,118,3658,0,0
2024-10-23,P103,S1,98,3038,1,0
2024-10-23,P103,S2,108,3132,0,0
2024-10-23,P103,S3,133,3724,0,0
2024-10-23,P104,S1,100,4600,1,0
2024-10-23,P104,S2,104,4992,0,0
2024-10-23,P104,S3,115,2530,0,0
2024-10-23,P105,S1,122,5246,0,0
2024-10-23,P105,S2,134,2680,0,0
2024-10-23,P105,S3,136,5440,0,0
2024-10-24,P101,S1,125,5375,0,0
2024-10-24,P101,S2,123,2460,0,0
2024-10-24,P101,S3,117,2691,0,0
2024-10-24,P102,S1,96,4320,1,0
2024-10-24,P102,S2,89,2047,1,0
2024-10-24,P102,S3,106,4664,0,0
2024-10-24,P103,S1,116,2668,0,0
2024-10-24,P103,S2,121,3993,1,0
2024-10-24,P103,S3,94,4606,1,0
2024-10-24,P104,S1,109,4796,0,0
2024-10-24,P104,S2,116,3596,1,0
2024-10-24,P104,S3,101,4141,1,0
2024-10-24,P105,S1,128,5376,0,0
2024-10-24,P105,S2,125,5250,0,0
2024-10-24,P105,S3,122,5734,0,0
2024-10-25,P101,S1,109,2943,1,0
2024-10-25,P101,S2,164,5904,1,0
2024-10-25,P101,S3,165,3630,0,0
2024-10-25,P102,S1,126,4788,0,0
2024-10-25,P102,S2,120,2760,0,0
2024-10-25,P102,S3,140,4200,1,0
2024-10-25,P103,S1,137,4932,1,0
2024-10-25,P103,S2,123,5535,0,0
2024-10-25,P103,S3,114,5586,0,0
2024-10-25,P104,S1,127,4191,0,0
2024-10-25,P104,S2,95,3800,1,0
2024-10-25,P104,S3,146,7154,0,0
2024-10-25,P105,S1,154,7392,0,0
2024-10-25,P105,S2,115,2530,0,0
2024-10-25,P105,S3,100,2000,1,0
2024-10-26,P101,S1,122,3660,0,0
2024-10-26,P101,S2,141,6486,0,0
2024-10-26,P101,S3,141,6627,0,0
2024-10-26,P102,S1,157,5024,1,0
2024-10-26,P102,S2,147,6615,1,0
2024-10-26,P102,S3,132,5940,1,0
2024-10-26,P103,S1,144,4608,0,0
2024-10-26,P103,S2,133,5586,0,0
2024-10-26,P103,S3,146,3066,0,0
2024-10-26,P104,S1,157,6437,1,0
2024-10-26,P104,S2,141,5499,0,0
2024-10-26,P104,S3,114,3762,0,0
2024-10-26,P105,S1,144,5760,0,0
2024-10-26,P105,S2,106,2756,0,0
2024-10-26,P105,S3,129,3999,0,0
2024-10-27,P101,S1,144,5184,0,1
2024-10-27,P101,S2,159,4134,1,1
2024-10-27,P101,S3,138,3312,1,1
2024-10-27,P102,S1,136,4488,0,1
2024-10-27,P102,S2,144,5040,1,1
2024-10-27,P102,S3,147,5733,0,1
2024-10-27,P103,S1,111,5328,0,1
2024-10-27,P103,S2,172,3784,1,1
2024-10-27,P103,S3,142,6958,0,1
2024-10-27,P104,S1,135,5535,0,1
2024-10-27,P104,S2,132,3168,0,1
2024-10-27,P104,S3,141,3525,0,1
2024-10-27,P105,S1,126,3654,0,1
2024-10-27,P105,S2,150,3000,0,1
2024-10-27,P105,S3,141,4653,0,1
2024-10-28,P101,S1,121,3993,0,0
2024-10-28,P101,S2,98,3626,0,0
2024-10-28,P101,S3,145,5800,0,0
2024-10-28,P102,S1,141,4935,0,0
2024-10-28,P102,S2,121,3630,0,0
2024-10-28,P102,S3,121,4477,1,0
2024-10-28,P103,S1,138,5658,1,0
2024-10-28,P103,S2,79,3871,1,0
2024-10-28,P103,S3,139,2780,0,0
2024-10-28,P104,S1,115,4830,0,0
2024-10-28,P104,S2,116,2436,0,0
2024-10-28,P104,S3,113,3842,0,0
2024-10-28,P105,S1,106,5194,0,0
2024-10-28,P105,S2,78,1794,0,0
2024-10-28,P105,S3,117,5148,1,0
2024-10-29,P101,S1,132,3960,0,0
2024-10-29,P101,S2,105,4200,0,0
2024-10-29,P101,S3,115,4600,1,0
2024-10-29,P102,S1,142,5680,1,0
2024-10-29,P102,S2,115,5520,0,0
2024-10-29,P102,S3,136,6664,1,0
2024-10-29,P103,S1,76,1520,0,0
2024-10-29,P103,S2,138,5520,1,0
2024-10-29,P103,S3,110,3190,0,0
2024-10-29,P104,S1,134,4422,1,0
2024-10-29,P104,S2,118,4366,0,0
2024-10-29,P104,S3,123,5412,0,0
2024-10-29,P105,S1,101,4343,0,0
2024-10-29,P105,S2,114,5358,1,0
2024-10-29,P105,S3,102,3366,0,0
2024-10-30,P101,S1,139,5838,0,0
2024-10-30,P101,S2,131,2620,0,0
2024-10-30,P101,S3,117,5616,1,0
2024-10-30,P102,S1,135,5670,0,0
2024-10-30,P102,S2,115,4140,0,0
2024-10-30,P102,S3,93,4278,0,0
2024-10-30,P103,S1,116,3132,0,0
2024-10-30,P103,S2,109,4578,1,0
2024-10-30,P103,S3,113,4181,0,0
2024-10-30,P104,S1,111,3330,1,0
2024-10-30,P104,S2,117,4095,0,0
2024-10-30,P104,S3,123,2460,0,0
2024-10-30,P105,S1,136,4760,0,0
2024-10-30,P105,S2,116,4060,0,0
2024-10-30,P105,S3,112,3584,0,0
2024-10-31,P101,S1,129,3483,0,0
2024-10-31,P101,S2,117,3978,0,0
2024-10-31,P101,S3,145,3045,0,0
2024-10-31,P102,S1,125,3750,1,0
2024-10-31,P102,S2,112,2912,0,0
2024-10-31,P102,S3,126,2646,1,0
2024-10-31,P103,S1,100,4100,0,0
2024-10-31,P103,S2,110,4070,0,0
2024-10-31,P103,S3,150,4500,1,0
2024-10-31,P104,S1,110,3190,0,0
2024-10-31,P104,S2,91,3458,0,0
2024-10-31,P104,S3,125,4500,0,0
2024-10-31,P105,S1,121,2662,0,0
2024-10-31,P105,S2,119,3213,0,0
2024-10-31,P105,S3,117,2808,0,0
2024-11-01,P101,S1,137,4795,0,0
2024-11-01,P101,S2,118,5428,0,0
2024-11-01,P101,S3,143,4576,1,0
2024-11-01,P102,S1,125,5250,1,0
2024-11-01,P102,S2,143,5577,1,0
2024-11-01,P102,S3,99,3762,0,0
2024-11-01,P103,S1,126,3024,1,0
2024-11-01,P103,S2,130,3770,1,0
2024-11-01,P103,S3,139,3058,0,0
2024-11-01,P104,S1,140,3920,0,0
2024-11-01,P104,S2,128,3072,0,0
2024-11-01,P104,S3,126,5292,0,0
2024-11-01,P105,S1,114,4788,0,0
2024-11-01,P105,S2,110,4730,1,0
2024-11-01,P105,S3,119,2380,1,0
2024-11-02,P101,S1,128,6016,0,0
2024-11-02,P101,S2,168,6552,0,0
2024-11-02,P101,S3,137,6302,0,0
2024-11-02,P102,S1,127,3556,1,0
2024-11-02,P102,S2,142,3124,0,0
2024-11-02,P102,S3,154,3234,0,0
2024-11-02,P103,S1,164,7380,0,0
2024-11-02,P103,S2,129,5289,0,0
2024-11-02,P103,S3,137,5069,1,0
2024-11-02,P104,S1,140,5880,0,0
2024-11-02,P104,S2,145,4930,0,0
2024-11-02,P104,S3,158,3634,0,0
2024-11-02,P105,S1,147,3675,1,0
2024-11-02,P105,S2,138,4140,1,0
2024-11-02,P105,S3,138,5244,0,0
2024-11-03,P101,S1,155,3565,0,1
2024-11-03,P101,S2,132,5940,0,1
2024-11-03,P101,S3,134,3752,0,1
2024-11-03,P102,S1,143,3146,0,1
2024-11-03,P102,S2,129,5418,0,1
2024-11-03,P102,S3,118,3540,0,1
2024-11-03,P103,S1,148,6660,1,1
2024-11-03,P103,S2,157,4867,1,1
2024-11-03,P103,S3,145,6235,1,1
2024-11-03,P104,S1,144,5184,1,1
2024-11-03,P104,S2,129,5805,1,1
2024-11-03,P104,S3,171,7524,0,1
2024-11-03,P105,S1,147,5145,0,1
2024-11-03,P105,S2,139,5699,1,1
2024-11-03,P105,S3,122,5978,0,1
2024-11-04,P101,S1,98,4312,0,0
2024-11-04,P101,S2,118,5428,1,0
2024-11-04,P101,S3,101,4646,0,0
2024-11-04,P102,S1,120,3600,0,0
2024-11-04,P102,S2,131,4192,1,0
2024-11-04,P102,S3,92,3312,1,0
2024-11-04,P103,S1,96,3552,0,0
2024-11-04,P103,S2,131,5502,1,0
2024-11-04,P103,S3,115,2760,0,0
2024-11-04,P104,S1,156,4680,1,0
2024-11-04,P104,S2,130,2730,1,0
2024-11-04,P104,S3,121,4719,0,0
2024-11-04,P105,S1,116,4872,0,0
2024-11-04,P105,S2,114,5472,1,0
2024-11-04,P105,S3,127,5461,0,0
2024-11-05,P101,S1,111,4662,1,0
2024-11-05,P101,S2,114,3876,0,0
2024-11-05,P101,S3,144,4032,0,0
2024-11-05,P102,S1,124,4960,1,0
2024-11-05,P102,S2,110,4400,1,0
2024-11-05,P102,S3,100,2100,0,0
2024-11-05,P103,S1,136,5848,0,0
2024-11-05,P103,S2,133,2660,0,0
2024-11-05,P103,S3,119,3094,0,0
2024-11-05,P104,S1,131,5633,0,0
2024-11-05,P104,S2,129,6063,1,0
2024-11-05,P104,S3,122,2806,1,0
2024-11-05,P105,S1,137,4110,1,0
2024-11-05,P105,S2,106,2226,1,0
2024-11-05,P105,S3,122,3172,0,0
2024-11-06,P101,S1,121,3751,0,0
2024-11-06,P101,S2,146,3942,0,0
2024-11-06,P101,S3,126,6174,0,0
2024-11-06,P102,S1,101,4646,0,0
2024-11-06,P102,S2,121,3993,1,0
2024-11-06,P102,S3,147,6468,0,0
2024-11-06,P103,S1,114,4674,0,0
2024-11-06,P103,S2,124,3596,0,0
2024-11-06,P103,S3,127,3556,0,0
2024-11-06,P104,S1,120,3000,0,0
2024-11-06,P104,S2,133,5453,0,0
2024-11-06,P104,S3,104,2808,0,0
2024-11-06,P105,S1,133,5985,1,0
2024-11-06,P105,S2,113,3729,0,0
2024-11-06,P105,S3,137,6165,0,0
2024-11-07,P101,S1,98,4214,0,0
2024-11-07,P101,S2,135,6480,0,0
2024-11-07,P101,S3,101,4747,0,0
2024-11-07,P102,S1,133,4655,0,0
2024-11-07,P102,S2,131,3406,0,0
2024-11-07,P102,S3,113,4294,0,0
2024-11-07,P103,S1,135,3645,0,0
2024-11-07,P103,S2,94,2350,1,0
2024-11-07,P103,S3,107,4387,0,0
2024-11-07,P104,S1,89,1869,0,0
2024-11-07,P104,S2,112,5040,0,0
2024-11-07,P104,S3,116,3828,0,0
2024-11-07,P105,S1,118,3068,0,0
2024-11-07,P105,S2,103,4532,1,0
2024-11-07,P105,S3,119,5117,1,0
2024-11-08,P101,S1,159,3975,1,0
2024-11-08,P101,S2,136,6392,0,0
2024-11-08,P101,S3,134,2680,0,0
2024-11-08,P102,S1,89,4361,1,0
2024-11-08,P102,S2,111,5217,0,0
2024-11-08,P102,S3,112,3360,1,0
2024-11-08,P103,S1,118,3304,0,0
2024-11-08,P103,S2,160,7680,1,0
2024-11-08,P103,S3,115,5290,0,0
2024-11-08,P104,S1,111,4107,0,0
2024-11-08,P104,S2,115,2990,1,0
2024-11-08,P104,S3,127,3175,0,0
2024-11-08,P105,S1,122,2684,0,0
2024-11-08,P105,S2,115,4830,1,0
2024-11-08,P105,S3,93,2697,1,0
2024-11-09,P101,S1,118,2596,0,0
2024-11-09,P101,S2,135,5535,1,0
2024-11-09,P101,S3,111,4884,0,0
2024-11-09,P102,S1,141,3525,1,0
2024-11-09,P102,S2,139,6255,0,0
2024-11-09,P102,S3,122,3538,1,0
2024-11-09,P103,S1,152,5016,0,0
2024-11-09,P103,S2,154,4312,0,0
2024-11-09,P103,S3,148,3552,0,0
2024-11-09,P104,S1,125,3125,1,0
2024-11-09,P104,S2,149,2980,1,0
2024-11-09,P104,S3,151,6040,1,0
2024-11-09,P105,S1,118,5428,0,0
2024-11-09,P105,S2,143,6435,1,0
2024-11-09,P105,S3,126,5922,0,0
2024-11-10,P101,S1,147,3822,0,1
2024-11-10,P101,S2,127,3810,0,1
2024-11-10,P101,S3,134,3886,0,1
2024-11-10,P102,S1,128,5504,0,1
2024-11-10,P102,S2,147,3087,0,1
2024-11-10,P102,S3,122,5856,0,1
2024-11-10,P103,S1,116,4756,0,1
2024-11-10,P103,S2,138,4830,0,1
2024-11-10,P103,S3,147,3234,0,1
2024-11-10,P104,S1,172,5848,0,1
2024-11-10,P104,S2,135,3780,0,1
2024-11-10,P104,S3,143,6006,0,1
2024-11-10,P105,S1,131,2751,0,1
2024-11-10,P105,S2,130,4420,0,1
2024-11-10,P105,S3,112,5488,0,1
2024-11-11,P101,S1,125,2625,1,0
2024-11-11,P101,S2,115,3220,1,0
2024-11-11,P101,S3,147,3528,1,0
2024-11-11,P102,S1,83,3735,0,0
2024-11-11,P102,S2,99,3366,1,0
2024-11-11,P102,S3,138,3312,1,0
2024-11-11,P103,S1,145,3335,0,0
2024-11-11,P103,S2,129,4257,0,0
2024-11-11,P103,S3,144,5616,1,0
2024-11-11,P104,S1,108,3240,0,0
2024-11-11,P104,S2,144,4032,0,0
2024-11-11,P104,S3,100,3900,1,0
2024-11-11,P105,S1,118,4602,0,0
2024-11-11,P105,S2,162,7938,0,0
2024-11-11,P105,S3,131,4585,0,0
2024-11-12,P101,S1,124,2852,1,0
2024-11-12,P101,S2,115,4945,0,0
2024-11-12,P101,S3,116,4292,1,0
2024-11-12,P102,S1,111,2775,0,0
2024-11-12,P102,S2,132,4620,1,0
2024-11-12,P102,S3,118,5428,0,0
2024-11-12,P103,S1,146,3942,1,0
2024-11-12,P103,S2,145,3335,1,0
2024-11-12,P103,S3,104,3224,1,0
2024-11-12,P104,S1,104,4992,0,0
2024-11-12,P104,S2,124,2480,0,0
2024-11-12,P104,S3,98,2254,0,0
2024-11-12,P105,S1,151,6040,0,0
2024-11-12,P105,S2,140,6580,0,0
2024-11-12,P105,S3,115,2415,1,0
2024-11-13,P101,S1,124,2728,0,0
2024-11-13,P101,S2,125,3125,1,0
2024-11-13,P101,S3,125,2500,0,0
2024-11-13,P102,S1,97,3977,0,0
2024-11-13,P102,S2,114,2850,0,0
2024-11-13,P102,S3,118,4720,1,0
2024-11-13,P103,S1,125,2750,0,0
2024-11-13,P103,S2,102,3366,1,0
2024-11-13,P103,S3,111,3774,0,0
2024-11-13,P104,S1,101,2020,1,0
2024-11-13,P104,S2,119,5117,0,0
2024-11-13,P104,S3,135,4590,0,0
2024-11-13,P105,S1,132,6468,0,0
2024-11-13,P105,S2,116,4060,0,0
2024-11-13,P105,S3,104,4472,1,0
2024-11-14,P101,S1,106,5194,0,0
2024-11-14,P101,S2,117,4680,0,0
2024-11-14,P101,S3,124,4588,0,0
2024-11-14,P102,S1,142,5822,1,0
2024-11-14,P102,S2,118,3068,0,0
2024-11-14,P102,S3,112,3472,0,0
2024-11-14,P103,S1,96,4608,0,0
2024-11-14,P103,S2,116,4756,1,0
2024-11-14,P103,S3,107,2354,0,0
2024-11-14,P104,S1,126,6174,0,0
2024-11-14,P104,S2,115,5405,1,0
2024-11-14,P104,S3,88,3344,1,0
2024-11-14,P105,S1,123,3075,1,0
2024-11-14,P105,S2,113,3051,1,0
2024-11-14,P105,S3,131,6419,0,0
2024-11-15,P101,S1,114,4902,1,0
2024-11-15,P101,S2,105,3465,1,0
2024-11-15,P101,S3,141,3666,0,0
2024-11-15,P102,S1,122,5246,0,0
2024-11-15,P102,S2,123,3567,1,0
2024-11-15,P102,S3,100,2300,1,0
2024-11-15,P103,S1,134,6164,0,0
2024-11-15,P103,S2,112,2800,0,0
2024-11-15,P103,S3,100,4800,0,0
2024-11-15,P104,S1,117,4563,0,0
2024-11-15,P104,S2,130,5460,0,0
2024-11-15,P104,S3,119,2380,0,0
2024-11-15,P105,S1,115,3680,1,0
2024-11-15,P105,S2,125,3625,0,0
2024-11-15,P105,S3,136,3264,0,0
2024-11-16,P101,S1,120,2760,0,0
2024-11-16,P101,S2,165,4455,1,0
2024-11-16,P101,S3,119,3808,1,0
2024-11-16,P102,S1,156,4836,0,0
2024-11-16,P102,S2,125,2750,0,0
2024-11-16,P102,S3,137,4658,0,0
2024-11-16,P103,S1,141,5781,1,0
2024-11-16,P103,S2,161,7245,1,0
2024-11-16,P103,S3,142,5538,0,0
2024-11-16,P104,S1,136,3264,0,0
2024-11-16,P104,S2,137,3288,0,0
2024-11-16,P104,S3,126,4032,1,0
2024-11-16,P105,S1,152,7296,0,0
2024-11-16,P105,S2,158,4740,0,0
2024-11-16,P105,S3,155,3565,0,0
2024-11-17,P101,S1,117,4095,0,1
2024-11-17,P101,S2,125,6125,0,1
2024-11-17,P101,S3,158,6478,0,1
2024-11-17,P102,S1,132,5148,1,1
2024-11-17,P102,S2,144,6480,0,1
2024-11-17,P102,S3,118,3186,0,1
2024-11-17,P103,S1,126,6174,0,1
2024-11-17,P103,S2,133,3990,1,1
2024-11-17,P103,S3,147,3234,0,1
2024-11-17,P104,S1,159,7473,1,1
2024-11-17,P104,S2,139,5699,0,1
2024-11-17,P104,S3,121,5929,1,1
2024-11-17,P105,S1,162,3402,1,1
2024-11-17,P105,S2,132,3828,1,1
2024-11-17,P105,S3,137,6713,0,1
2024-11-18,P101,S1,134,4154,0,0
2024-11-18,P101,S2,124,5828,0,0
2024-11-18,P101,S3,119,4046,0,0
2024-11-18,P102,S1,105,4935,1,0
2024-11-18,P102,S2,120,3480,0,0
2024-11-18,P102,S3,114,4674,0,0
2024-11-18,P103,S1,105,2625,0,0
2024-11-18,P103,S2,118,3186,1,0
2024-11-18,P103,S3,127,3810,0,0
2024-11-18,P104,S1,128,5248,1,0
2024-11-18,P104,S2,128,3584,1,0
2024-11-18,P104,S3,116,2668,0,0
2024-11-18,P105,S1,130,2990,0,0
2024-11-18,P105,S2,150,5700,0,0
2024-11-18,P105,S3,136,3128,0,0
2024-11-19,P101,S1,115,2990,0,0
2024-11-19,P101,S2,103,3605,0,0
2024-11-19,P101,S3,108,4968,0,0
2024-11-19,P102,S1,144,4320,1,0
2024-11-19,P102,S2,142,6390,1,0
2024-11-19,P102,S3,125,4000,0,0
2024-11-19,P103,S1,99,2772,0,0
2024-11-19,P103,S2,172,4988,0,0
2024-11-19,P103,S3,110,4510,0,0
2024-11-19,P104,S1,110,3300,0,0
2024-11-19,P104,S2,145,6960,0,0
2024-11-19,P104,S3,126,3654,1,0
2024-11-19,P105,S1,116,4756,0,0
2024-11-19,P105,S2,120,3240,0,0
2024-11-19,P105,S3,118,2360,0,0
2024-11-20,P101,S1,117,2691,0,0
2024-11-20,P101,S2,118,3186,1,0
2024-11-20,P101,S3,129,4902,1,0
2024-11-20,P102,S1,114,3192,1,0
2024-11-20,P102,S2,120,5040,0,0
2024-11-20,P102,S3,133,5453,0,0
2024-11-20,P103,S1,130,3510,0,0
2024-11-20,P103,S2,150,4500,1,0
2024-11-20,P103,S3,108,5184,0,0
2024-11-20,P104,S1,123,3567,0,0
2024-11-20,P104,S2,133,2793,0,0
2024-11-20,P104,S3,147,6615,0,0
2024-11-20,P105,S1,108,3024,0,0
2024-11-20,P105,S2,144,3744,1,0
2024-11-20,P105,S3,77,2387,1,0
2024-11-21,P101,S1,112,3472,0,0
2024-11-21,P101,S2,109,2616,0,0
2024-11-21,P101,S3,119,3451,0,0
2024-11-21,P102,S1,134,4824,0,0
2024-11-21,P102,S2,133,4522,0,0
2024-11-21,P102,S3,114,5244,0,0
2024-11-21,P103,S1,128,6272,0,0
2024-11-21,P103,S2,127,5080,0,0
2024-11-21,P103,S3,109,5232,0,0
2024-11-21,P104,S1,115,4140,0,0
2024-11-21,P104,S2,118,2832,0,0
2024-11-21,P104,S3,124,6076,0,0
2024-11-21,P105,S1,153,5202,0,0
2024-11-21,P105,S2,135,5805,0,0
2024-11-21,P105,S3,114,4902,1,0
2024-11-22,P101,S1,103,4532,0,0
2024-11-22,P101,S2,125,3500,0,0
2024-11-22,P101,S3,129,4773,0,0
2024-11-22,P102,S1,152,3496,1,0
2024-11-22,P102,S2,115,4485,0,0
2024-11-22,P102,S3,117,3276,1,0
2024-11-22,P103,S1,144,4320,1,0
2024-11-22,P103,S2,132,3564,0,0
2024-11-22,P103,S3,115,3335,0,0
2024-11-22,P104,S1,145,6960,0,0
2024-11-22,P104,S2,111,2664,0,0
2024-11-22,P104,S3,115,4945,0,0
2024-11-22,P105,S1,127,4953,0,0
2024-11-22,P105,S2,145,4350,0,0
2024-11-22,P105,S3,117,3744,0,0
2024-11-23,P101,S1,123,4920,0,0
2024-11-23,P101,S2,162,6480,0,0
2024-11-23,P101,S3,123,3444,0,0
2024-11-23,P102,S1,145,3190,0,0
2024-11-23,P102,S2,167,4008,1,0
2024-11-23,P102,S3,123,2583,0,0
2024-11-23,P103,S1,147,4116,0,0
2024-11-23,P103,S2,139,2919,1,0
2024-11-23,P103,S3,116,4524,1,0
2024-11-23,P104,S1,146,6570,0,0
2024-11-23,P104,S2,148,4588,1,0
2024-11-23,P104,S3,164,4428,0,0
2024-11-23,P105,S1,166,6142,1,0
2024-11-23,P105,S2,138,4692,1,0
2024-11-23,P105,S3,132,6204,0,0
2024-11-24,P101,S1,147,5880,0,1
2024-11-24,P101,S2,135,3645,0,1
2024-11-24,P101,S3,129,6192,0,1
2024-11-24,P102,S1,142,3266,0,1
2024-11-24,P102,S2,163,6031,0,1
2024-11-24,P102,S3,163,5379,0,1
2024-11-24,P103,S1,134,3082,1,1
2024-11-24,P103,S2,136,5168,1,1
2024-11-24,P103,S3,129,3999,0,1
2024-11-24,P104,S1,156,3744,0,1
2024-11-24,P104,S2,145,3480,0,1
2024-11-24,P104,S3,132,4884,0,1
2024-11-24,P105,S1,134,5360,0,1
2024-11-24,P105,S2,178,8010,0,1
2024-11-24,P105,S3,137,3425,0,1
2024-11-25,P101,S1,135,4725,0,0
2024-11-25,P101,S2,121,2420,0,0
2024-11-25,P101,S3,115,5405,0,0
2024-11-25,P102,S1,114,3306,0,0
2024-11-25,P102,S2,132,4092,1,0
2024-11-25,P102,S3,84,2940,0,0
2024-11-25,P103,S1,115,5635,1,0
2024-11-25,P103,S2,115,4945,1,0
2024-11-25,P103,S3,120,5160,0,0
2024-11-25,P104,S1,133,4256,1,0
2024-11-25,P104,S2,123,4797,1,0
2024-11-25,P104,S3,118,3304,0,0
2024-11-25,P105,S1,127,3556,0,0
2024-11-25,P105,S2,121,2541,1,0
2024-11-25,P105,S3,113,4859,1,0
2024-11-26,P101,S1,116,4872,0,0
2024-11-26,P101,S2,104,3224,0,0
2024-11-26,P101,S3,93,3813,0,0
2024-11-26,P102,S1,103,4738,1,0
2024-11-26,P102,S2,107,2675,0,0
2024-11-26,P102,S3,136,5168,0,0
2024-11-26,P103,S1,102,3774,0,0
2024-11-26,P103,S2,104,3224,0,0
2024-11-26,P103,S3,133,5586,0,0
2024-11-26,P104,S1,119,4879,0,0
2024-11-26,P104,S2,131,6157,0,0
2024-11-26,P104,S3,145,3770,0,0
2024-11-26,P105,S1,122,5856,1,0
2024-11-26,P105,S2,106,3604,0,0
2024-11-26,P105,S3,128,5632,1,0
2024-11-27,P101,S1,131,4585,1,0
2024-11-27,P101,S2,95,4275,0,0
2024-11-27,P101,S3,115,2875,1,0
2024-11-27,P102,S1,109,2507,0,0
2024-11-27,P102,S2,139,5143,0,0
2024-11-27,P102,S3,116,3944,1,0
2024-11-27,P103,S1,112,4480,0,0
2024-11-27,P103,S2,143,3432,1,0
2024-11-27,P103,S3,98,4312,0,0
2024-11-27,P104,S1,122,2684,0,0
2024-11-27,P104,S2,112,4032,0,0
2024-11-27,P104,S3,144,4752,1,0
2024-11-27,P105,S1,135,4050,0,0
2024-11-27,P105,S2,128,4608,0,0
2024-11-27,P105,S3,133,3591,0,0
2024-11-28,P101,S1,116,2784,1,0
2024-11-28,P101,S2,137,4247,0,0
2024-11-28,P101,S3,125,2750,0,0
2024-11-28,P102,S1,104,2080,1,0
2024-11-28,P102,S2,121,4235,0,0
2024-11-28,P102,S3,103,3090,1,0
2024-11-28,P103,S1,97,3977,1,0
2024-11-28,P103,S2,109,3924,0,0
2024-11-28,P103,S3,152,3344,1,0
2024-11-28,P104,S1,117,2691,0,0
2024-11-28,P104,S2,80,2240,0,0
2024-11-28,P104,S3,101,4848,1,0
2024-11-28,P105,S1,100,3600,0,0
2024-11-28,P105,S2,106,4452,1,0
2024-11-28,P105,S3,133,5453,1,0
2024-11-29,P101,S1,140,4620,0,0
2024-11-29,P101,S2,110,3410,0,0
2024-11-29,P101,S3,132,3696,0,0
2024-11-29,P102,S1,113,5424,0,0
2024-11-29,P102,S2,126,4032,1,0
2024-11-29,P102,S3,123,3936,0,0
2024-11-29,P103,S1,138,5658,1,0
2024-11-29,P103,S2,142,4686,0,0
2024-11-29,P103,S3,103,3914,0,0
2024-11-29,P104,S1,94,3572,0,0
2024-11-29,P104,S2,122,5612,0,0
2024-11-29,P104,S3,111,2997,0,0
2024-11-29,P105,S1,113,2486,1,0
2024-11-29,P105,S2,110,3960,0,0
2024-11-29,P105,S3,121,5687,0,0
2024-11-30,P101,S1,150,3450,1,0
2024-11-30,P101,S2,128,6272,0,0
2024-11-30,P101,S3,135,6210,1,0
2024-11-30,P102,S1,138,4554,0,0
2024-11-30,P102,S2,116,4408,0,0
2024-11-30,P102,S3,123,3936,0,0
2024-11-30,P103,S1,148,3700,0,0
2024-11-30,P103,S2,125,5625,1,0
2024-11-30,P103,S3,151,7097,0,0
2024-11-30,P104,S1,126,3528,1,0
2024-11-30,P104,S2,134,3216,0,0
2024-11-30,P104,S3,133,2660,1,0
2024-11-30,P105,S1,146,4088,1,0
2024-11-30,P105,S2,116,3944,0,0
2024-11-30,P105,S3,111,2553,0,0
2024-12-01,P101,S1,156,5928,0,1
2024-12-01,P101,S2,150,4800,0,1
2024-12-01,P101,S3,162,7614,0,1
2024-12-01,P102,S1,147,5145,0,1
2024-12-01,P102,S2,167,4676,0,1
2024-12-01,P102,S3,133,2926,1,1
2024-12-01,P103,S1,143,5005,0,1
2024-12-01,P103,S2,122,4514,1,1
2024-12-01,P103,S3,149,3874,1,1
2024-12-01,P104,S1,130,5720,0,1
2024-12-01,P104,S2,134,4020,0,1
2024-12-01,P104,S3,123,2460,1,1
2024-12-01,P105,S1,132,4092,0,1
2024-12-01,P105,S2,134,3216,0,1
2024-12-01,P105,S3,152,5472,0,1
2024-12-02,P101,S1,120,4920,1,0
2024-12-02,P101,S2,130,4420,0,0
2024-12-02,P101,S3,160,7520,0,0
2024-12-02,P102,S1,125,4250,0,0
2024-12-02,P102,S2,132,4752,0,0
2024-12-02,P102,S3,113,4181,0,0
2024-12-02,P103,S1,132,4620,0,0
2024-12-02,P103,S2,109,4578,1,0
2024-12-02,P103,S3,122,5490,0,0
2024-12-02,P104,S1,136,5168,0,0
2024-12-02,P104,S2,110,5390,1,0
2024-12-02,P104,S3,149,5960,0,0
2024-12-02,P105,S1,125,5625,1,0
2024-12-02,P105,S2,124,3224,0,0
2024-12-02,P105,S3,135,4860,0,0
2024-12-03,P101,S1,115,2990,0,0
2024-12-03,P101,S2,123,3321,0,0
2024-12-03,P101,S3,99,2376,0,0
2024-12-03,P102,S1,131,3144,0,0
2024-12-03,P102,S2,120,5040,0,0
2024-12-03,P102,S3,137,6576,0,0
2024-12-03,P103,S1,122,4636,0,0
2024-12-03,P103,S2,143,6435,0,0
2024-12-03,P103,S3,133,5054,0,0
2024-12-03,P104,S1,138,4416,1,0
2024-12-03,P104,S2,123,5658,0,0
2024-12-03,P104,S3,98,2548,1,0
2024-12-03,P105,S1,123,3321,0,0
2024-12-03,P105,S2,99,2574,0,0
2024-12-03,P105,S3,105,3360,0,0
2024-12-04,P101,S1,133,3325,1,0
2024-12-04,P101,S2,123,4182,0,0
2024-12-04,P101,S3,120,3120,0,0
2024-12-04,P102,S1,148,6068,0,0
2024-12-04,P102,S2,141,6204,1,0
2024-12-04,P102,S3,119,4403,0,0
2024-12-04,P103,S1,131,3275,0,0
2024-12-04,P103,S2,138,3312,0,0
2024-12-04,P103,S3,126,4158,0,0
2024-12-04,P104,S1,113,2712,0,0
2024-12-04,P104,S2,132,5148,1,0
2024-12-04,P104,S3,115,3220,0,0
2024-12-04,P105,S1,121,2420,0,0
2024-12-04,P105,S2,139,3197,0,0
2024-12-04,P105,S3,109,2289,0,0
2024-12-05,P101,S1,142,6674,1,0
2024-12-05,P101,S2,115,4600,1,0
2024-12-05,P101,S3,120,4920,0,0
2024-12-05,P102,S1,122,4026,0,0
2024-12-05,P102,S2,121,2541,0,0
2024-12-05,P102,S3,133,3990,0,0
2024-12-05,P103,S1,95,2565,1,0
2024-12-05,P103,S2,115,2760,0,0
2024-12-05,P103,S3,122,3294,0,0
2024-12-05,P104,S1,128,4224,0,0
2024-12-05,P104,S2,156,4680,0,0
2024-12-05,P104,S3,134,5762,0,0
2024-12-05,P105,S1,107,4387,1,0
2024-12-05,P105,S2,119,3213,0,0
2024-12-05,P105,S3,128,3200,1,0
2024-12-06,P101,S1,107,2568,0,0
2024-12-06,P101,S2,103,2987,0,0
2024-12-06,P101,S3,117,5031,0,0
2024-12-06,P102,S1,138,5520,1,0
2024-12-06,P102,S2,129,4773,0,0
2024-12-06,P102,S3,108,4320,1,0
2024-12-06,P103,S1,115,3680,0,0
2024-12-06,P103,S2,138,4830,0,0
2024-12-06,P103,S3,98,2352,0,0
2024-12-06,P104,S1,115,4600,0,0
2024-12-06,P104,S2,149,6407,0,0
2024-12-06,P104,S3,139,2919,0,0
2024-12-06,P105,S1,123,4428,1,0
2024-12-06,P105,S2,156,4992,0,0
2024-12-06,P105,S3,146,6132,0,0
2024-12-07,P101,S1,143,3432,1,0
2024-12-07,P101,S2,150,3600,0,0
2024-12-07,P101,S3,122,4392,0,0
2024-12-07,P102,S1,127,2540,1,0
2024-12-07,P102,S2,156,5616,0,0
2024-12-07,P102,S3,125,4250,0,0
2024-12-07,P103,S1,141,3666,0,0
2024-12-07,P103,S2,148,5920,0,0
2024-12-07,P103,S3,139,6811,0,0
2024-12-07,P104,S1,148,6364,0,0
2024-12-07,P104,S2,148,4736,0,0
2024-12-07,P104,S3,129,3741,0,0
2024-12-07,P105,S1,126,4914,0,0
2024-12-07,P105,S2,155,5890,0,0
2024-12-07,P105,S3,143,6006,0,0
2024-12-08,P101,S1,147,5439,1,1
2024-12-08,P101,S2,165,5610,1,1
2024-12-08,P101,S3,149,4321,0,1
2024-12-08,P102,S1,147,3675,0,1
2024-12-08,P102,S2,141,5922,1,1
2024-12-08,P102,S3,140,5600,1,1
2024-12-08,P103,S1,145,5945,0,1
2024-12-08,P103,S2,144,2880,0,1
2024-12-08,P103,S3,128,3968,1,1
2024-12-08,P104,S1,142,4260,1,1
2024-12-08,P104,S2,139,3892,1,1
2024-12-08,P104,S3,172,6880,0,1
2024-12-08,P105,S1,152,7448,1,1
2024-12-08,P105,S2,153,3060,1,1
2024-12-08,P105,S3,151,4681,1,1
2024-12-09,P101,S1,105,5145,1,0
2024-12-09,P101,S2,131,3537,1,0
2024-12-09,P101,S3,140,6580,0,0
2024-12-09,P102,S1,123,5781,1,0
2024-12-09,P102,S2,139,5282,0,0
2024-12-09,P102,S3,122,5734,0,0
2024-12-09,P103,S1,128,3584,0,0
2024-12-09,P103,S2,128,3456,1,0
2024-12-09,P103,S3,142,3266,0,0
2024-12-09,P104,S1,129,2967,0,0
2024-12-09,P104,S2,115,2645,0,0
2024-12-09,P104,S3,129,5676,1,0
2024-12-09,P105,S1,137,3014,0,0
2024-12-09,P105,S2,116,3480,0,0
2024-12-09,P105,S3,143,4147,0,0
2024-12-10,P101,S1,123,4428,1,0
2024-12-10,P101,S2,130,5330,0,0
2024-12-10,P101,S3,141,3807,0,0
2024-12-10,P102,S1,123,3321,0,0
2024-12-10,P102,S2,139,5699,1,0
2024-12-10,P102,S3,123,3936,1,0
2024-12-10,P103,S1,115,5175,0,0
2024-12-10,P103,S2,94,2538,0,0
2024-12-10,P103,S3,121,5808,0,0
2024-12-10,P104,S1,134,5360,0,0
2024-12-10,P104,S2,119,2975,0,0
2024-12-10,P104,S3,119,5831,0,0
2024-12-10,P105,S1,133,3325,0,0
2024-12-10,P105,S2,132,5808,0,0
2024-12-10,P105,S3,134,5896,0,0
2024-12-11,P101,S1,143,3575,1,0
2024-12-11,P101,S2,114,5016,0,0
2024-12-11,P101,S3,104,2392,0,0
2024-12-11,P102,S1,161,4508,0,0
2024-12-11,P102,S2,126,2646,0,0
2024-12-11,P102,S3,123,2706,1,0
2024-12-11,P103,S1,156,3120,1,0
2024-12-11,P103,S2,154,5236,1,0
2024-12-11,P103,S3,142,4686,1,0
2024-12-11,P104,S1,131,5633,0,0
2024-12-11,P104,S2,113,2373,0,0
2024-12-11,P104,S3,100,4200,0,0
2024-12-11,P105,S1,105,3570,0,0
2024-12-11,P105,S2,100,3800,0,0
2024-12-11,P105,S3,121,4477,0,0
2024-12-12,P101,S1,110,4950,0,0
2024-12-12,P101,S2,157,3925,0,0
2024-12-12,P101,S3,147,4851,0,0
2024-12-12,P102,S1,129,5934,0,0
2024-12-12,P102,S2,130,5980,0,0
2024-12-12,P102,S3,145,6960,0,0
2024-12-12,P103,S1,124,4836,0,0
2024-12-12,P103,S2,112,4704,0,0
2024-12-12,P103,S3,125,3125,0,0
2024-12-12,P104,S1,129,5547,0,0
2024-12-12,P104,S2,125,5375,0,0
2024-12-12,P104,S3,135,3510,0,0
2024-12-12,P105,S1,134,2680,1,0
2024-12-12,P105,S2,121,4961,1,0
2024-12-12,P105,S3,118,2478,0,0
2024-12-13,P101,S1,111,2553,0,0
2024-12-13,P101,S2,158,6952,0,0
2024-12-13,P101,S3,94,2726,1,0
2024-12-13,P102,S1,96,4224,1,0
2024-12-13,P102,S2,117,2691,0,0
2024-12-13,P102,S3,150,6300,0,0
2024-12-13,P103,S1,125,3875,0,0
2024-12-13,P103,S2,139,5838,0,0
2024-12-13,P103,S3,131,4192,0,0
2024-12-13,P104,S1,131,4978,0,0
2024-12-13,P104,S2,125,2750,1,0
2024-12-13,P104,S3,127,5969,0,0
2024-12-13,P105,S1,130,6110,0,0
2024-12-13,P105,S2,114,4332,0,0
2024-12-13,P105,S3,126,2772,1,0
2024-12-14,P101,S1,108,3456,1,0
2024-12-14,P101,S2,153,4437,0,0
2024-12-14,P101,S3,145,6235,0,0
2024-12-14,P102,S1,158,5056,0,0
2024-12-14,P102,S2,149,5513,0,0
2024-12-14,P102,S3,124,5704,0,0
2024-12-14,P103,S1,146,5694,0,0
2024-12-14,P103,S2,154,3542,0,0
2024-12-14,P103,S3,111,3330,1,0
2024-12-14,P104,S1,145,3915,0,0
2024-12-14,P104,S2,125,3625,1,0
2024-12-14,P104,S3,148,4588,0,0
2024-12-14,P105,S1,157,4867,0,0
2024-12-14,P105,S2,142,4118,0,0
2024-12-14,P105,S3,128,5248,0,0
2024-12-15,P101,S1,170,4420,0,1
2024-12-15,P101,S2,138,2898,0,1
2024-12-15,P101,S3,146,3358,0,1
2024-12-15,P102,S1,138,3450,1,1
2024-12-15,P102,S2,142,4970,1,1
2024-12-15,P102,S3,147,5292,1,1
2024-12-15,P103,S1,163,7335,1,1
2024-12-15,P103,S2,155,3720,0,1
2024-12-15,P103,S3,160,7680,0,1
2024-12-15,P104,S1,130,4680,0,1
2024-12-15,P104,S2,141,4653,0,1
2024-12-15,P104,S3,137,4384,0,1
2024-12-15,P105,S1,160,6880,0,1
2024-12-15,P105,S2,141,4371,0,1
2024-12-15,P105,S3,157,3768,1,1
2024-12-16,P101,S1,108,3456,0,0
2024-12-16,P101,S2,109,5123,0,0
2024-12-16,P101,S3,110,4730,1,0
2024-12-16,P102,S1,130,4550,0,0
2024-12-16,P102,S2,135,5670,0,0
2024-12-16,P102,S3,96,3552,0,0
2024-12-16,P103,S1,139,4587,1,0
2024-12-16,P103,S2,155,5735,0,0
2024-12-16,P103,S3,134,4824,0,0
2024-12-16,P104,S1,123,3075,0,0
2024-12-16,P104,S2,110,3740,0,0
2024-12-16,P104,S3,120,2520,0,0
2024-12-16,P105,S1,139,3892,0,0
2024-12-16,P105,S2,120,5400,0,0
2024-12-16,P105,S3,104,2392,0,0
2024-12-17,P101,S1,140,5880,0,0
2024-12-17,P101,S2,140,6300,0,0
2024-12-17,P101,S3,110,4730,1,0
2024-12-17,P102,S1,133,3591,1,0
2024-12-17,P102,S2,127,3429,1,0
2024-12-17,P102,S3,149,4470,1,0
2024-12-17,P103,S1,159,4929,0,0
2024-12-17,P103,S2,109,2725,1,0
2024-12-17,P103,S3,121,3872,1,0
2024-12-17,P104,S1,88,2024,1,0
2024-12-17,P104,S2,132,5544,0,0
2024-12-17,P104,S3,113,4972,1,0
2024-12-17,P105,S1,113,3503,1,0
2024-12-17,P105,S2,139,3475,1,0
2024-12-17,P105,S3,133,3325,1,0
2024-12-18,P101,S1,112,3136,0,0
2024-12-18,P101,S2,116,2552,0,0
2024-12-18,P101,S3,141,6345,0,0
2024-12-18,P102,S1,132,3036,0,0
2024-12-18,P102,S2,134,3484,0,0
2024-12-18,P102,S3,104,2392,0,0
2024-12-18,P103,S1,138,5520,0,0
2024-12-18,P103,S2,132,2772,0,0
2024-12-18,P103,S3,122,4880,0,0
2024-12-18,P104,S1,116,4524,0,0
2024-12-18,P104,S2,138,4968,0,0
2024-12-18,P104,S3,132,6468,0,0
2024-12-18,P105,S1,120,4920,0,0
2024-12-18,P105,S2,94,3102,0,0
2024-12-18,P105,S3,125,4750,0,0
2024-12-19,P101,S1,113,5537,0,0
2024-12-19,P101,S2,120,5040,1,0
2024-12-19,P101,S3,112,5152,0,0
2024-12-19,P102,S1,116,2900,0,0
2024-12-19,P102,S2,133,3724,0,0
2024-12-19,P102,S3,109,3597,0,0
2024-12-19,P103,S1,124,5208,0,0
2024-12-19,P103,S2,130,4290,1,0
2024-12-19,P103,S3,132,3960,0,0
2024-12-19,P104,S1,97,2619,1,0
2024-12-19,P104,S2,145,6960,0,0
2024-12-19,P104,S3,141,6909,0,0
2024-12-19,P105,S1,136,6528,0,0
2024-12-19,P105,S2,138,4140,1,0
2024-12-19,P105,S3,110,4620,0,0
2024-12-20,P101,S1,135,6480,0,0
2024-12-20,P101,S2,136,5848,0,0
2024-12-20,P101,S3,118,4484,0,0
2024-12-20,P102,S1,122,5734,0,0
2024-12-20,P102,S2,147,3528,0,0
2024-12-20,P102,S3,118,5664,1,0
2024-12-20,P103,S1,114,4788,0,0
2024-12-20,P103,S2,134,5360,0,0
2024-12-20,P103,S3,129,5418,0,0
2024-12-20,P104,S1,104,3848,0,0
2024-12-20,P104,S2,146,4672,0,0
2024-12-20,P104,S3,109,2834,0,0
2024-12-20,P105,S1,87,3480,0,0
2024-12-20,P105,S2,146,5110,0,0
2024-12-20,P105,S3,131,5502,0,0
2024-12-21,P101,S1,148,2960,1,0
2024-12-21,P101,S2,158,7110,1,0
2024-12-21,P101,S3,150,7200,0,0
2024-12-21,P102,S1,163,6520,0,0
2024-12-21,P102,S2,149,6109,1,0
2024-12-21,P102,S3,157,4239,1,0
2024-12-21,P103,S1,147,6468,1,0
2024-12-21,P103,S2,168,8064,0,0
2024-12-21,P103,S3,168,7224,0,0
2024-12-21,P104,S1,143,3575,1,0
2024-12-21,P104,S2,164,3280,1,0
2024-12-21,P104,S3,117,2457,0,0
2024-12-21,P105,S1,166,7470,1,0
2024-12-21,P105,S2,171,7524,0,0
2024-12-21,P105,S3,120,4200,0,0
2024-12-22,P101,S1,159,6996,1,1
2024-12-22,P101,S2,163,6031,0,1
2024-12-22,P101,S3,136,4624,0,1
2024-12-22,P102,S1,149,4768,0,1
2024-12-22,P102,S2,147,4851,1,1
2024-12-22,P102,S3,153,5049,1,1
2024-12-22,P103,S1,164,5412,0,1
2024-12-22,P103,S2,156,7176,0,1
2024-12-22,P103,S3,144,4464,1,1
2024-12-22,P104,S1,108,3456,0,1
2024-12-22,P104,S2,146,5402,1,1
2024-12-22,P104,S3,160,4000,0,1
2024-12-22,P105,S1,127,4191,1,1
2024-12-22,P105,S2,151,3020,0,1
2024-12-22,P105,S3,166,6640,0,1
2024-12-23,P101,S1,135,4860,1,0
2024-12-23,P101,S2,140,6580,0,0
2024-12-23,P101,S3,118,3540,0,0
2024-12-23,P102,S1,134,5226,0,0
2024-12-23,P102,S2,123,2952,0,0
2024-12-23,P102,S3,119,4879,0,0
2024-12-23,P103,S1,134,4690,0,0
2024-12-23,P103,S2,107,4173,0,0
2024-12-23,P103,S3,115,2875,0,0
2024-12-23,P104,S1,110,5280,0,0
2024-12-23,P104,S2,123,2583,0,0
2024-12-23,P104,S3,129,6321,1,0
2024-12-23,P105,S1,126,5670,0,0
2024-12-23,P105,S2,110,4510,1,0
2024-12-23,P105,S3,123,3690,0,0
2024-12-24,P101,S1,133,6251,0,0
2024-12-24,P101,S2,121,3025,0,0
2024-12-24,P101,S3,141,6345,0,0
2024-12-24,P102,S1,108,2700,1,0
2024-12-24,P102,S2,136,5712,0,0
2024-12-24,P102,S3,122,4392,0,0
2024-12-24,P103,S1,129,4128,0,0
2024-12-24,P103,S2,111,3552,0,0
2024-12-24,P103,S3,120,4080,0,0
2024-12-24,P104,S1,141,6627,0,0
2024-12-24,P104,S2,143,5148,0,0
2024-12-24,P104,S3,127,5080,0,0
2024-12-24,P105,S1,138,3864,0,0
2024-12-24,P105,S2,123,5043,0,0
2024-12-24,P105,S3,90,2880,1,0
2024-12-25,P101,S1,108,4212,0,0
2024-12-25,P101,S2,118,5546,0,0
2024-12-25,P101,S3,139,3336,1,0
2024-12-25,P102,S1,116,3828,0,0
2024-12-25,P102,S2,118,4956,0,0
2024-12-25,P102,S3,117,2925,1,0
2024-12-25,P103,S1,126,5796,0,0
2024-12-25,P103,S2,125,3000,0,0
2024-12-25,P103,S3,124,2852,0,0
2024-12-25,P104,S1,144,4032,0,0
2024-12-25,P104,S2,124,2976,1,0
2024-12-25,P104,S3,114,2622,0,0
2024-12-25,P105,S1,107,2996,1,0
2024-12-25,P105,S2,143,4719,0,0
2024-12-25,P105,S3,133,6118,1,0
2024-12-26,P101,S1,123,3567,0,0
2024-12-26,P101,S2,101,2626,0,0
2024-12-26,P101,S3,121,4840,1,0
2024-12-26,P102,S1,95,3895,0,0
2024-12-26,P102,S2,122,4392,0,0
2024-12-26,P102,S3,128,6144,1,0
2024-12-26,P103,S1,140,5460,0,0
2024-12-26,P103,S2,143,4004,0,0
2024-12-26,P103,S3,166,7470,1,0
2024-12-26,P104,S1,118,2832,0,0
2024-12-26,P104,S2,111,4551,0,0
2024-12-26,P104,S3,142,5822,0,0
2024-12-26,P105,S1,109,3815,1,0
2024-12-26,P105,S2,121,3509,0,0
2024-12-26,P105,S3,108,2376,0,0
2024-12-27,P101,S1,118,3304,0,0
2024-12-27,P101,S2,135,4455,0,0
2024-12-27,P101,S3,120,4680,0,0
2024-12-27,P102,S1,125,2500,1,0
2024-12-27,P102,S2,102,2244,0,0
2024-12-27,P102,S3,141,3102,0,0
2024-12-27,P103,S1,129,2838,0,0
2024-12-27,P103,S2,134,4824,0,0
2024-12-27,P103,S3,135,5535,0,0
2024-12-27,P104,S1,141,6486,1,0
2024-12-27,P104,S2,114,3990,0,0
2024-12-27,P104,S3,111,4218,0,0
2024-12-27,P105,S1,115,5060,1,0
2024-12-27,P105,S2,109,3488,1,0
2024-12-27,P105,S3,106,4240,1,0
2024-12-28,P101,S1,162,3564,0,0
2024-12-28,P101,S2,131,5633,1,0
2024-12-28,P101,S3,129,3483,0,0
2024-12-28,P102,S1,134,4556,1,0
2024-12-28,P102,S2,130,5590,1,0
2024-12-28,P102,S3,161,5152,0,0
2024-12-28,P103,S1,175,6475,0,0
2024-12-28,P103,S2,156,5616,0,0
2024-12-28,P103,S3,113,4407,0,0
2024-12-28,P104,S1,153,3978,0,0
2024-12-28,P104,S2,147,3381,0,0
2024-12-28,P104,S3,125,3375,0,0
2024-12-28,P105,S1,146,7154,0,0
2024-12-28,P105,S2,175,8050,0,0
2024-12-28,P105,S3,154,4004,1,0
2024-12-29,P101,S1,144,4032,0,1
2024-12-29,P101,S2,129,3354,0,1
2024-12-29,P101,S3,157,6437,0,1
2024-12-29,P102,S1,122,2806,1,1
2024-12-29,P102,S2,114,4446,0,1
2024-12-29,P102,S3,140,5880,1,1
2024-12-29,P103,S1,127,2540,0,1
2024-12-29,P103,S2,147,3381,1,1
2024-12-29,P103,S3,150,5400,0,1
2024-12-29,P104,S1,165,4785,0,1
2024-12-29,P104,S2,131,4061,0,1
2024-12-29,P104,S3,142,5112,1,1
2024-12-29,P105,S1,138,6072,0,1
2024-12-29,P105,S2,144,5040,1,1
2024-12-29,P105,S3,131,5240,0,1
2024-12-30,P101,S1,132,4356,0,0
2024-12-30,P101,S2,126,4788,1,0
2024-12-30,P101,S3,115,4485,1,0
2024-12-30,P102,S1,81,3159,0,0
2024-12-30,P102,S2,113,3729,0,0
2024-12-30,P102,S3,114,4218,1,0
2024-12-30,P103,S1,129,4257,1,0
2024-12-30,P103,S2,111,5328,1,0
2024-12-30,P103,S3,113,3164,0,0
2024-12-30,P104,S1,114,4788,1,0
2024-12-30,P104,S2,132,4356,0,0
2024-12-30,P104,S3,150,6450,0,0
2024-12-30,P105,S1,134,5762,1,0
2024-12-30,P105,S2,107,2354,0,0
2024-12-30,P105,S3,138,6624,0,0
2024-12-31,P101,S1,100,4900,0,0
2024-12-31,P101,S2,117,3861,1,0
2024-12-31,P101,S3,116,3364,0,0
2024-12-31,P102,S1,143,4719,1,0
2024-12-31,P102,S2,136,6120,1,0
2024-12-31,P102,S3,129,4386,0,0
2024-12-31,P103,S1,111,4329,0,0
2024-12-31,P103,S2,130,5070,0,0
2024-12-31,P103,S3,138,3312,0,0
2024-12-31,P104,S1,135,5535,0,0
2024-12-31,P104,S2,118,2832,0,0
2024-12-31,P104,S3,125,4000,0,0
2024-12-31,P105,S1,127,3556,0,0
2024-12-31,P105,S2,123,5166,0,0
2024-12-31,P105,S3,127,6223,0,0
